지역코드,지역명,연도,총인구,청년인구,고령인구,고령화율,청년비율
11110,종로구,2016,152737.0,44333.0,24950.0,16.34,29.03
11110,종로구,2017,154770.0,45340.0,26030.0,16.82,29.3
11110,종로구,2018,153065.0,44996.0,26572.0,17.36,29.4
11110,종로구,2019,151290.0,43948.0,27318.0,18.06,29.05
11110,종로구,2020,149384.0,43359.0,28311.0,18.95,29.03
11110,종로구,2021,144683.0,42272.0,27609.0,19.08,29.22
11110,종로구,2022,141379.0,41626.0,27704.0,19.6,29.44
11110,종로구,2023,139417.0,40818.0,28500.0,20.44,29.28
11110,종로구,2024,138336.0,40717.0,29574.0,21.38,29.43
11110,종로구,2025,137048.0,40075.0,30664.0,22.37,29.24
11140,중구,2016,125249.0,38184.0,20388.0,16.28,30.49
11140,중구,2017,125709.0,38497.0,21148.0,16.82,30.62
11140,중구,2018,125725.0,39037.0,21750.0,17.3,31.05
11140,중구,2019,126171.0,39135.0,22974.0,18.21,31.02
11140,중구,2020,125240.0,38693.0,24174.0,19.3,30.9
11140,중구,2021,122499.0,38195.0,24037.0,19.62,31.18
11140,중구,2022,120437.0,37480.0,24660.0,20.48,31.12
11140,중구,2023,121312.0,38401.0,25525.0,21.04,31.65
11140,중구,2024,120544.0,38373.0,26408.0,21.91,31.83
11140,중구,2025,117805.0,36938.0,27157.0,23.05,31.36
11170,용산구,2016,230241.0,69448.0,35547.0,15.44,30.16
11170,용산구,2017,229161.0,70009.0,36488.0,15.92,30.55
11170,용산구,2018,228999.0,70800.0,37212.0,16.25,30.92
11170,용산구,2019,228670.0,70870.0,38346.0,16.77,30.99
11170,용산구,2020,230040.0,71554.0,39779.0,17.29,31.11
11170,용산구,2021,222953.0,70497.0,38552.0,17.29,31.62
11170,용산구,2022,218650.0,69850.0,38478.0,17.6,31.95
11170,용산구,2023,213151.0,67513.0,39239.0,18.41,31.67
11170,용산구,2024,203854.0,64561.0,38894.0,19.08,31.67
11170,용산구,2025,201894.0,63815.0,39913.0,19.77,31.61
11200,성동구,2016,299259.0,95682.0,39140.0,13.08,31.97
11200,성동구,2017,304808.0,98336.0,41152.0,13.5,32.26
11200,성동구,2018,308221.0,100256.0,42629.0,13.83,32.53
11200,성동구,2019,300889.0,96949.0,43796.0,14.56,32.22
11200,성동구,2020,293556.0,93948.0,45435.0,15.48,32.0
11200,성동구,2021,285990.0,90278.0,46201.0,16.15,31.57
11200,성동구,2022,281000.0,87808.0,47530.0,16.91,31.25
11200,성동구,2023,277361.0,86643.0,49260.0,17.76,31.24
11200,성동구,2024,273669.0,85377.0,51030.0,18.65,31.2
11200,성동구,2025,274606.0,86149.0,53232.0,19.38,31.37
11215,광진구,2016,357215.0,121258.0,41292.0,11.56,33.95
11215,광진구,2017,357703.0,121747.0,43790.0,12.24,34.04
11215,광진구,2018,355559.0,121703.0,45432.0,12.78,34.23
11215,광진구,2019,351350.0,119926.0,47681.0,13.57,34.13
11215,광진구,2020,346682.0,118923.0,50311.0,14.51,34.3
11215,광진구,2021,339996.0,116331.0,51450.0,15.13,34.22
11215,광진구,2022,337416.0,114921.0,53737.0,15.93,34.06
11215,광진구,2023,335554.0,113792.0,56461.0,16.83,33.91
11215,광진구,2024,331963.0,112241.0,59334.0,17.87,33.81
11215,광진구,2025,331167.0,111662.0,62317.0,18.82,33.72
11230,동대문구,2016,355069.0,109441.0,53301.0,15.01,30.82
11230,동대문구,2017,350647.0,107293.0,55547.0,15.84,30.6
11230,동대문구,2018,348052.0,107078.0,56991.0,16.37,30.76
11230,동대문구,2019,346194.0,106486.0,59170.0,17.09,30.76
11230,동대문구,2020,342837.0,106506.0,61612.0,17.97,31.07
11230,동대문구,2021,337400.0,105294.0,62009.0,18.38,31.21
11230,동대문구,2022,336644.0,104796.0,64255.0,19.09,31.13
11230,동대문구,2023,341149.0,106334.0,66790.0,19.58,31.17
11230,동대문구,2024,338735.0,105688.0,69314.0,20.46,31.2
11230,동대문구,2025,346241.0,109006.0,72487.0,20.94,31.48
11260,중랑구,2016,411005.0,123469.0,55842.0,13.59,30.04
11260,중랑구,2017,408226.0,121767.0,59189.0,14.5,29.83
11260,중랑구,2018,403209.0,119667.0,61748.0,15.31,29.68
11260,중랑구,2019,397015.0,115773.0,65065.0,16.39,29.16
11260,중랑구,2020,394702.0,114236.0,69341.0,17.57,28.94
11260,중랑구,2021,387350.0,111153.0,71560.0,18.47,28.7
11260,중랑구,2022,385318.0,110000.0,74790.0,19.41,28.55
11260,중랑구,2023,382155.0,107859.0,78791.0,20.62,28.22
11260,중랑구,2024,379274.0,105808.0,83299.0,21.96,27.9
11260,중랑구,2025,376916.0,103776.0,87928.0,23.33,27.53
11290,성북구,2016,450355.0,131558.0,63878.0,14.18,29.21
11290,성북구,2017,444055.0,128328.0,66121.0,14.89,28.9
11290,성북구,2018,435868.0,125598.0,67646.0,15.52,28.82
11290,성북구,2019,442650.0,128311.0,70699.0,15.97,28.99
11290,성북구,2020,437153.0,126815.0,73613.0,16.84,29.01
11290,성북구,2021,430528.0,123995.0,74545.0,17.31,28.8
11290,성북구,2022,430397.0,123058.0,77293.0,17.96,28.59
11290,성북구,2023,425602.0,120806.0,80232.0,18.85,28.38
11290,성북구,2024,421560.0,119331.0,83353.0,19.77,28.31
11290,성북구,2025,422559.0,119567.0,87297.0,20.66,28.3
11305,강북구,2016,327195.0,90832.0,53964.0,16.49,27.76
11305,강북구,2017,324479.0,89383.0,56437.0,17.39,27.55
11305,강북구,2018,319164.0,87288.0,58103.0,18.2,27.35
11305,강북구,2019,313954.0,84385.0,60474.0,19.26,26.88
11305,강북구,2020,308055.0,81701.0,63313.0,20.55,26.52
11305,강북구,2021,299182.0,78121.0,64218.0,21.46,26.11
11305,강북구,2022,293660.0,75770.0,66170.0,22.53,25.8
11305,강북구,2023,288113.0,73152.0,68473.0,23.77,25.39
11305,강북구,2024,283597.0,70804.0,71227.0,25.12,24.97
11305,강북구,2025,278928.0,68604.0,74210.0,26.61,24.6
11320,도봉구,2016,348220.0,96133.0,50466.0,14.49,27.61
11320,도봉구,2017,344166.0,93909.0,53445.0,15.53,27.29
11320,도봉구,2018,339413.0,91627.0,55926.0,16.48,27.0
11320,도봉구,2019,333362.0,88298.0,58664.0,17.6,26.49
11320,도봉구,2020,325257.0,84405.0,62009.0,19.06,25.95
11320,도봉구,2021,317366.0,80742.0,64114.0,20.2,25.44
11320,도봉구,2022,311694.0,77691.0,66942.0,21.48,24.93
11320,도봉구,2023,306948.0,75046.0,70374.0,22.93,24.45
11320,도봉구,2024,303228.0,73057.0,74149.0,24.45,24.09
11320,도봉구,2025,299899.0,70598.0,78244.0,26.09,23.54
11350,노원구,2016,567581.0,156929.0,70819.0,12.48,27.65
11350,노원구,2017,554403.0,151416.0,74178.0,13.38,27.31
11350,노원구,2018,543752.0,147747.0,77032.0,14.17,27.17
11350,노원구,2019,532905.0,141911.0,80854.0,15.17,26.63
11350,노원구,2020,523037.0,137922.0,85420.0,16.33,26.37
11350,노원구,2021,510956.0,133094.0,88271.0,17.28,26.05
11350,노원구,2022,503734.0,129745.0,91946.0,18.25,25.76
11350,노원구,2023,498213.0,127323.0,96309.0,19.33,25.56
11350,노원구,2024,491247.0,124945.0,100467.0,20.45,25.43
11350,노원구,2025,483541.0,122213.0,104661.0,21.64,25.27
11380,은평구,2016,491476.0,141195.0,71304.0,14.51,28.73
11380,은평구,2017,486794.0,138420.0,74400.0,15.28,28.44
11380,은평구,2018,483197.0,137179.0,77263.0,15.99,28.39
11380,은평구,2019,480032.0,135651.0,80567.0,16.78,28.26
11380,은평구,2020,479835.0,135560.0,85010.0,17.72,28.25
11380,은평구,2021,473307.0,132309.0,87038.0,18.39,27.95
11380,은평구,2022,466746.0,128970.0,89422.0,19.16,27.63
11380,은평구,2023,466770.0,128148.0,93565.0,20.05,27.45
11380,은평구,2024,460919.0,125607.0,97788.0,21.22,27.25
11380,은평구,2025,455137.0,122579.0,102219.0,22.46,26.93
11410,서대문구,2016,314194.0,95337.0,47303.0,15.06,30.34
11410,서대문구,2017,312800.0,94398.0,48898.0,15.63,30.18
11410,서대문구,2018,310313.0,93953.0,50045.0,16.13,30.28
11410,서대문구,2019,309397.0,93515.0,51645.0,16.69,30.22
11410,서대문구,2020,312173.0,95465.0,53756.0,17.22,30.58
11410,서대문구,2021,304819.0,93131.0,53822.0,17.66,30.55
11410,서대문구,2022,306337.0,93274.0,55502.0,18.12,30.45
11410,서대문구,2023,306231.0,93339.0,57588.0,18.81,30.48
11410,서대문구,2024,302853.0,91643.0,59685.0,19.71,30.26
11410,서대문구,2025,300147.0,89944.0,61941.0,20.64,29.97
11440,마포구,2016,379892.0,127897.0,48060.0,12.65,33.67
11440,마포구,2017,374915.0,125812.0,49356.0,13.16,33.56
11440,마포구,2018,375077.0,126524.0,50544.0,13.48,33.73
11440,마포구,2019,374035.0,126381.0,52104.0,13.93,33.79
11440,마포구,2020,371890.0,126390.0,54002.0,14.52,33.99
11440,마포구,2021,368905.0,124950.0,54231.0,14.7,33.87
11440,마포구,2022,364638.0,123105.0,55533.0,15.23,33.76
11440,마포구,2023,363697.0,122707.0,57504.0,15.81,33.74
11440,마포구,2024,361417.0,121678.0,59612.0,16.49,33.67
11440,마포구,2025,357616.0,119319.0,61725.0,17.26,33.37
11470,양천구,2016,477739.0,131503.0,51957.0,10.88,27.53
11470,양천구,2017,471154.0,128108.0,55136.0,11.7,27.19
11470,양천구,2018,464185.0,124770.0,57941.0,12.48,26.88
11470,양천구,2019,458165.0,120799.0,61147.0,13.35,26.37
11470,양천구,2020,454251.0,117594.0,65541.0,14.43,25.89
11470,양천구,2021,447302.0,113045.0,68483.0,15.31,25.27
11470,양천구,2022,440881.0,108992.0,72235.0,16.38,24.72
11470,양천구,2023,436028.0,105596.0,76126.0,17.46,24.22
11470,양천구,2024,430976.0,102367.0,80174.0,18.6,23.75
11470,양천구,2025,425088.0,98536.0,84351.0,19.84,23.18
11500,강서구,2016,595485.0,192884.0,70889.0,11.9,32.39
11500,강서구,2017,601691.0,195988.0,75845.0,12.61,32.57
11500,강서구,2018,596949.0,194095.0,79445.0,13.31,32.51
11500,강서구,2019,591796.0,190496.0,83839.0,14.17,32.19
11500,강서구,2020,580185.0,186053.0,88733.0,15.29,32.07
11500,강서구,2021,574315.0,183483.0,92336.0,16.08,31.95
11500,강서구,2022,569166.0,180321.0,96880.0,17.02,31.68
11500,강서구,2023,563058.0,175832.0,101808.0,18.08,31.23
11500,강서구,2024,556171.0,171740.0,107246.0,19.28,30.88
11500,강서구,2025,549711.0,167796.0,112966.0,20.55,30.52
11530,구로구,2016,417551.0,128841.0,55159.0,13.21,30.86
11530,구로구,2017,410742.0,124153.0,58213.0,14.17,30.23
11530,구로구,2018,404497.0,120717.0,61105.0,15.11,29.84
11530,구로구,2019,406664.0,120306.0,64932.0,15.97,29.58
11530,구로구,2020,404408.0,118562.0,69201.0,17.11,29.32
11530,구로구,2021,396754.0,114774.0,71445.0,18.01,28.93
11530,구로구,2022,395315.0,114396.0,74491.0,18.84,28.94
11530,구로구,2023,392405.0,111970.0,78377.0,19.97,28.53
11530,구로구,2024,388169.0,109296.0,82027.0,21.13,28.16
11530,구로구,2025,383829.0,107360.0,85949.0,22.39,27.97
11545,금천구,2016,235386.0,71323.0,31976.0,13.58,30.3
11545,금천구,2017,235154.0,71375.0,33842.0,14.39,30.35
11545,금천구,2018,233917.0,71802.0,35354.0,15.11,30.7
11545,금천구,2019,232810.0,71907.0,37196.0,15.98,30.89
11545,금천구,2020,231733.0,72608.0,39314.0,16.97,31.33
11545,금천구,2021,230811.0,73772.0,40442.0,17.52,31.96
11545,금천구,2022,229642.0,73852.0,42226.0,18.39,32.16
11545,금천구,2023,227481.0,72928.0,44531.0,19.58,32.06
11545,금천구,2024,225159.0,72088.0,47037.0,20.89,32.02
11545,금천구,2025,223290.0,71433.0,49561.0,22.2,31.99
11560,영등포구,2016,370613.0,120136.0,51186.0,13.81,32.42
11560,영등포구,2017,368550.0,119858.0,53299.0,14.46,32.52
11560,영등포구,2018,367778.0,121754.0,54906.0,14.93,33.11
11560,영등포구,2019,367678.0,122641.0,56957.0,15.49,33.36
11560,영등포구,2020,379480.0,128321.0,60663.0,15.99,33.81
11560,영등포구,2021,376837.0,128096.0,61295.0,16.27,33.99
11560,영등포구,2022,375675.0,127355.0,63349.0,16.86,33.9
11560,영등포구,2023,374794.0,127907.0,65843.0,17.57,34.13
11560,영등포구,2024,373773.0,128261.0,68568.0,18.34,34.32
11560,영등포구,2025,371362.0,126913.0,71314.0,19.2,34.18
11590,동작구,2016,400997.0,133589.0,55052.0,13.73,33.31
11590,동작구,2017,396217.0,130899.0,57071.0,14.4,33.04
11590,동작구,2018,396203.0,131277.0,59265.0,14.96,33.13
11590,동작구,2019,395963.0,130543.0,61994.0,15.66,32.97
11590,동작구,2020,391220.0,128641.0,64928.0,16.6,32.88
11590,동작구,2021,385483.0,125708.0,66320.0,17.2,32.61
11590,동작구,2022,380596.0,124057.0,67872.0,17.83,32.6
11590,동작구,2023,378769.0,123591.0,70089.0,18.5,32.63
11590,동작구,2024,375799.0,122911.0,72783.0,19.37,32.71
11590,동작구,2025,371924.0,121383.0,75541.0,20.31,32.64
11620,관악구,2016,506851.0,192261.0,66659.0,13.15,37.93
11620,관악구,2017,503297.0,192344.0,69729.0,13.85,38.22
11620,관악구,2018,501957.0,195488.0,71888.0,14.32,38.95
11620,관악구,2019,500094.0,196245.0,74787.0,14.95,39.24
11620,관악구,2020,495060.0,195916.0,78430.0,15.84,39.57
11620,관악구,2021,485699.0,193710.0,79371.0,16.34,39.88
11620,관악구,2022,486752.0,197561.0,81848.0,16.82,40.59
11620,관악구,2023,481956.0,195819.0,84762.0,17.59,40.63
11620,관악구,2024,477812.0,194667.0,88138.0,18.45,40.74
11620,관악구,2025,477605.0,195411.0,92078.0,19.28,40.91
11650,서초구,2016,447192.0,134071.0,50906.0,11.38,29.98
11650,서초구,2017,441102.0,129997.0,53119.0,12.04,29.47
11650,서초구,2018,433951.0,126320.0,54663.0,12.6,29.11
11650,서초구,2019,430826.0,123233.0,57036.0,13.24,28.6
11650,서초구,2020,425126.0,118315.0,60072.0,14.13,27.83
11650,서초구,2021,412279.0,111554.0,60574.0,14.69,27.06
11650,서초구,2022,404325.0,106786.0,62228.0,15.39,26.41
11650,서초구,2023,407664.0,106861.0,65541.0,16.08,26.21
11650,서초구,2024,408376.0,106089.0,68606.0,16.8,25.98
11650,서초구,2025,414428.0,105804.0,72156.0,17.41,25.53
11680,강남구,2016,567115.0,177897.0,61822.0,10.9,31.37
11680,강남구,2017,556164.0,171037.0,64946.0,11.68,30.75
11680,강남구,2018,542364.0,164159.0,66957.0,12.35,30.27
11680,강남구,2019,545169.0,161589.0,70896.0,13.0,29.64
11680,강남구,2020,539231.0,155778.0,74959.0,13.9,28.89
11680,강남구,2021,533042.0,148436.0,78078.0,14.65,27.85
11680,강남구,2022,529102.0,143644.0,81564.0,15.42,27.15
11680,강남구,2023,544873.0,146356.0,86434.0,15.86,26.86
11680,강남구,2024,557345.0,147595.0,91291.0,16.38,26.48
11680,강남구,2025,556330.0,143814.0,95349.0,17.14,25.85
11710,송파구,2016,657831.0,206243.0,70918.0,10.78,31.35
11710,송파구,2017,664496.0,208350.0,76442.0,11.5,31.35
11710,송파구,2018,666635.0,209280.0,81211.0,12.18,31.39
11710,송파구,2019,675961.0,210536.0,87182.0,12.9,31.15
11710,송파구,2020,667960.0,204709.0,93309.0,13.97,30.65
11710,송파구,2021,658338.0,197052.0,97503.0,14.81,29.93
11710,송파구,2022,658801.0,192901.0,103361.0,15.69,29.28
11710,송파구,2023,654166.0,189408.0,108643.0,16.61,28.95
11710,송파구,2024,650110.0,186936.0,113957.0,17.53,28.75
11710,송파구,2025,643350.0,182068.0,118935.0,18.49,28.3
11740,강동구,2016,444168.0,133231.0,53121.0,11.96,30.0
11740,강동구,2017,436223.0,129540.0,56080.0,12.86,29.7
11740,강동구,2018,427573.0,125445.0,58669.0,13.72,29.34
11740,강동구,2019,436067.0,126748.0,63341.0,14.53,29.07
11740,강동구,2020,459970.0,133543.0,69903.0,15.2,29.03
11740,강동구,2021,462664.0,131564.0,73943.0,15.98,28.44
11740,강동구,2022,460067.0,127332.0,78191.0,17.0,27.68
11740,강동구,2023,459167.0,125067.0,82815.0,18.04,27.24
11740,강동구,2024,476942.0,129145.0,89687.0,18.8,27.08
11740,강동구,2025,499127.0,133066.0,97907.0,19.62,26.66
26110,중구,2016,45208.0,11234.0,9700.0,21.46,24.85
26110,중구,2017,44218.0,10899.0,10082.0,22.8,24.65
26110,중구,2018,42795.0,10372.0,10380.0,24.26,24.24
26110,중구,2019,41910.0,10085.0,10744.0,25.64,24.06
26110,중구,2020,41523.0,10150.0,11315.0,27.25,24.44
26110,중구,2021,40524.0,10316.0,11206.0,27.65,25.46
26110,중구,2022,39689.0,10100.0,11468.0,28.89,25.45
26110,중구,2023,38619.0,9654.0,11866.0,30.73,25.0
26110,중구,2024,37537.0,9249.0,12167.0,32.41,24.64
26110,중구,2025,36518.0,8719.0,12471.0,34.15,23.88
26140,서구,2016,112973.0,27370.0,23906.0,21.16,24.23
26140,서구,2017,110039.0,26442.0,24462.0,22.23,24.03
26140,서구,2018,110534.0,26409.0,25205.0,22.8,23.89
26140,서구,2019,108229.0,25314.0,26069.0,24.09,23.39
26140,서구,2020,108135.0,24747.0,27346.0,25.29,22.89
26140,서구,2021,105164.0,23580.0,27529.0,26.18,22.42
26140,서구,2022,105192.0,23030.0,28432.0,27.03,21.89
26140,서구,2023,104089.0,22604.0,29273.0,28.12,21.72
26140,서구,2024,103188.0,21695.0,30420.0,29.48,21.02
26140,서구,2025,101892.0,20811.0,31668.0,31.08,20.42
26170,동구,2016,89826.0,21217.0,20334.0,22.64,23.62
26170,동구,2017,88868.0,20836.0,21076.0,23.72,23.45
26170,동구,2018,86912.0,20291.0,21407.0,24.63,23.35
26170,동구,2019,88165.0,20645.0,22257.0,25.24,23.42
26170,동구,2020,88901.0,20867.0,23381.0,26.3,23.47
26170,동구,2021,87679.0,20678.0,23760.0,27.1,23.58
26170,동구,2022,86462.0,20108.0,24354.0,28.17,23.26
26170,동구,2023,87792.0,20321.0,25093.0,28.58,23.15
26170,동구,2024,85911.0,19615.0,25661.0,29.87,22.83
26170,동구,2025,83851.0,18668.0,26104.0,31.13,22.26
26200,영도구,2016,126362.0,28800.0,27192.0,21.52,22.79
26200,영도구,2017,123521.0,27446.0,28293.0,22.91,22.22
26200,영도구,2018,120109.0,25868.0,29072.0,24.2,21.54
26200,영도구,2019,116711.0,24128.0,30116.0,25.8,20.67
26200,영도구,2020,113342.0,22600.0,31483.0,27.78,19.94
26200,영도구,2021,110638.0,21718.0,31981.0,28.91,19.63
26200,영도구,2022,108156.0,20480.0,32778.0,30.31,18.94
26200,영도구,2023,106548.0,19435.0,33675.0,31.61,18.24
26200,영도구,2024,103737.0,18215.0,34671.0,33.42,17.56
26200,영도구,2025,101580.0,17629.0,35615.0,35.06,17.35
26230,부산진구,2016,376526.0,107863.0,60541.0,16.08,28.65
26230,부산진구,2017,371703.0,106099.0,62942.0,16.93,28.54
26230,부산진구,2018,362357.0,101928.0,64599.0,17.83,28.13
26230,부산진구,2019,357880.0,99378.0,67133.0,18.76,27.77
26230,부산진구,2020,359886.0,100775.0,70896.0,19.7,28.0
26230,부산진구,2021,353159.0,98009.0,72339.0,20.48,27.75
26230,부산진구,2022,355917.0,98760.0,75685.0,21.26,27.75
26230,부산진구,2023,359508.0,99607.0,79321.0,22.06,27.71
26230,부산진구,2024,359281.0,99424.0,82839.0,23.06,27.67
26230,부산진구,2025,365378.0,100924.0,87363.0,23.91,27.62
26260,동래구,2016,272745.0,71076.0,40349.0,14.79,26.06
26260,동래구,2017,270727.0,69207.0,42697.0,15.77,25.56
26260,동래구,2018,266515.0,67382.0,44255.0,16.61,25.28
26260,동래구,2019,271247.0,67575.0,46863.0,17.28,24.91
26260,동래구,2020,270745.0,65760.0,49927.0,18.44,24.29
26260,동래구,2021,266866.0,62844.0,51829.0,19.42,23.55
26260,동래구,2022,273226.0,62664.0,54881.0,20.09,22.93
26260,동래구,2023,270815.0,59907.0,57512.0,21.24,22.12
26260,동래구,2024,274370.0,59796.0,60935.0,22.21,21.79
26260,동래구,2025,273277.0,57957.0,64095.0,23.45,21.21
26290,남구,2016,278779.0,72464.0,45778.0,16.42,25.99
26290,남구,2017,273854.0,69826.0,47964.0,17.51,25.5
26290,남구,2018,279917.0,71151.0,50151.0,17.92,25.42
26290,남구,2019,274480.0,68593.0,51717.0,18.84,24.99
26290,남구,2020,267731.0,65425.0,53898.0,20.13,24.44
26290,남구,2021,262069.0,62336.0,55386.0,21.13,23.79
26290,남구,2022,256333.0,59625.0,56961.0,22.22,23.26
26290,남구,2023,254185.0,58783.0,58953.0,23.19,23.13
26290,남구,2024,254498.0,58856.0,61542.0,24.18,23.13
26290,남구,2025,250668.0,56998.0,63975.0,25.52,22.74
26320,북구,2016,310202.0,85531.0,38522.0,12.42,27.57
26320,북구,2017,302924.0,82089.0,41000.0,13.53,27.1
26320,북구,2018,296952.0,78981.0,43125.0,14.52,26.6
26320,북구,2019,291132.0,75025.0,45908.0,15.77,25.77
26320,북구,2020,283952.0,71102.0,49304.0,17.36,25.04
26320,북구,2021,283211.0,69344.0,52506.0,18.54,24.48
26320,북구,2022,278857.0,66210.0,55768.0,20.0,23.74
26320,북구,2023,273596.0,62547.0,59154.0,21.62,22.86
26320,북구,2024,267692.0,59437.0,62708.0,23.43,22.2
26320,북구,2025,262862.0,56503.0,66932.0,25.46,21.5
26350,해운대구,2016,419853.0,108220.0,56854.0,13.54,25.78
26350,해운대구,2017,412039.0,103804.0,59949.0,14.55,25.19
26350,해운대구,2018,409347.0,102055.0,62825.0,15.35,24.93
26350,해운대구,2019,406102.0,99044.0,66218.0,16.31,24.39
26350,해운대구,2020,402169.0,95857.0,70306.0,17.48,23.84
26350,해운대구,2021,396438.0,91970.0,73306.0,18.49,23.2
26350,해운대구,2022,386785.0,86162.0,76256.0,19.72,22.28
26350,해운대구,2023,380448.0,82034.0,79666.0,20.94,21.56
26350,해운대구,2024,376404.0,79244.0,83543.0,22.2,21.05
26350,해운대구,2025,372604.0,76867.0,87737.0,23.55,20.63
26380,사하구,2016,334603.0,90495.0,46778.0,13.98,27.05
26380,사하구,2017,333301.0,89036.0,50261.0,15.08,26.71
26380,사하구,2018,327791.0,86355.0,52805.0,16.11,26.34
26380,사하구,2019,321004.0,81986.0,55964.0,17.43,25.54
26380,사하구,2020,311757.0,76805.0,59570.0,19.11,24.64
26380,사하구,2021,306003.0,73139.0,62278.0,20.35,23.9
26380,사하구,2022,301987.0,69956.0,65745.0,21.77,23.17
26380,사하구,2023,297831.0,66536.0,69050.0,23.18,22.34
26380,사하구,2024,292491.0,63232.0,72601.0,24.82,21.62
26380,사하구,2025,286222.0,59815.0,76444.0,26.71,20.9
26410,금정구,2016,244624.0,65802.0,39482.0,16.14,26.9
26410,금정구,2017,244469.0,65086.0,42011.0,17.18,26.62
26410,금정구,2018,242956.0,63852.0,44382.0,18.27,26.28
26410,금정구,2019,239062.0,61448.0,46642.0,19.51,25.7
26410,금정구,2020,232666.0,58537.0,48920.0,21.03,25.16
26410,금정구,2021,228049.0,56193.0,50401.0,22.1,24.64
26410,금정구,2022,221256.0,53042.0,52128.0,23.56,23.97
26410,금정구,2023,215590.0,50214.0,54066.0,25.08,23.29
26410,금정구,2024,209932.0,47914.0,56243.0,26.79,22.82
26410,금정구,2025,206588.0,46434.0,58583.0,28.36,22.48
26440,강서구,2016,108909.0,34216.0,12348.0,11.34,31.42
26440,강서구,2017,117382.0,36878.0,13205.0,11.25,31.42
26440,강서구,2018,122957.0,37776.0,14090.0,11.46,30.72
26440,강서구,2019,129566.0,38396.0,15183.0,11.72,29.63
26440,강서구,2020,137957.0,39643.0,16633.0,12.06,28.74
26440,강서구,2021,142918.0,39386.0,17845.0,12.49,27.56
26440,강서구,2022,143207.0,36932.0,18996.0,13.26,25.79
26440,강서구,2023,142396.0,34429.0,20180.0,14.17,24.18
26440,강서구,2024,142789.0,32953.0,21360.0,14.96,23.08
26440,강서구,2025,150299.0,34420.0,22908.0,15.24,22.9
26470,연제구,2016,207268.0,55185.0,31832.0,15.36,26.62
26470,연제구,2017,206742.0,55126.0,33600.0,16.25,26.66
26470,연제구,2018,207840.0,55144.0,35526.0,17.09,26.53
26470,연제구,2019,209395.0,54536.0,37891.0,18.1,26.04
26470,연제구,2020,209157.0,53325.0,40515.0,19.37,25.5
26470,연제구,2021,207144.0,51214.0,42313.0,20.43,24.72
26470,연제구,2022,203536.0,48661.0,44099.0,21.67,23.91
26470,연제구,2023,205766.0,49109.0,46217.0,22.46,23.87
26470,연제구,2024,212589.0,50397.0,48982.0,23.04,23.71
26470,연제구,2025,211727.0,49779.0,51244.0,24.2,23.51
26500,수영구,2016,179324.0,50404.0,30831.0,17.19,28.11
26500,수영구,2017,179996.0,50438.0,32621.0,18.12,28.02
26500,수영구,2018,176246.0,49104.0,33784.0,19.17,27.86
26500,수영구,2019,176148.0,48312.0,35661.0,20.24,27.43
26500,수영구,2020,176894.0,48226.0,37610.0,21.26,27.26
26500,수영구,2021,175095.0,47228.0,38971.0,22.26,26.97
26500,수영구,2022,174806.0,46784.0,40697.0,23.28,26.76
26500,수영구,2023,174518.0,45756.0,42528.0,24.37,26.22
26500,수영구,2024,171918.0,44214.0,44086.0,25.64,25.72
26500,수영구,2025,169112.0,42549.0,45673.0,27.01,25.16
26530,사상구,2016,232800.0,65246.0,30561.0,13.13,28.03
26530,사상구,2017,229219.0,63347.0,32715.0,14.27,27.64
26530,사상구,2018,223361.0,60375.0,34306.0,15.36,27.03
26530,사상구,2019,218094.0,57044.0,36409.0,16.69,26.16
26530,사상구,2020,212586.0,54156.0,38865.0,18.28,25.47
26530,사상구,2021,208298.0,51938.0,40878.0,19.62,24.93
26530,사상구,2022,203789.0,49537.0,42960.0,21.08,24.31
26530,사상구,2023,202932.0,48916.0,45700.0,22.52,24.1
26530,사상구,2024,198635.0,46762.0,48490.0,24.41,23.54
26530,사상구,2025,194124.0,44052.0,51544.0,26.55,22.69
26710,기장군,2016,158527.0,43592.0,21056.0,13.28,27.5
26710,기장군,2017,161651.0,42856.0,22649.0,14.01,26.51
26710,기장군,2018,164864.0,42405.0,24049.0,14.59,25.72
26710,기장군,2019,164716.0,40350.0,25348.0,15.39,24.5
26710,기장군,2020,174545.0,42026.0,27742.0,15.89,24.08
26710,기장군,2021,177125.0,40956.0,29357.0,16.57,23.12
26710,기장군,2022,178614.0,39774.0,31204.0,17.47,22.27
26710,기장군,2023,178729.0,38394.0,32945.0,18.43,21.48
26710,기장군,2024,175626.0,36343.0,34328.0,19.55,20.69
26710,기장군,2025,174898.0,34869.0,36479.0,20.86,19.94
27110,중구,2016,79712.0,22710.0,15343.0,19.25,28.49
27110,중구,2017,78986.0,22523.0,15531.0,19.66,28.52
27110,중구,2018,79401.0,23323.0,15566.0,19.6,29.37
27110,중구,2019,77421.0,22759.0,15597.0,20.15,29.4
27110,중구,2020,76547.0,22619.0,15928.0,20.81,29.55
27110,중구,2021,74791.0,21955.0,15696.0,20.99,29.36
27110,중구,2022,80199.0,23871.0,16107.0,20.08,29.76
27110,중구,2023,89064.0,27146.0,17113.0,19.21,30.48
27110,중구,2024,97711.0,30582.0,17988.0,18.41,31.3
27110,중구,2025,101007.0,31714.0,18570.0,18.38,31.4
27140,동구,2016,351352.0,93937.0,55767.0,15.87,26.74
27140,동구,2017,349379.0,91884.0,58893.0,16.86,26.3
27140,동구,2018,351291.0,91931.0,61656.0,17.55,26.17
27140,동구,2019,345469.0,88128.0,64014.0,18.53,25.51
27140,동구,2020,341920.0,85505.0,67439.0,19.72,25.01
27140,동구,2021,341436.0,83696.0,70449.0,20.63,24.51
27140,동구,2022,339530.0,81106.0,73354.0,21.6,23.89
27140,동구,2023,342813.0,80995.0,76756.0,22.39,23.63
27140,동구,2024,342339.0,80229.0,80902.0,23.63,23.44
27140,동구,2025,339281.0,78115.0,84594.0,24.93,23.02
27170,서구,2016,199507.0,51430.0,33038.0,16.56,25.78
27170,서구,2017,191992.0,48275.0,34758.0,18.1,25.14
27170,서구,2018,184372.0,45384.0,35821.0,19.43,24.62
27170,서구,2019,175277.0,41395.0,36752.0,20.97,23.62
27170,서구,2020,170700.0,39116.0,38587.0,22.61,22.92
27170,서구,2021,164528.0,36612.0,39578.0,24.06,22.25
27170,서구,2022,159827.0,34418.0,40897.0,25.59,21.53
27170,서구,2023,164088.0,35655.0,42936.0,26.17,21.73
27170,서구,2024,163135.0,34933.0,45225.0,27.72,21.41
27170,서구,2025,163956.0,34368.0,47318.0,28.86,20.96
27200,남구,2016,156433.0,41610.0,29974.0,19.16,26.6
27200,남구,2017,152845.0,39956.0,31132.0,20.37,26.14
27200,남구,2018,150501.0,38906.0,32158.0,21.37,25.85
27200,남구,2019,148113.0,37946.0,32987.0,22.27,25.62
27200,남구,2020,146632.0,37635.0,34187.0,23.31,25.67
27200,남구,2021,143175.0,36448.0,34614.0,24.18,25.46
27200,남구,2022,141519.0,35678.0,35590.0,25.15,25.21
27200,남구,2023,139187.0,34443.0,36561.0,26.27,24.75
27200,남구,2024,136263.0,33052.0,37735.0,27.69,24.26
27200,남구,2025,135542.0,32451.0,38922.0,28.72,23.94
27230,북구,2016,440383.0,118892.0,51156.0,11.62,27.0
27230,북구,2017,441375.0,118900.0,54257.0,12.29,26.94
27230,북구,2018,439489.0,117927.0,56894.0,12.95,26.83
27230,북구,2019,437710.0,115570.0,60120.0,13.74,26.4
27230,북구,2020,440263.0,116146.0,64054.0,14.55,26.38
27230,북구,2021,437008.0,113598.0,67236.0,15.39,25.99
27230,북구,2022,430912.0,109975.0,70487.0,16.36,25.52
27230,북구,2023,419624.0,104739.0,73675.0,17.56,24.96
27230,북구,2024,413010.0,101278.0,78162.0,18.92,24.52
27230,북구,2025,409854.0,99095.0,82817.0,20.21,24.18
27260,수성구,2016,447011.0,108158.0,56431.0,12.62,24.2
27260,수성구,2017,439211.0,105467.0,58905.0,13.41,24.01
27260,수성구,2018,432759.0,103422.0,61089.0,14.12,23.9
27260,수성구,2019,428614.0,100627.0,63474.0,14.81,23.48
27260,수성구,2020,424314.0,98229.0,66564.0,15.69,23.15
27260,수성구,2021,417097.0,94587.0,69185.0,16.59,22.68
27260,수성구,2022,411553.0,90540.0,72078.0,17.51,22.0
27260,수성구,2023,407331.0,87646.0,75007.0,18.41,21.52
27260,수성구,2024,409107.0,86700.0,79184.0,19.36,21.19
27260,수성구,2025,409222.0,85340.0,83221.0,20.34,20.85
27290,달서구,2016,591891.0,164114.0,62977.0,10.64,27.73
27290,달서구,2017,578068.0,157252.0,67033.0,11.6,27.2
27290,달서구,2018,573413.0,154710.0,70983.0,12.38,26.98
27290,달서구,2019,568887.0,150595.0,75775.0,13.32,26.47
27290,달서구,2020,558631.0,145852.0,80646.0,14.44,26.11
27290,달서구,2021,544926.0,138002.0,84772.0,15.56,25.32
27290,달서구,2022,536989.0,132458.0,89178.0,16.61,24.67
27290,달서구,2023,527781.0,126760.0,93762.0,17.77,24.02
27290,달서구,2024,522021.0,123116.0,100449.0,19.24,23.58
27290,달서구,2025,517059.0,119950.0,107067.0,20.71,23.2
27710,달성군,2016,218268.0,62844.0,24215.0,11.09,28.79
27710,달성군,2017,243375.0,71970.0,26950.0,11.07,29.57
27710,달성군,2018,250543.0,73220.0,28767.0,11.48,29.22
27710,달성군,2019,256540.0,72607.0,30558.0,11.91,28.3
27710,달성군,2020,259339.0,70742.0,33089.0,12.76,27.28
27710,달성군,2021,262451.0,68888.0,35530.0,13.54,26.25
27710,달성군,2022,263162.0,65774.0,38007.0,14.44,24.99
27710,달성군,2023,262084.0,62698.0,40217.0,15.35,23.92
27710,달성군,2024,257580.0,58728.0,42982.0,16.69,22.8
27710,달성군,2025,254659.0,55481.0,45904.0,18.03,21.79
27720,군위군,2016,24171.0,3578.0,8670.0,35.87,14.8
27720,군위군,2017,24215.0,3524.0,8898.0,36.75,14.55
27720,군위군,2018,23919.0,3378.0,8983.0,37.56,14.12
27720,군위군,2019,23843.0,3229.0,9176.0,38.49,13.54
27720,군위군,2020,23256.0,2831.0,9461.0,40.68,12.17
27720,군위군,2021,22945.0,2585.0,9719.0,42.36,11.27
27720,군위군,2022,23340.0,2609.0,10065.0,43.12,11.18
27720,군위군,2023,22988.0,2353.0,10311.0,44.85,10.24
27720,군위군,2024,22463.0,2114.0,10629.0,47.32,9.41
27720,군위군,2025,22452.0,2036.0,10992.0,48.96,9.07
28110,중구,2016,115249.0,31402.0,15737.0,13.65,27.25
28110,중구,2017,117999.0,32411.0,16643.0,14.1,27.47
28110,중구,2018,122499.0,34448.0,17482.0,14.27,28.12
28110,중구,2019,135135.0,39449.0,19076.0,14.12,29.19
28110,중구,2020,139729.0,40442.0,20531.0,14.69,28.94
28110,중구,2021,143633.0,40931.0,21735.0,15.13,28.5
28110,중구,2022,152931.0,43320.0,23366.0,15.28,28.33
28110,중구,2023,158958.0,45255.0,24912.0,15.67,28.47
28110,중구,2024,167113.0,48306.0,26621.0,15.93,28.91
28110,중구,2025,176467.0,51061.0,28899.0,16.38,28.94
28140,동구,2016,71014.0,17957.0,12639.0,17.8,25.29
28140,동구,2017,69487.0,17141.0,13168.0,18.95,24.67
28140,동구,2018,66233.0,15753.0,13254.0,20.01,23.78
28140,동구,2019,64427.0,14547.0,13751.0,21.34,22.58
28140,동구,2020,62542.0,13503.0,14453.0,23.11,21.59
28140,동구,2021,61486.0,13131.0,14670.0,23.86,21.36
28140,동구,2022,58999.0,12430.0,14703.0,24.92,21.07
28140,동구,2023,59482.0,12603.0,15240.0,25.62,21.19
28140,동구,2024,58296.0,12094.0,15804.0,27.11,20.75
28140,동구,2025,56477.0,11403.0,16293.0,28.85,20.19
28177,미추홀구,2016,417103.0,122018.0,57437.0,13.77,29.25
28177,미추홀구,2017,419267.0,122206.0,60758.0,14.49,29.15
28177,미추홀구,2018,416542.0,120418.0,62833.0,15.08,28.91
28177,미추홀구,2019,408862.0,115538.0,65642.0,16.05,28.26
28177,미추홀구,2020,404343.0,113028.0,69074.0,17.08,27.95
28177,미추홀구,2021,407464.0,112739.0,72320.0,17.75,27.67
28177,미추홀구,2022,406004.0,109644.0,75765.0,18.66,27.01
28177,미추홀구,2023,405995.0,107194.0,79880.0,19.68,26.4
28177,미추홀구,2024,412274.0,107721.0,84471.0,20.49,26.13
28177,미추홀구,2025,417578.0,107751.0,89661.0,21.47,25.8
28185,연수구,2016,328627.0,95309.0,26893.0,8.18,29.0
28185,연수구,2017,335142.0,96602.0,28922.0,8.63,28.82
28185,연수구,2018,346359.0,99305.0,31227.0,9.02,28.67
28185,연수구,2019,366550.0,105374.0,34346.0,9.37,28.75
28185,연수구,2020,387450.0,110297.0,38190.0,9.86,28.47
28185,연수구,2021,389644.0,107119.0,41021.0,10.53,27.49
28185,연수구,2022,385796.0,101797.0,44014.0,11.41,26.39
28185,연수구,2023,392416.0,101465.0,47731.0,12.16,25.86
28185,연수구,2024,400213.0,102219.0,52160.0,13.03,25.54
28185,연수구,2025,409437.0,102433.0,57266.0,13.99,25.02
28200,남동구,2016,530982.0,157718.0,53961.0,10.16,29.7
28200,남동구,2017,536578.0,157054.0,58429.0,10.89,29.27
28200,남동구,2018,537161.0,155248.0,62248.0,11.59,28.9
28200,남동구,2019,532704.0,149495.0,66423.0,12.47,28.06
28200,남동구,2020,525354.0,143414.0,71468.0,13.6,27.3
28200,남동구,2021,518272.0,137807.0,75633.0,14.59,26.59
28200,남동구,2022,506181.0,129698.0,80000.0,15.8,25.62
28200,남동구,2023,492415.0,121654.0,85478.0,17.36,24.71
28200,남동구,2024,486225.0,117985.0,91471.0,18.81,24.27
28200,남동구,2025,480147.0,114723.0,98130.0,20.44,23.89
28237,부평구,2016,549716.0,165780.0,60940.0,11.09,30.16
28237,부평구,2017,539941.0,160865.0,63959.0,11.85,29.79
28237,부평구,2018,524640.0,153293.0,66424.0,12.66,29.22
28237,부평구,2019,511577.0,146071.0,69549.0,13.6,28.55
28237,부평구,2020,494962.0,137621.0,73424.0,14.83,27.8
28237,부평구,2021,486765.0,133266.0,76493.0,15.71,27.38
28237,부평구,2022,489118.0,133318.0,81584.0,16.68,27.26
28237,부평구,2023,494138.0,133887.0,87260.0,17.66,27.1
28237,부평구,2024,493200.0,131589.0,93125.0,18.88,26.68
28237,부평구,2025,490442.0,128824.0,99616.0,20.31,26.27
28245,계양구,2016,330284.0,98958.0,29762.0,9.01,29.96
28245,계양구,2017,323784.0,95918.0,31729.0,9.8,29.62
28245,계양구,2018,312680.0,90835.0,33119.0,10.59,29.05
28245,계양구,2019,303471.0,85918.0,35043.0,11.55,28.31
28245,계양구,2020,296750.0,82052.0,37947.0,12.79,27.65
28245,계양구,2021,295696.0,80485.0,40840.0,13.81,27.22
28245,계양구,2022,288856.0,76519.0,43724.0,15.14,26.49
28245,계양구,2023,280266.0,71806.0,47042.0,16.78,25.62
28245,계양구,2024,280227.0,71083.0,51136.0,18.25,25.37
28245,계양구,2025,277721.0,68855.0,55951.0,20.15,24.79
28260,서구,2016,510733.0,150553.0,42719.0,8.36,29.48
28260,서구,2017,516017.0,150241.0,46129.0,8.94,29.12
28260,서구,2018,538596.0,157739.0,49975.0,9.28,29.29
28260,서구,2019,544556.0,156506.0,53691.0,9.86,28.74
28260,서구,2020,542040.0,152042.0,58087.0,10.72,28.05
28260,서구,2021,555380.0,152929.0,63203.0,11.38,27.54
28260,서구,2022,589013.0,160601.0,69831.0,11.86,27.27
28260,서구,2023,624358.0,169691.0,77384.0,12.39,27.18
28260,서구,2024,634064.0,169294.0,84811.0,13.38,26.7
28260,서구,2025,654358.0,171813.0,93707.0,14.32,26.26
28710,강화군,2016,68010.0,11724.0,19600.0,28.82,17.24
28710,강화군,2017,68754.0,11680.0,20451.0,29.75,16.99
28710,강화군,2018,68896.0,11336.0,21148.0,30.7,16.45
28710,강화군,2019,69178.0,11117.0,21902.0,31.66,16.07
28710,강화군,2020,69203.0,10682.0,22824.0,32.98,15.44
28710,강화군,2021,69693.0,10330.0,23751.0,34.08,14.82
28710,강화군,2022,69803.0,10020.0,24763.0,35.48,14.35
28710,강화군,2023,69005.0,9405.0,25691.0,37.23,13.63
28710,강화군,2024,69402.0,9196.0,27022.0,38.94,13.25
28710,강화군,2025,69698.0,9005.0,28402.0,40.75,12.92
28720,옹진군,2016,21351.0,5346.0,4567.0,21.39,25.04
28720,옹진군,2017,21573.0,5358.0,4836.0,22.42,24.84
28720,옹진군,2018,21036.0,5088.0,4965.0,23.6,24.19
28720,옹진군,2019,20566.0,4782.0,5125.0,24.92,23.25
28720,옹진군,2020,20455.0,4611.0,5485.0,26.81,22.54
28720,옹진군,2021,20342.0,4405.0,5765.0,28.34,21.65
28720,옹진군,2022,20613.0,4441.0,6100.0,29.59,21.54
28720,옹진군,2023,20377.0,4228.0,6439.0,31.6,20.75
28720,옹진군,2024,19996.0,4009.0,6748.0,33.75,20.05
28720,옹진군,2025,19636.0,3825.0,7087.0,36.09,19.48
29110,동구,2016,95791.0,25478.0,19413.0,20.27,26.6
29110,동구,2017,95448.0,25180.0,20047.0,21.0,26.38
29110,동구,2018,94475.0,24931.0,20337.0,21.53,26.39
29110,동구,2019,98585.0,26337.0,21138.0,21.44,26.72
29110,동구,2020,102897.0,28252.0,22196.0,21.57,27.46
29110,동구,2021,103470.0,28278.0,22646.0,21.89,27.33
29110,동구,2022,105909.0,28931.0,23419.0,22.11,27.32
29110,동구,2023,107176.0,29273.0,24239.0,22.62,27.31
29110,동구,2024,106203.0,28576.0,25071.0,23.61,26.91
29110,동구,2025,104888.0,27631.0,25878.0,24.67,26.34
29140,서구,2016,309579.0,87911.0,35214.0,11.37,28.4
29140,서구,2017,306957.0,86850.0,36991.0,12.05,28.29
29140,서구,2018,304172.0,85794.0,38468.0,12.65,28.21
29140,서구,2019,300975.0,84214.0,40246.0,13.37,27.98
29140,서구,2020,296576.0,82033.0,42471.0,14.32,27.66
29140,서구,2021,291231.0,79576.0,43949.0,15.09,27.32
29140,서구,2022,287401.0,76922.0,45985.0,16.0,26.76
29140,서구,2023,283991.0,74571.0,48395.0,17.04,26.26
29140,서구,2024,279050.0,71891.0,50571.0,18.12,25.76
29140,서구,2025,275063.0,69427.0,53606.0,19.49,25.24
29155,남구,2016,219729.0,58607.0,32184.0,14.65,26.67
29155,남구,2017,218454.0,57219.0,33727.0,15.44,26.19
29155,남구,2018,216369.0,56157.0,34677.0,16.03,25.95
29155,남구,2019,218060.0,55907.0,36162.0,16.58,25.64
29155,남구,2020,214579.0,53496.0,37715.0,17.58,24.93
29155,남구,2021,215575.0,52745.0,39103.0,18.14,24.47
29155,남구,2022,212379.0,50320.0,40740.0,19.18,23.69
29155,남구,2023,209646.0,47822.0,42485.0,20.27,22.81
29155,남구,2024,207597.0,45886.0,44551.0,21.46,22.1
29155,남구,2025,207596.0,44620.0,46872.0,22.58,21.49
29170,북구,2016,441066.0,126306.0,53694.0,12.17,28.64
29170,북구,2017,438780.0,124258.0,56532.0,12.88,28.32
29170,북구,2018,439773.0,124203.0,58793.0,13.37,28.24
29170,북구,2019,433533.0,120272.0,61446.0,14.17,27.74
29170,북구,2020,430431.0,118053.0,64829.0,15.06,27.43
29170,북구,2021,427114.0,115705.0,67575.0,15.82,27.09
29170,북구,2022,424707.0,112089.0,70834.0,16.68,26.39
29170,북구,2023,421683.0,108416.0,74406.0,17.65,25.71
29170,북구,2024,423961.0,107275.0,79388.0,18.73,25.3
29170,북구,2025,416862.0,102509.0,84137.0,20.18,24.59
29200,광산구,2016,403049.0,116495.0,32067.0,7.96,28.9
29200,광산구,2017,404131.0,115625.0,33565.0,8.31,28.61
29200,광산구,2018,404547.0,115078.0,34911.0,8.63,28.45
29200,광산구,2019,405315.0,113661.0,36487.0,9.0,28.04
29200,광산구,2020,405579.0,113408.0,38455.0,9.48,27.96
29200,광산구,2021,404221.0,111357.0,40018.0,9.9,27.55
29200,광산구,2022,400654.0,107774.0,41992.0,10.48,26.9
29200,광산구,2023,396741.0,104898.0,44353.0,11.18,26.44
29200,광산구,2024,391611.0,102167.0,47399.0,12.1,26.09
29200,광산구,2025,387604.0,100025.0,50766.0,13.1,25.81
30110,동구,2016,234959.0,63636.0,35763.0,15.22,27.08
30110,동구,2017,230516.0,60982.0,37240.0,16.16,26.45
30110,동구,2018,229071.0,60012.0,38664.0,16.88,26.2
30110,동구,2019,226771.0,58238.0,40621.0,17.91,25.68
30110,동구,2020,223021.0,56038.0,42533.0,19.07,25.13
30110,동구,2021,222222.0,55333.0,44157.0,19.87,24.9
30110,동구,2022,219751.0,53777.0,45895.0,20.89,24.47
30110,동구,2023,217628.0,52659.0,47641.0,21.89,24.2
30110,동구,2024,218513.0,53006.0,50056.0,22.91,24.26
30110,동구,2025,218664.0,53356.0,52714.0,24.11,24.4
30140,중구,2016,252490.0,66013.0,38468.0,15.24,26.14
30140,중구,2017,248933.0,64137.0,40354.0,16.21,25.76
30140,중구,2018,244421.0,61988.0,41625.0,17.03,25.36
30140,중구,2019,240473.0,59429.0,43648.0,18.15,24.71
30140,중구,2020,235550.0,57031.0,45701.0,19.4,24.21
30140,중구,2021,230341.0,55021.0,47147.0,20.47,23.89
30140,중구,2022,227108.0,53491.0,48714.0,21.45,23.55
30140,중구,2023,223256.0,51377.0,50631.0,22.68,23.01
30140,중구,2024,225008.0,51313.0,52849.0,23.49,22.8
30140,중구,2025,225645.0,51469.0,55091.0,24.41,22.81
30170,서구,2016,491011.0,146089.0,49080.0,10.0,29.75
30170,서구,2017,487448.0,144943.0,51821.0,10.63,29.74
30170,서구,2018,484663.0,143783.0,54225.0,11.19,29.67
30170,서구,2019,481222.0,141686.0,57201.0,11.89,29.44
30170,서구,2020,477880.0,139989.0,61027.0,12.77,29.29
30170,서구,2021,473365.0,137560.0,64348.0,13.59,29.06
30170,서구,2022,470374.0,134583.0,67924.0,14.44,28.61
30170,서구,2023,464634.0,131689.0,71534.0,15.4,28.34
30170,서구,2024,457951.0,128321.0,75614.0,16.51,28.02
30170,서구,2025,463351.0,128893.0,80949.0,17.47,27.82
30200,유성구,2016,343222.0,107801.0,25474.0,7.42,31.41
30200,유성구,2017,348428.0,109374.0,27420.0,7.87,31.39
30200,유성구,2018,349790.0,109500.0,29219.0,8.35,31.3
30200,유성구,2019,349373.0,108525.0,31182.0,8.93,31.06
30200,유성구,2020,351047.0,108813.0,33654.0,9.59,31.0
30200,유성구,2021,351277.0,107114.0,36061.0,10.27,30.49
30200,유성구,2022,356093.0,107552.0,38846.0,10.91,30.2
30200,유성구,2023,366845.0,110676.0,41897.0,11.42,30.17
30200,유성구,2024,369468.0,111776.0,45571.0,12.33,30.25
30200,유성구,2025,367534.0,110545.0,49193.0,13.38,30.08
30230,대덕구,2016,192688.0,52136.0,22783.0,11.82,27.06
30230,대덕구,2017,186902.0,49821.0,23832.0,12.75,26.66
30230,대덕구,2018,181991.0,47712.0,24797.0,13.63,26.22
30230,대덕구,2019,177031.0,45231.0,26039.0,14.71,25.55
30230,대덕구,2020,176384.0,44705.0,27869.0,15.8,25.35
30230,대덕구,2021,175046.0,44038.0,29494.0,16.85,25.16
30230,대덕구,2022,172746.0,42475.0,31284.0,18.11,24.59
30230,대덕구,2023,169853.0,40792.0,33053.0,19.46,24.02
30230,대덕구,2024,168217.0,39991.0,35155.0,20.9,23.77
30230,대덕구,2025,165535.0,38430.0,37459.0,22.63,23.22
31110,중구,2016,242536.0,67807.0,26082.0,10.75,27.96
31110,중구,2017,238652.0,65363.0,27853.0,11.67,27.39
31110,중구,2018,231973.0,61615.0,29405.0,12.68,26.56
31110,중구,2019,223581.0,56964.0,31023.0,13.88,25.48
31110,중구,2020,217595.0,53187.0,33231.0,15.27,24.44
31110,중구,2021,212883.0,50292.0,35062.0,16.47,23.62
31110,중구,2022,208132.0,46837.0,37123.0,17.84,22.5
31110,중구,2023,208668.0,46308.0,39470.0,18.92,22.19
31110,중구,2024,207000.0,45225.0,42004.0,20.29,21.85
31110,중구,2025,204169.0,43690.0,44478.0,21.78,21.4
31140,남구,2016,340714.0,98473.0,29400.0,8.63,28.9
31140,남구,2017,335439.0,95967.0,31629.0,9.43,28.61
31140,남구,2018,330732.0,94070.0,33804.0,10.22,28.44
31140,남구,2019,323819.0,90383.0,36318.0,11.22,27.91
31140,남구,2020,320064.0,87927.0,39173.0,12.24,27.47
31140,남구,2021,313819.0,84214.0,41430.0,13.2,26.84
31140,남구,2022,310638.0,81412.0,44319.0,14.27,26.21
31140,남구,2023,307232.0,78899.0,47347.0,15.41,25.68
31140,남구,2024,304885.0,77356.0,50834.0,16.67,25.37
31140,남구,2025,304128.0,76324.0,54612.0,17.96,25.1
31170,동구,2016,174514.0,55245.0,14370.0,8.23,31.66
31170,동구,2017,169605.0,51595.0,15672.0,9.24,30.42
31170,동구,2018,164642.0,47699.0,16783.0,10.19,28.97
31170,동구,2019,159656.0,43718.0,18189.0,11.39,27.38
31170,동구,2020,156806.0,40767.0,19955.0,12.73,26.0
31170,동구,2021,154096.0,38060.0,21417.0,13.9,24.7
31170,동구,2022,151711.0,35509.0,23123.0,15.24,23.41
31170,동구,2023,152287.0,34385.0,25291.0,16.61,22.58
31170,동구,2024,150836.0,32912.0,27409.0,18.17,21.82
31170,동구,2025,149257.0,31459.0,29586.0,19.82,21.08
31200,북구,2016,195285.0,58534.0,12985.0,6.65,29.97
31200,북구,2017,200718.0,59935.0,14053.0,7.0,29.86
31200,북구,2018,206434.0,61314.0,14984.0,7.26,29.7
31200,북구,2019,217796.0,63837.0,16449.0,7.55,29.31
31200,북구,2020,219014.0,62033.0,18025.0,8.23,28.32
31200,북구,2021,218735.0,59023.0,19728.0,9.02,26.98
31200,북구,2022,218670.0,56229.0,21490.0,9.83,25.71
31200,북구,2023,216477.0,53408.0,23347.0,10.78,24.67
31200,북구,2024,216522.0,52204.0,25461.0,11.76,24.11
31200,북구,2025,215220.0,50911.0,27983.0,13.0,23.66
31710,울주군,2016,219255.0,55789.0,25931.0,11.83,25.44
31710,울주군,2017,220718.0,55171.0,27426.0,12.43,25.0
31710,울주군,2018,221842.0,54869.0,28943.0,13.05,24.73
31710,울주군,2019,223167.0,53978.0,30586.0,13.71,24.19
31710,울주군,2020,222538.0,52360.0,32983.0,14.82,23.53
31710,울주군,2021,222059.0,50724.0,35324.0,15.91,22.84
31710,울주군,2022,221512.0,48857.0,37757.0,17.05,22.06
31710,울주군,2023,218997.0,46431.0,40254.0,18.38,21.2
31710,울주군,2024,218806.0,45753.0,42994.0,19.65,20.91
31710,울주군,2025,219174.0,45287.0,46241.0,21.1,20.66
36110,세종특별자치시,2016,243048.0,72474.0,24197.0,9.96,29.82
36110,세종특별자치시,2017,280100.0,82673.0,26851.0,9.59,29.52
36110,세종특별자치시,2018,314126.0,92412.0,29178.0,9.29,29.42
36110,세종특별자치시,2019,340575.0,97804.0,31949.0,9.38,28.72
36110,세종특별자치시,2020,355831.0,98945.0,34881.0,9.8,27.81
36110,세종특별자치시,2021,371895.0,100229.0,37463.0,10.07,26.95
36110,세종특별자치시,2022,383591.0,99462.0,40219.0,10.48,25.93
36110,세종특별자치시,2023,386525.0,97150.0,42560.0,11.01,25.13
36110,세종특별자치시,2024,390685.0,95902.0,45301.0,11.6,24.55
36110,세종특별자치시,2025,391965.0,94271.0,48115.0,12.28,24.05
41110,수원시,2016,1194041.0,380940.0,103992.0,8.71,31.9
41110,수원시,2017,1202628.0,381973.0,111667.0,9.29,31.76
41110,수원시,2018,1201166.0,379616.0,117256.0,9.76,31.6
41110,수원시,2019,1194465.0,371729.0,123647.0,10.35,31.12
41110,수원시,2020,1186078.0,365192.0,131936.0,11.12,30.79
41110,수원시,2021,1183714.0,361463.0,139075.0,11.75,30.54
41110,수원시,2022,1190964.0,360524.0,147122.0,12.35,30.27
41110,수원시,2023,1197257.0,360181.0,157336.0,13.14,30.08
41110,수원시,2024,1193005.0,356784.0,168322.0,14.11,29.91
41110,수원시,2025,1186515.0,349778.0,180792.0,15.24,29.48
41130,성남시,2016,974580.0,292035.0,109744.0,11.26,29.97
41130,성남시,2017,967510.0,286620.0,115526.0,11.94,29.62
41130,성남시,2018,954347.0,280010.0,120100.0,12.58,29.34
41130,성남시,2019,942724.0,271955.0,125807.0,13.35,28.85
41130,성남시,2020,940064.0,269286.0,133221.0,14.17,28.65
41130,성남시,2021,930948.0,262684.0,138091.0,14.83,28.22
41130,성남시,2022,922518.0,255008.0,144800.0,15.7,27.64
41130,성남시,2023,919747.0,250729.0,152855.0,16.62,27.26
41130,성남시,2024,913009.0,246432.0,161299.0,17.67,26.99
41130,성남시,2025,905794.0,239899.0,170787.0,18.85,26.48
41150,의정부시,2016,438457.0,119573.0,55396.0,12.63,27.27
41150,의정부시,2017,441584.0,120121.0,58509.0,13.25,27.2
41150,의정부시,2018,447026.0,121990.0,61413.0,13.74,27.29
41150,의정부시,2019,451868.0,122285.0,65272.0,14.44,27.06
41150,의정부시,2020,461710.0,124718.0,70369.0,15.24,27.01
41150,의정부시,2021,463661.0,124355.0,73525.0,15.86,26.82
41150,의정부시,2022,463724.0,122599.0,77555.0,16.72,26.44
41150,의정부시,2023,464213.0,120023.0,82104.0,17.69,25.86
41150,의정부시,2024,461271.0,116566.0,87072.0,18.88,25.27
41150,의정부시,2025,461572.0,114489.0,92992.0,20.15,24.8
41170,안양시,2016,597414.0,176587.0,61675.0,10.32,29.56
41170,안양시,2017,587764.0,171986.0,64655.0,11.0,29.26
41170,안양시,2018,576831.0,167341.0,67680.0,11.73,29.01
41170,안양시,2019,567044.0,162022.0,71643.0,12.63,28.57
41170,안양시,2020,550027.0,154107.0,75581.0,13.74,28.02
41170,안양시,2021,547178.0,152207.0,79282.0,14.49,27.82
41170,안양시,2022,548228.0,150499.0,84390.0,15.39,27.45
41170,안양시,2023,544660.0,146595.0,90026.0,16.53,26.91
41170,안양시,2024,556492.0,149921.0,97448.0,17.51,26.94
41170,안양시,2025,563279.0,150799.0,105050.0,18.65,26.77
41190,부천시,2016,851380.0,258286.0,86218.0,10.13,30.34
41190,부천시,2017,850329.0,255556.0,92537.0,10.88,30.05
41190,부천시,2018,843768.0,250494.0,97670.0,11.58,29.69
41190,부천시,2019,829996.0,240973.0,104089.0,12.54,29.03
41190,부천시,2020,818383.0,233442.0,111952.0,13.68,28.52
41190,부천시,2021,806067.0,224595.0,118668.0,14.72,27.86
41190,부천시,2022,790128.0,213221.0,125752.0,15.92,26.99
41190,부천시,2023,779968.0,205321.0,134331.0,17.22,26.32
41190,부천시,2024,769918.0,197939.0,144277.0,18.74,25.71
41190,부천시,2025,758796.0,189650.0,155075.0,20.44,24.99
41210,광명시,2016,339484.0,97316.0,36549.0,10.77,28.67
41210,광명시,2017,332790.0,93750.0,38321.0,11.52,28.17
41210,광명시,2018,326841.0,90854.0,39869.0,12.2,27.8
41210,광명시,2019,316552.0,86177.0,41397.0,13.08,27.22
41210,광명시,2020,298599.0,79464.0,41683.0,13.96,26.61
41210,광명시,2021,292893.0,76757.0,43045.0,14.7,26.21
41210,광명시,2022,287945.0,73278.0,45128.0,15.67,25.45
41210,광명시,2023,280197.0,69856.0,46870.0,16.73,24.93
41210,광명시,2024,278167.0,68900.0,49660.0,17.85,24.77
41210,광명시,2025,293947.0,74829.0,54496.0,18.54,25.46
41220,평택시,2016,470832.0,134045.0,53090.0,11.28,28.47
41220,평택시,2017,481530.0,136899.0,55926.0,11.61,28.43
41220,평택시,2018,495642.0,141176.0,58483.0,11.8,28.48
41220,평택시,2019,513027.0,145741.0,61910.0,12.07,28.41
41220,평택시,2020,537307.0,154127.0,66486.0,12.37,28.69
41220,평택시,2021,564288.0,164115.0,70123.0,12.43,29.08
41220,평택시,2022,578529.0,167035.0,73372.0,12.68,28.87
41220,평택시,2023,591022.0,169587.0,77785.0,13.16,28.69
41220,평택시,2024,598556.0,170425.0,82782.0,13.83,28.47
41220,평택시,2025,610402.0,171705.0,89235.0,14.62,28.13
41250,동두천시,2016,98277.0,24201.0,16172.0,16.46,24.63
41250,동두천시,2017,97071.0,23277.0,16961.0,17.47,23.98
41250,동두천시,2018,96226.0,22734.0,17695.0,18.39,23.63
41250,동두천시,2019,94768.0,21834.0,18344.0,19.36,23.04
41250,동두천시,2020,94353.0,21518.0,19397.0,20.56,22.81
41250,동두천시,2021,93592.0,21062.0,19926.0,21.29,22.5
41250,동두천시,2022,91546.0,19888.0,20464.0,22.35,21.72
41250,동두천시,2023,88626.0,18505.0,21372.0,24.11,20.88
41250,동두천시,2024,86838.0,17494.0,22464.0,25.87,20.15
41250,동두천시,2025,86438.0,16875.0,23606.0,27.31,19.52
41270,안산시,2016,689859.0,207212.0,57150.0,8.28,30.04
41270,안산시,2017,677710.0,202248.0,60087.0,8.87,29.84
41270,안산시,2018,660343.0,195288.0,62654.0,9.49,29.57
41270,안산시,2019,650918.0,190981.0,66438.0,10.21,29.34
41270,안산시,2020,654915.0,192230.0,71620.0,10.94,29.35
41270,안산시,2021,652726.0,190546.0,76366.0,11.7,29.19
41270,안산시,2022,641660.0,183753.0,81511.0,12.7,28.64
41270,안산시,2023,629308.0,176206.0,87389.0,13.89,28.0
41270,안산시,2024,620579.0,171021.0,94262.0,15.19,27.56
41270,안산시,2025,612508.0,165448.0,102510.0,16.74,27.01
41280,고양시,2016,1039684.0,288743.0,114092.0,10.97,27.77
41280,고양시,2017,1041983.0,287062.0,120333.0,11.55,27.55
41280,고양시,2018,1044189.0,286008.0,126572.0,12.12,27.39
41280,고양시,2019,1066351.0,291297.0,135272.0,12.69,27.32
41280,고양시,2020,1079216.0,293706.0,145710.0,13.5,27.21
41280,고양시,2021,1079353.0,289324.0,154134.0,14.28,26.81
41280,고양시,2022,1076535.0,283349.0,163080.0,15.15,26.32
41280,고양시,2023,1074907.0,277997.0,173057.0,16.1,25.86
41280,고양시,2024,1070120.0,273192.0,184451.0,17.24,25.53
41280,고양시,2025,1060081.0,264311.0,197285.0,18.61,24.93
41290,과천시,2016,63778.0,16897.0,7735.0,12.13,26.49
41290,과천시,2017,57527.0,14923.0,7474.0,12.99,25.94
41290,과천시,2018,58142.0,15466.0,7762.0,13.35,26.6
41290,과천시,2019,58289.0,15829.0,8084.0,13.87,27.16
41290,과천시,2020,63231.0,17519.0,8994.0,14.22,27.71
41290,과천시,2021,73345.0,20379.0,10358.0,14.12,27.79
41290,과천시,2022,78137.0,21411.0,11140.0,14.26,27.4
41290,과천시,2023,81000.0,21525.0,11771.0,14.53,26.57
41290,과천시,2024,85512.0,22708.0,12816.0,14.99,26.56
41290,과천시,2025,79908.0,20275.0,12737.0,15.94,25.37
41310,구리시,2016,193763.0,54673.0,20623.0,10.64,28.22
41310,구리시,2017,200042.0,56580.0,22362.0,11.18,28.28
41310,구리시,2018,203553.0,57683.0,23800.0,11.69,28.34
41310,구리시,2019,199265.0,55083.0,25159.0,12.63,27.64
41310,구리시,2020,197454.0,53653.0,26962.0,13.65,27.17
41310,구리시,2021,191948.0,51033.0,27820.0,14.49,26.59
41310,구리시,2022,188701.0,48624.0,29173.0,15.46,25.77
41310,구리시,2023,187093.0,47090.0,31009.0,16.57,25.17
41310,구리시,2024,186882.0,47009.0,33143.0,17.73,25.15
41310,구리시,2025,186090.0,46482.0,35576.0,19.12,24.98
41360,남양주시,2016,662154.0,174251.0,75986.0,11.48,26.32
41360,남양주시,2017,665321.0,171122.0,81688.0,12.28,25.72
41360,남양주시,2018,681828.0,172795.0,86681.0,12.71,25.34
41360,남양주시,2019,701830.0,174984.0,93007.0,13.25,24.93
41360,남양주시,2020,713321.0,174495.0,100537.0,14.09,24.46
41360,남양주시,2021,733798.0,176762.0,108285.0,14.76,24.09
41360,남양주시,2022,737353.0,172610.0,115165.0,15.62,23.41
41360,남양주시,2023,732265.0,166717.0,121931.0,16.65,22.77
41360,남양주시,2024,732482.0,164691.0,129635.0,17.7,22.48
41360,남양주시,2025,729754.0,161215.0,137932.0,18.9,22.09
41370,오산시,2016,208656.0,67261.0,16015.0,7.68,32.24
41370,오산시,2017,213437.0,67666.0,17373.0,8.14,31.7
41370,오산시,2018,220070.0,69391.0,18589.0,8.45,31.53
41370,오산시,2019,226379.0,70524.0,20257.0,8.95,31.15
41370,오산시,2020,229725.0,70294.0,22060.0,9.6,30.6
41370,오산시,2021,229983.0,68499.0,23589.0,10.26,29.78
41370,오산시,2022,229849.0,65866.0,25237.0,10.98,28.66
41370,오산시,2023,229656.0,63843.0,26964.0,11.74,27.8
41370,오산시,2024,242065.0,67408.0,29606.0,12.23,27.85
41370,오산시,2025,249410.0,68998.0,32351.0,12.97,27.66
41390,시흥시,2016,402888.0,116371.0,31650.0,7.86,28.88
41390,시흥시,2017,419664.0,121956.0,34511.0,8.22,29.06
41390,시흥시,2018,448687.0,132433.0,37552.0,8.37,29.52
41390,시흥시,2019,473682.0,139851.0,41403.0,8.74,29.52
41390,시흥시,2020,500895.0,147026.0,46782.0,9.34,29.35
41390,시흥시,2021,512030.0,146801.0,50915.0,9.94,28.67
41390,시흥시,2022,512912.0,142304.0,54756.0,10.68,27.74
41390,시흥시,2023,519715.0,140627.0,59745.0,11.5,27.06
41390,시흥시,2024,518132.0,136474.0,65152.0,12.57,26.34
41390,시흥시,2025,515032.0,131932.0,70964.0,13.78,25.62
41410,군포시,2016,284890.0,84232.0,28530.0,10.01,29.57
41410,군포시,2017,281205.0,81726.0,30278.0,10.77,29.06
41410,군포시,2018,276916.0,79540.0,31712.0,11.45,28.72
41410,군포시,2019,275852.0,78091.0,33726.0,12.23,28.31
41410,군포시,2020,273791.0,76490.0,36416.0,13.3,27.94
41410,군포시,2021,268535.0,73938.0,38296.0,14.26,27.53
41410,군포시,2022,266213.0,72208.0,40752.0,15.31,27.12
41410,군포시,2023,261229.0,69078.0,43569.0,16.68,26.44
41410,군포시,2024,255931.0,66669.0,46533.0,18.18,26.05
41410,군포시,2025,251367.0,64178.0,49830.0,19.82,25.53
41430,의왕시,2016,156763.0,44876.0,16912.0,10.79,28.63
41430,의왕시,2017,155767.0,43635.0,18198.0,11.68,28.01
41430,의왕시,2018,153932.0,42681.0,19146.0,12.44,27.73
41430,의왕시,2019,161153.0,44864.0,20823.0,12.92,27.84
41430,의왕시,2020,163795.0,46454.0,22280.0,13.6,28.36
41430,의왕시,2021,163356.0,45582.0,23644.0,14.47,27.9
41430,의왕시,2022,160221.0,43356.0,24954.0,15.57,27.06
41430,의왕시,2023,158870.0,42738.0,26477.0,16.67,26.9
41430,의왕시,2024,154488.0,40740.0,27980.0,18.11,26.37
41430,의왕시,2025,160370.0,41986.0,30859.0,19.24,26.18
41450,하남시,2016,211101.0,61832.0,23306.0,11.04,29.29
41450,하남시,2017,232487.0,67366.0,26820.0,11.54,28.98
41450,하남시,2018,254415.0,73811.0,30309.0,11.91,29.01
41450,하남시,2019,272455.0,79087.0,33597.0,12.33,29.03
41450,하남시,2020,293452.0,86516.0,37573.0,12.8,29.48
41450,하남시,2021,320087.0,91765.0,41540.0,12.98,28.67
41450,하남시,2022,326059.0,89468.0,44618.0,13.68,27.44
41450,하남시,2023,329861.0,87550.0,47583.0,14.43,26.54
41450,하남시,2024,329120.0,85166.0,50742.0,15.42,25.88
41450,하남시,2025,327939.0,82232.0,54355.0,16.57,25.08
41460,용인시,2016,991126.0,270176.0,108968.0,10.99,27.26
41460,용인시,2017,1004081.0,269002.0,116882.0,11.64,26.79
41460,용인시,2018,1035126.0,277559.0,125066.0,12.08,26.81
41460,용인시,2019,1059609.0,281730.0,133817.0,12.63,26.59
41460,용인시,2020,1074176.0,283065.0,143096.0,13.32,26.35
41460,용인시,2021,1077508.0,278423.0,150263.0,13.95,25.84
41460,용인시,2022,1074971.0,270807.0,157226.0,14.63,25.19
41460,용인시,2023,1075566.0,265651.0,165767.0,15.41,24.7
41460,용인시,2024,1085864.0,266905.0,175717.0,16.18,24.58
41460,용인시,2025,1091186.0,265260.0,186012.0,17.05,24.31
41480,파주시,2016,430781.0,120511.0,51980.0,12.07,27.98
41480,파주시,2017,437848.0,121484.0,54881.0,12.53,27.75
41480,파주시,2018,451848.0,125163.0,57889.0,12.81,27.7
41480,파주시,2019,454040.0,123096.0,60663.0,13.36,27.11
41480,파주시,2020,465617.0,123911.0,64915.0,13.94,26.61
41480,파주시,2021,483245.0,127905.0,69084.0,14.3,26.47
41480,파주시,2022,495315.0,128671.0,73543.0,14.85,25.98
41480,파주시,2023,497753.0,125728.0,78257.0,15.72,25.26
41480,파주시,2024,511308.0,127141.0,83569.0,16.34,24.87
41480,파주시,2025,526005.0,128128.0,90515.0,17.21,24.36
41500,이천시,2016,210359.0,58577.0,25380.0,12.07,27.85
41500,이천시,2017,213142.0,59215.0,26935.0,12.64,27.78
41500,이천시,2018,214206.0,59350.0,27988.0,13.07,27.71
41500,이천시,2019,215834.0,59652.0,29245.0,13.55,27.64
41500,이천시,2020,218388.0,60631.0,31134.0,14.26,27.76
41500,이천시,2021,223177.0,62261.0,33034.0,14.8,27.9
41500,이천시,2022,222721.0,60717.0,34750.0,15.6,27.26
41500,이천시,2023,222098.0,59170.0,36905.0,16.62,26.64
41500,이천시,2024,222443.0,58282.0,39307.0,17.67,26.2
41500,이천시,2025,222967.0,57788.0,41904.0,18.79,25.92
41550,안성시,2016,182896.0,47656.0,26606.0,14.55,26.06
41550,안성시,2017,182786.0,46672.0,28134.0,15.39,25.53
41550,안성시,2018,183579.0,46403.0,29319.0,15.97,25.28
41550,안성시,2019,183405.0,45088.0,30729.0,16.75,24.58
41550,안성시,2020,187012.0,45671.0,32844.0,17.56,24.42
41550,안성시,2021,189534.0,45902.0,34629.0,18.27,24.22
41550,안성시,2022,188842.0,44561.0,36284.0,19.21,23.6
41550,안성시,2023,189034.0,43675.0,38191.0,20.2,23.1
41550,안성시,2024,193949.0,45087.0,40838.0,21.06,23.25
41550,안성시,2025,196592.0,45384.0,43559.0,22.16,23.09
41570,김포시,2016,363443.0,99581.0,40505.0,11.14,27.4
41570,김포시,2017,392092.0,107942.0,44611.0,11.38,27.53
41570,김포시,2018,423170.0,117658.0,48532.0,11.47,27.8
41570,김포시,2019,437221.0,118556.0,52278.0,11.96,27.12
41570,김포시,2020,473970.0,128430.0,58124.0,12.26,27.1
41570,김포시,2021,486508.0,127499.0,62780.0,12.9,26.21
41570,김포시,2022,484267.0,120533.0,66858.0,13.81,24.89
41570,김포시,2023,486172.0,116054.0,71702.0,14.75,23.87
41570,김포시,2024,486853.0,112868.0,76654.0,15.74,23.18
41570,김포시,2025,484792.0,108908.0,81813.0,16.88,22.46
41590,화성시,2016,640890.0,193529.0,52875.0,8.25,30.2
41590,화성시,2017,691086.0,209299.0,58053.0,8.4,30.29
41590,화성시,2018,758722.0,232121.0,63520.0,8.37,30.59
41590,화성시,2019,815396.0,246833.0,69434.0,8.52,30.27
41590,화성시,2020,855248.0,255719.0,76180.0,8.91,29.9
41590,화성시,2021,887015.0,260316.0,82470.0,9.3,29.35
41590,화성시,2022,910814.0,260012.0,89334.0,9.81,28.55
41590,화성시,2023,944342.0,266539.0,97343.0,10.31,28.22
41590,화성시,2024,968821.0,271445.0,105701.0,10.91,28.02
41590,화성시,2025,989969.0,273394.0,115180.0,11.63,27.62
41610,광주시,2016,327723.0,94763.0,35203.0,10.74,28.92
41610,광주시,2017,345947.0,99496.0,39203.0,11.33,28.76
41610,광주시,2018,363782.0,103779.0,42843.0,11.78,28.53
41610,광주시,2019,372654.0,103715.0,46344.0,12.44,27.83
41610,광주시,2020,382054.0,103064.0,51079.0,13.37,26.98
41610,광주시,2021,387289.0,100680.0,55328.0,14.29,26.0
41610,광주시,2022,391462.0,97880.0,59448.0,15.19,25.0
41610,광주시,2023,391377.0,93807.0,64032.0,16.36,23.97
41610,광주시,2024,397605.0,93266.0,69176.0,17.4,23.46
41610,광주시,2025,397346.0,90111.0,74755.0,18.81,22.68
41630,양주시,2016,205513.0,50529.0,26708.0,13.0,24.59
41630,양주시,2017,212146.0,51852.0,29098.0,13.72,24.44
41630,양주시,2018,216951.0,52932.0,31121.0,14.34,24.4
41630,양주시,2019,222314.0,53894.0,33412.0,15.03,24.24
41630,양주시,2020,230359.0,55497.0,36245.0,15.73,24.09
41630,양주시,2021,236368.0,55818.0,39036.0,16.51,23.61
41630,양주시,2022,243432.0,56656.0,41886.0,17.21,23.27
41630,양주시,2023,268026.0,63724.0,46170.0,17.23,23.78
41630,양주시,2024,289005.0,70436.0,50616.0,17.51,24.37
41630,양주시,2025,296224.0,71289.0,54887.0,18.53,24.07
41650,포천시,2016,154763.0,36354.0,24292.0,15.7,23.49
41650,포천시,2017,152925.0,35301.0,25451.0,16.64,23.08
41650,포천시,2018,150676.0,34182.0,26306.0,17.46,22.69
41650,포천시,2019,148379.0,32931.0,27615.0,18.61,22.19
41650,포천시,2020,147274.0,32417.0,29314.0,19.9,22.01
41650,포천시,2021,148939.0,32828.0,31080.0,20.87,22.04
41650,포천시,2022,146701.0,31510.0,32863.0,22.4,21.48
41650,포천시,2023,143323.0,29841.0,34863.0,24.32,20.82
41650,포천시,2024,141463.0,28633.0,37242.0,26.33,20.24
41650,포천시,2025,140452.0,27876.0,39718.0,28.28,19.85
41670,여주시,2016,111563.0,25849.0,19778.0,17.73,23.17
41670,여주시,2017,111984.0,25397.0,21083.0,18.83,22.68
41670,여주시,2018,111525.0,24888.0,21959.0,19.69,22.32
41670,여주시,2019,111083.0,24076.0,23068.0,20.77,21.67
41670,여주시,2020,111897.0,23716.0,24475.0,21.87,21.19
41670,여주시,2021,112150.0,23085.0,25854.0,23.05,20.58
41670,여주시,2022,113150.0,22620.0,27269.0,24.1,19.99
41670,여주시,2023,114412.0,22533.0,28895.0,25.26,19.69
41670,여주시,2024,114610.0,22024.0,30535.0,26.64,19.22
41670,여주시,2025,114002.0,21289.0,32337.0,28.37,18.67
41800,연천군,2016,45907.0,10946.0,10162.0,22.14,23.84
41800,연천군,2017,45431.0,10641.0,10423.0,22.94,23.42
41800,연천군,2018,44633.0,10174.0,10611.0,23.77,22.79
41800,연천군,2019,43824.0,9804.0,10990.0,25.08,22.37
41800,연천군,2020,43516.0,9623.0,11490.0,26.4,22.11
41800,연천군,2021,42721.0,9213.0,11814.0,27.65,21.57
41800,연천군,2022,42062.0,8787.0,12319.0,29.29,20.89
41800,연천군,2023,41584.0,8474.0,12882.0,30.98,20.38
41800,연천군,2024,40866.0,8090.0,13432.0,32.87,19.8
41800,연천군,2025,42340.0,8413.0,14293.0,33.76,19.87
41820,가평군,2016,62448.0,12795.0,13569.0,21.73,20.49
41820,가평군,2017,62973.0,12817.0,14271.0,22.66,20.35
41820,가평군,2018,62918.0,12598.0,14802.0,23.53,20.02
41820,가평군,2019,62415.0,12166.0,15423.0,24.71,19.49
41820,가평군,2020,62377.0,11954.0,16324.0,26.17,19.16
41820,가평군,2021,62264.0,11629.0,17035.0,27.36,18.68
41820,가평군,2022,62150.0,11320.0,17841.0,28.71,18.21
41820,가평군,2023,62302.0,11137.0,18713.0,30.04,17.88
41820,가평군,2024,62527.0,11066.0,19831.0,31.72,17.7
41820,가평군,2025,62125.0,10657.0,20986.0,33.78,17.15
41830,양평군,2016,111367.0,22599.0,23614.0,21.2,20.29
41830,양평군,2017,115105.0,22929.0,25584.0,22.23,19.92
41830,양평군,2018,116095.0,22507.0,26902.0,23.17,19.39
41830,양평군,2019,116874.0,21674.0,28448.0,24.34,18.54
41830,양평군,2020,118810.0,21372.0,30536.0,25.7,17.99
41830,양평군,2021,121230.0,21290.0,32375.0,26.71,17.56
41830,양평군,2022,122323.0,20516.0,34217.0,27.97,16.77
41830,양평군,2023,125238.0,20371.0,36824.0,29.4,16.27
41830,양평군,2024,126804.0,20149.0,39341.0,31.03,15.89
41830,양평군,2025,126933.0,19473.0,41803.0,32.93,15.34
43110,청주시,2016,835197.0,244037.0,91553.0,10.96,29.22
43110,청주시,2017,835590.0,242050.0,96483.0,11.55,28.97
43110,청주시,2018,837749.0,241827.0,100841.0,12.04,28.87
43110,청주시,2019,839566.0,239283.0,106373.0,12.67,28.5
43110,청주시,2020,844993.0,238405.0,113322.0,13.41,28.21
43110,청주시,2021,848482.0,236530.0,119867.0,14.13,27.88
43110,청주시,2022,849573.0,232226.0,127054.0,14.96,27.33
43110,청주시,2023,852189.0,229853.0,134501.0,15.78,26.97
43110,청주시,2024,854537.0,227257.0,142688.0,16.7,26.59
43110,청주시,2025,856152.0,225349.0,151061.0,17.64,26.32
43130,충주시,2016,208350.0,49357.0,34790.0,16.7,23.69
43130,충주시,2017,208316.0,48742.0,36703.0,17.62,23.4
43130,충주시,2018,210504.0,49337.0,38138.0,18.12,23.44
43130,충주시,2019,210737.0,48672.0,39811.0,18.89,23.1
43130,충주시,2020,210186.0,47742.0,41852.0,19.91,22.71
43130,충주시,2021,209358.0,46450.0,43795.0,20.92,22.19
43130,충주시,2022,208277.0,44868.0,45952.0,22.06,21.54
43130,충주시,2023,207778.0,44196.0,48022.0,23.11,21.27
43130,충주시,2024,207241.0,43424.0,50480.0,24.36,20.95
43130,충주시,2025,206540.0,42650.0,53128.0,25.72,20.65
43150,제천시,2016,136517.0,30842.0,24131.0,17.68,22.59
43150,제천시,2017,136432.0,30504.0,25691.0,18.83,22.36
43150,제천시,2018,135386.0,29847.0,26619.0,19.66,22.05
43150,제천시,2019,134617.0,29025.0,27790.0,20.64,21.56
43150,제천시,2020,133018.0,27750.0,29256.0,21.99,20.86
43150,제천시,2021,131591.0,26583.0,30632.0,23.28,20.2
43150,제천시,2022,130988.0,26051.0,32145.0,24.54,19.89
43150,제천시,2023,130194.0,25598.0,33722.0,25.9,19.66
43150,제천시,2024,128569.0,24678.0,35347.0,27.49,19.19
43150,제천시,2025,128003.0,24100.0,37074.0,28.96,18.83
43720,보은군,2016,34221.0,5595.0,10187.0,29.77,16.35
43720,보은군,2017,34053.0,5475.0,10461.0,30.72,16.08
43720,보은군,2018,33680.0,5271.0,10648.0,31.62,15.65
43720,보은군,2019,32949.0,4915.0,10909.0,33.11,14.92
43720,보은군,2020,32412.0,4587.0,11217.0,34.61,14.15
43720,보은군,2021,31878.0,4263.0,11506.0,36.09,13.37
43720,보은군,2022,31455.0,4030.0,11795.0,37.5,12.81
43720,보은군,2023,31010.0,3789.0,12177.0,39.27,12.22
43720,보은군,2024,30527.0,3580.0,12537.0,41.07,11.73
43720,보은군,2025,30529.0,3573.0,12944.0,42.4,11.7
43730,옥천군,2016,52267.0,9818.0,13255.0,25.36,18.78
43730,옥천군,2017,51766.0,9451.0,13720.0,26.5,18.26
43730,옥천군,2018,51465.0,9117.0,14123.0,27.44,17.71
43730,옥천군,2019,51023.0,8768.0,14557.0,28.53,17.18
43730,옥천군,2020,50527.0,8289.0,15080.0,29.85,16.41
43730,옥천군,2021,50093.0,7792.0,15581.0,31.1,15.56
43730,옥천군,2022,49520.0,7279.0,16265.0,32.85,14.7
43730,옥천군,2023,48891.0,6980.0,16665.0,34.09,14.28
43730,옥천군,2024,48204.0,6669.0,17216.0,35.71,13.83
43730,옥천군,2025,49601.0,6938.0,18171.0,36.63,13.99
43740,영동군,2016,50552.0,9586.0,13750.0,27.2,18.96
43740,영동군,2017,50240.0,9283.0,14111.0,28.09,18.48
43740,영동군,2018,49715.0,9021.0,14373.0,28.91,18.15
43740,영동군,2019,48738.0,8425.0,14601.0,29.96,17.29
43740,영동군,2020,47475.0,7724.0,15082.0,31.77,16.27
43740,영동군,2021,45773.0,6777.0,15295.0,33.41,14.81
43740,영동군,2022,44956.0,6280.0,15767.0,35.07,13.97
43740,영동군,2023,44195.0,5946.0,16161.0,36.57,13.45
43740,영동군,2024,43551.0,5665.0,16625.0,38.17,13.01
43740,영동군,2025,43032.0,5544.0,17202.0,39.97,12.88
43745,증평군,2016,37308.0,10085.0,5323.0,14.27,27.03
43745,증평군,2017,37783.0,10107.0,5626.0,14.89,26.75
43745,증평군,2018,37317.0,9791.0,5846.0,15.67,26.24
43745,증평군,2019,37392.0,9585.0,6143.0,16.43,25.63
43745,증평군,2020,36807.0,9269.0,6416.0,17.43,25.18
43745,증평군,2021,36426.0,8820.0,6782.0,18.62,24.21
43745,증평군,2022,37262.0,8951.0,7264.0,19.49,24.02
43745,증평군,2023,37484.0,8796.0,7694.0,20.53,23.47
43745,증평군,2024,37171.0,8459.0,8044.0,21.64,22.76
43745,증평군,2025,36680.0,8137.0,8457.0,23.06,22.18
43750,진천군,2016,69950.0,17013.0,11306.0,16.16,24.32
43750,진천군,2017,73677.0,18321.0,11889.0,16.14,24.87
43750,진천군,2018,78218.0,19801.0,12395.0,15.85,25.32
43750,진천군,2019,81084.0,20304.0,13002.0,16.04,25.04
43750,진천군,2020,83718.0,20745.0,13762.0,16.44,24.78
43750,진천군,2021,85176.0,20621.0,14427.0,16.94,24.21
43750,진천군,2022,86147.0,20269.0,15286.0,17.74,23.53
43750,진천군,2023,86254.0,19541.0,15933.0,18.47,22.66
43750,진천군,2024,86537.0,19034.0,16767.0,19.38,22.0
43750,진천군,2025,86580.0,18414.0,17782.0,20.54,21.27
43760,괴산군,2016,38973.0,6332.0,11592.0,29.74,16.25
43760,괴산군,2017,39054.0,6349.0,11898.0,30.47,16.26
43760,괴산군,2018,39133.0,6356.0,12103.0,30.93,16.24
43760,괴산군,2019,39163.0,6246.0,12527.0,31.99,15.95
43760,괴산군,2020,39393.0,5938.0,13157.0,33.4,15.07
43760,괴산군,2021,38122.0,5048.0,13562.0,35.58,13.24
43760,괴산군,2022,37055.0,4495.0,13947.0,37.64,12.13
43760,괴산군,2023,36590.0,4210.0,14476.0,39.56,11.51
43760,괴산군,2024,36252.0,4030.0,15024.0,41.44,11.12
43760,괴산군,2025,38293.0,4548.0,15948.0,41.65,11.88
43770,음성군,2016,97787.0,22863.0,16906.0,17.29,23.38
43770,음성군,2017,97306.0,22020.0,17685.0,18.17,22.63
43770,음성군,2018,95830.0,21174.0,18303.0,19.1,22.1
43770,음성군,2019,94982.0,20414.0,19067.0,20.07,21.49
43770,음성군,2020,93153.0,19174.0,19978.0,21.45,20.58
43770,음성군,2021,92197.0,18281.0,20783.0,22.54,19.83
43770,음성군,2022,92058.0,17694.0,21808.0,23.69,19.22
43770,음성군,2023,91183.0,17039.0,22823.0,25.03,18.69
43770,음성군,2024,91236.0,16896.0,23968.0,26.27,18.52
43770,음성군,2025,94280.0,17748.0,25363.0,26.9,18.82
43800,단양군,2016,30503.0,5196.0,7897.0,25.89,17.03
43800,단양군,2017,30215.0,5043.0,8167.0,27.03,16.69
43800,단양군,2018,30255.0,4967.0,8374.0,27.68,16.42
43800,단양군,2019,29756.0,4648.0,8645.0,29.05,15.62
43800,단양군,2020,29155.0,4263.0,9026.0,30.96,14.62
43800,단양군,2021,28331.0,3857.0,9286.0,32.78,13.61
43800,단양군,2022,27767.0,3599.0,9656.0,34.78,12.96
43800,단양군,2023,27701.0,3489.0,10063.0,36.33,12.6
43800,단양군,2024,27352.0,3328.0,10491.0,38.36,12.17
43800,단양군,2025,26812.0,3152.0,10870.0,40.54,11.76
44130,천안시,2016,617955.0,194734.0,57001.0,9.22,31.51
44130,천안시,2017,631531.0,198510.0,60562.0,9.59,31.43
44130,천안시,2018,646075.0,202556.0,63526.0,9.83,31.35
44130,천안시,2019,652258.0,201994.0,67177.0,10.3,30.97
44130,천안시,2020,658808.0,202043.0,72151.0,10.95,30.67
44130,천안시,2021,658486.0,197409.0,76090.0,11.56,29.98
44130,천안시,2022,657559.0,191619.0,80766.0,12.28,29.14
44130,천안시,2023,655959.0,186598.0,85875.0,13.09,28.45
44130,천안시,2024,659920.0,185046.0,92478.0,14.01,28.04
44130,천안시,2025,664322.0,183726.0,100362.0,15.11,27.66
44150,공주시,2016,109931.0,24195.0,24213.0,22.03,22.01
44150,공주시,2017,108432.0,23442.0,25008.0,23.06,21.62
44150,공주시,2018,107581.0,22959.0,25546.0,23.75,21.34
44150,공주시,2019,106474.0,22157.0,26448.0,24.84,20.81
44150,공주시,2020,104545.0,20765.0,27675.0,26.47,19.86
44150,공주시,2021,103145.0,19830.0,28478.0,27.61,19.23
44150,공주시,2022,102571.0,19451.0,29452.0,28.71,18.96
44150,공주시,2023,102104.0,19235.0,30500.0,29.87,18.84
44150,공주시,2024,101285.0,18929.0,31722.0,31.32,18.69
44150,공주시,2025,99979.0,18292.0,33038.0,33.04,18.3
44180,보령시,2016,103873.0,21904.0,22968.0,22.11,21.09
44180,보령시,2017,103198.0,21362.0,23622.0,22.89,20.7
44180,보령시,2018,101990.0,20743.0,24116.0,23.65,20.34
44180,보령시,2019,101114.0,19925.0,24988.0,24.71,19.71
44180,보령시,2020,100229.0,18989.0,26211.0,26.15,18.95
44180,보령시,2021,98408.0,17942.0,26851.0,27.29,18.23
44180,보령시,2022,97157.0,17030.0,27741.0,28.55,17.53
44180,보령시,2023,95772.0,16042.0,28525.0,29.78,16.75
44180,보령시,2024,93780.0,15108.0,29461.0,31.42,16.11
44180,보령시,2025,92117.0,14432.0,30604.0,33.22,15.67
44200,아산시,2016,302929.0,89939.0,35067.0,11.58,29.69
44200,아산시,2017,311453.0,91154.0,36969.0,11.87,29.27
44200,아산시,2018,312822.0,89678.0,38206.0,12.21,28.67
44200,아산시,2019,314395.0,87179.0,40045.0,12.74,27.73
44200,아산시,2020,316129.0,85011.0,42355.0,13.4,26.89
44200,아산시,2021,324580.0,85775.0,44602.0,13.74,26.43
44200,아산시,2022,334539.0,86273.0,47012.0,14.05,25.79
44200,아산시,2023,345796.0,88810.0,49677.0,14.37,25.68
44200,아산시,2024,355014.0,91010.0,52923.0,14.91,25.64
44200,아산시,2025,359378.0,90097.0,56533.0,15.73,25.07
44210,서산시,2016,170788.0,42896.0,28030.0,16.41,25.12
44210,서산시,2017,171678.0,42582.0,29012.0,16.9,24.8
44210,서산시,2018,174162.0,42847.0,29878.0,17.16,24.6
44210,서산시,2019,174690.0,42125.0,31101.0,17.8,24.11
44210,서산시,2020,175591.0,41400.0,32436.0,18.47,23.58
44210,서산시,2021,176645.0,40482.0,33834.0,19.15,22.92
44210,서산시,2022,176413.0,39180.0,35323.0,20.02,22.21
44210,서산시,2023,176011.0,37995.0,36822.0,20.92,21.59
44210,서산시,2024,174445.0,36597.0,38611.0,22.13,20.98
44210,서산시,2025,172438.0,35074.0,40659.0,23.58,20.34
44230,논산시,2016,123213.0,26011.0,28057.0,22.77,21.11
44230,논산시,2017,122240.0,25176.0,28630.0,23.42,20.6
44230,논산시,2018,120230.0,24262.0,29161.0,24.25,20.18
44230,논산시,2019,118842.0,23414.0,30106.0,25.33,19.7
44230,논산시,2020,116675.0,22151.0,31095.0,26.65,18.99
44230,논산시,2021,114483.0,20983.0,31783.0,27.76,18.33
44230,논산시,2022,112617.0,20079.0,32616.0,28.96,17.83
44230,논산시,2023,110423.0,18959.0,33458.0,30.3,17.17
44230,논산시,2024,108529.0,18123.0,34591.0,31.87,16.7
44230,논산시,2025,106777.0,17523.0,35802.0,33.53,16.41
44250,계룡시,2016,42634.0,10317.0,3847.0,9.02,24.2
44250,계룡시,2017,43967.0,10500.0,4175.0,9.5,23.88
44250,계룡시,2018,43731.0,10240.0,4446.0,10.17,23.42
44250,계룡시,2019,42971.0,9781.0,4764.0,11.09,22.76
44250,계룡시,2020,42822.0,9514.0,5141.0,12.01,22.22
44250,계룡시,2021,43331.0,9521.0,5506.0,12.71,21.97
44250,계룡시,2022,44475.0,9621.0,5974.0,13.43,21.63
44250,계룡시,2023,46667.0,10325.0,6552.0,14.04,22.12
44250,계룡시,2024,46540.0,10137.0,7006.0,15.05,21.78
44250,계룡시,2025,45846.0,9649.0,7523.0,16.41,21.05
44270,당진시,2016,166630.0,44326.0,27445.0,16.47,26.6
44270,당진시,2017,167439.0,43640.0,28386.0,16.95,26.06
44270,당진시,2018,167770.0,42652.0,28986.0,17.28,25.42
44270,당진시,2019,167042.0,40804.0,29933.0,17.92,24.43
44270,당진시,2020,166249.0,38902.0,31331.0,18.85,23.4
44270,당진시,2021,167092.0,37454.0,32517.0,19.46,22.42
44270,당진시,2022,168253.0,36089.0,33915.0,20.16,21.45
44270,당진시,2023,170302.0,35388.0,35271.0,20.71,20.78
44270,당진시,2024,171931.0,35149.0,36886.0,21.45,20.44
44270,당진시,2025,172564.0,34522.0,38796.0,22.48,20.01
44710,금산군,2016,54612.0,9902.0,14606.0,26.75,18.13
44710,금산군,2017,53894.0,9346.0,14982.0,27.8,17.34
44710,금산군,2018,53222.0,8902.0,15181.0,28.52,16.73
44710,금산군,2019,52257.0,8400.0,15613.0,29.88,16.07
44710,금산군,2020,51413.0,7785.0,16075.0,31.27,15.14
44710,금산군,2021,50477.0,7071.0,16507.0,32.7,14.01
44710,금산군,2022,50092.0,6686.0,17077.0,34.09,13.35
44710,금산군,2023,50093.0,6528.0,17579.0,35.09,13.03
44710,금산군,2024,49615.0,6349.0,18012.0,36.3,12.8
44710,금산군,2025,48898.0,6067.0,18707.0,38.26,12.41
44760,부여군,2016,70187.0,12170.0,20772.0,29.6,17.34
44760,부여군,2017,69086.0,11665.0,21209.0,30.7,16.88
44760,부여군,2018,68078.0,11218.0,21508.0,31.59,16.48
44760,부여군,2019,66740.0,10526.0,22051.0,33.04,15.77
44760,부여군,2020,65354.0,9827.0,22683.0,34.71,15.04
44760,부여군,2021,63774.0,9150.0,23199.0,36.38,14.35
44760,부여군,2022,62343.0,8492.0,23657.0,37.95,13.62
44760,부여군,2023,61046.0,7961.0,24032.0,39.37,13.04
44760,부여군,2024,59550.0,7437.0,24506.0,41.15,12.49
44760,부여군,2025,58377.0,7083.0,25139.0,43.06,12.13
44770,서천군,2016,56012.0,9361.0,17584.0,31.39,16.71
44770,서천군,2017,55175.0,8923.0,17931.0,32.5,16.17
44770,서천군,2018,53922.0,8418.0,18048.0,33.47,15.61
44770,서천군,2019,52805.0,7927.0,18417.0,34.88,15.01
44770,서천군,2020,51866.0,7342.0,18988.0,36.61,14.16
44770,서천군,2021,50745.0,6808.0,19315.0,38.06,13.42
44770,서천군,2022,49964.0,6413.0,19592.0,39.21,12.84
44770,서천군,2023,49116.0,6101.0,19942.0,40.6,12.42
44770,서천군,2024,48204.0,5819.0,20288.0,42.09,12.07
44770,서천군,2025,47225.0,5623.0,20700.0,43.83,11.91
44790,청양군,2016,32753.0,5617.0,10329.0,31.54,17.15
44790,청양군,2017,32837.0,5658.0,10458.0,31.85,17.23
44790,청양군,2018,32296.0,5499.0,10516.0,32.56,17.03
44790,청양군,2019,31717.0,5195.0,10762.0,33.93,16.38
44790,청양군,2020,30948.0,4744.0,11059.0,35.73,15.33
44790,청양군,2021,30440.0,4449.0,11292.0,37.1,14.62
44790,청양군,2022,30266.0,4312.0,11506.0,38.02,14.25
44790,청양군,2023,30168.0,4312.0,11795.0,39.1,14.29
44790,청양군,2024,29658.0,4107.0,12082.0,40.74,13.85
44790,청양군,2025,29986.0,4013.0,12593.0,42.0,13.38
44800,홍성군,2016,99971.0,22119.0,21315.0,21.32,22.13
44800,홍성군,2017,101570.0,22236.0,21895.0,21.56,21.89
44800,홍성군,2018,101082.0,21681.0,22363.0,22.12,21.45
44800,홍성군,2019,100423.0,20946.0,22991.0,22.89,20.86
44800,홍성군,2020,100102.0,20211.0,24005.0,23.98,20.19
44800,홍성군,2021,99324.0,19376.0,24603.0,24.77,19.51
44800,홍성군,2022,98068.0,18428.0,25234.0,25.73,18.79
44800,홍성군,2023,97524.0,17960.0,25994.0,26.65,18.42
44800,홍성군,2024,99198.0,18500.0,27077.0,27.3,18.65
44800,홍성군,2025,100557.0,18781.0,28348.0,28.19,18.68
44810,예산군,2016,81339.0,15115.0,22006.0,27.05,18.58
44810,예산군,2017,80338.0,14497.0,22601.0,28.13,18.05
44810,예산군,2018,80083.0,14321.0,23067.0,28.8,17.88
44810,예산군,2019,79238.0,13725.0,23711.0,29.92,17.32
44810,예산군,2020,78084.0,12960.0,24627.0,31.54,16.6
44810,예산군,2021,76801.0,12230.0,25262.0,32.89,15.92
44810,예산군,2022,77385.0,12084.0,26059.0,33.67,15.62
44810,예산군,2023,78354.0,12194.0,26776.0,34.17,15.56
44810,예산군,2024,78772.0,12206.0,27566.0,34.99,15.5
44810,예산군,2025,78815.0,12074.0,28513.0,36.18,15.32
44825,태안군,2016,63900.0,12227.0,16868.0,26.4,19.13
44825,태안군,2017,63932.0,12031.0,17506.0,27.38,18.82
44825,태안군,2018,63238.0,11410.0,17967.0,28.41,18.04
44825,태안군,2019,62743.0,10892.0,18567.0,29.59,17.36
44825,태안군,2020,62214.0,10154.0,19356.0,31.11,16.32
44825,태안군,2021,61526.0,9382.0,20140.0,32.73,15.25
44825,태안군,2022,61335.0,8817.0,20971.0,34.19,14.38
44825,태안군,2023,60784.0,8349.0,21736.0,35.76,13.74
44825,태안군,2024,60133.0,8090.0,22439.0,37.32,13.45
44825,태안군,2025,59474.0,7776.0,23377.0,39.31,13.07
46110,목포시,2016,237739.0,61828.0,32445.0,13.65,26.01
46110,목포시,2017,234379.0,59868.0,33834.0,14.44,25.54
46110,목포시,2018,232327.0,58293.0,34821.0,14.99,25.09
46110,목포시,2019,229861.0,56158.0,36087.0,15.7,24.43
46110,목포시,2020,224044.0,52885.0,37827.0,16.88,23.6
46110,목포시,2021,218589.0,49816.0,39063.0,17.87,22.79
46110,목포시,2022,216939.0,47983.0,40805.0,18.81,22.12
46110,목포시,2023,214156.0,45938.0,42446.0,19.82,21.45
46110,목포시,2024,209890.0,43690.0,44454.0,21.18,20.82
46110,목포시,2025,202003.0,40626.0,46318.0,22.93,20.11
46130,여수시,2016,288988.0,71444.0,46632.0,16.14,24.72
46130,여수시,2017,286382.0,69655.0,48569.0,16.96,24.32
46130,여수시,2018,283300.0,67991.0,49609.0,17.51,24.0
46130,여수시,2019,282786.0,66784.0,51995.0,18.39,23.62
46130,여수시,2020,280242.0,64745.0,54587.0,19.48,23.1
46130,여수시,2021,276762.0,62337.0,56362.0,20.36,22.52
46130,여수시,2022,274765.0,60416.0,58798.0,21.4,21.99
46130,여수시,2023,271696.0,58093.0,61135.0,22.5,21.38
46130,여수시,2024,267816.0,55823.0,63857.0,23.84,20.84
46130,여수시,2025,263284.0,52919.0,66882.0,25.4,20.1
46150,순천시,2016,278548.0,71228.0,37961.0,13.63,25.57
46150,순천시,2017,279331.0,71146.0,39498.0,14.14,25.47
46150,순천시,2018,279389.0,71030.0,40542.0,14.51,25.42
46150,순천시,2019,279598.0,70319.0,42273.0,15.12,25.15
46150,순천시,2020,282189.0,70670.0,44445.0,15.75,25.04
46150,순천시,2021,281436.0,69502.0,46062.0,16.37,24.7
46150,순천시,2022,278737.0,66900.0,48061.0,17.24,24.0
46150,순천시,2023,278137.0,65633.0,50517.0,18.16,23.6
46150,순천시,2024,276329.0,64006.0,53410.0,19.33,23.16
46150,순천시,2025,275492.0,62698.0,56914.0,20.66,22.76
46170,나주시,2016,104376.0,24969.0,23489.0,22.5,23.92
46170,나주시,2017,110110.0,26922.0,24178.0,21.96,24.45
46170,나주시,2018,113839.0,27825.0,24658.0,21.66,24.44
46170,나주시,2019,114664.0,27272.0,25257.0,22.03,23.78
46170,나주시,2020,115613.0,27005.0,25986.0,22.48,23.36
46170,나주시,2021,116726.0,26636.0,26740.0,22.91,22.82
46170,나주시,2022,116456.0,25616.0,27488.0,23.6,22.0
46170,나주시,2023,117377.0,25555.0,28254.0,24.07,21.77
46170,나주시,2024,116654.0,24782.0,29155.0,24.99,21.24
46170,나주시,2025,117076.0,24607.0,30188.0,25.78,21.02
46230,광양시,2016,155580.0,41977.0,17026.0,10.94,26.98
46230,광양시,2017,155857.0,42100.0,17712.0,11.36,27.01
46230,광양시,2018,156564.0,42123.0,18319.0,11.7,26.9
46230,광양시,2019,156750.0,41412.0,19300.0,12.31,26.42
46230,광양시,2020,151769.0,38741.0,20188.0,13.3,25.53
46230,광양시,2021,150531.0,37319.0,20994.0,13.95,24.79
46230,광양시,2022,152168.0,37071.0,22331.0,14.68,24.36
46230,광양시,2023,152666.0,36281.0,23650.0,15.49,23.76
46230,광양시,2024,154692.0,36632.0,25136.0,16.25,23.68
46230,광양시,2025,155259.0,35963.0,27036.0,17.41,23.16
46710,담양군,2016,47229.0,9210.0,13329.0,28.22,19.5
46710,담양군,2017,47285.0,9117.0,13623.0,28.81,19.28
46710,담양군,2018,46917.0,8896.0,13816.0,29.45,18.96
46710,담양군,2019,46535.0,8934.0,13960.0,30.0,19.2
46710,담양군,2020,46280.0,8478.0,14436.0,31.19,18.32
46710,담양군,2021,46180.0,8077.0,14662.0,31.75,17.49
46710,담양군,2022,45792.0,7600.0,15058.0,32.88,16.6
46710,담양군,2023,45373.0,7186.0,15373.0,33.88,15.84
46710,담양군,2024,44623.0,6696.0,15890.0,35.61,15.01
46710,담양군,2025,44177.0,6386.0,16542.0,37.44,14.46
46720,곡성군,2016,30400.0,5081.0,9912.0,32.61,16.71
46720,곡성군,2017,30131.0,4995.0,10035.0,33.3,16.58
46720,곡성군,2018,29624.0,4783.0,10028.0,33.85,16.15
46720,곡성군,2019,28887.0,4481.0,10084.0,34.91,15.51
46720,곡성군,2020,28039.0,4105.0,10185.0,36.32,14.64
46720,곡성군,2021,27535.0,3792.0,10233.0,37.16,13.77
46720,곡성군,2022,27060.0,3666.0,10368.0,38.31,13.55
46720,곡성군,2023,26905.0,3568.0,10576.0,39.31,13.26
46720,곡성군,2024,26566.0,3428.0,10765.0,40.52,12.9
46720,곡성군,2025,27287.0,3585.0,11230.0,41.16,13.14
46730,구례군,2016,27412.0,4702.0,8250.0,30.1,17.15
46730,구례군,2017,27525.0,4589.0,8447.0,30.69,16.67
46730,구례군,2018,27117.0,4391.0,8510.0,31.38,16.19
46730,구례군,2019,26563.0,4143.0,8676.0,32.66,15.6
46730,구례군,2020,25719.0,3671.0,8882.0,34.53,14.27
46730,구례군,2021,25235.0,3388.0,8968.0,35.54,13.43
46730,구례군,2022,24655.0,3067.0,9069.0,36.78,12.44
46730,구례군,2023,24314.0,2939.0,9246.0,38.03,12.09
46730,구례군,2024,24025.0,2825.0,9477.0,39.45,11.76
46730,구례군,2025,23803.0,2761.0,9828.0,41.29,11.6
46770,고흥군,2016,67656.0,9582.0,25364.0,37.49,14.16
46770,고흥군,2017,66736.0,9267.0,25496.0,38.2,13.89
46770,고흥군,2018,65777.0,8947.0,25568.0,38.87,13.6
46770,고흥군,2019,64913.0,8479.0,25806.0,39.75,13.06
46770,고흥군,2020,63922.0,7855.0,26298.0,41.14,12.29
46770,고흥군,2021,62762.0,7262.0,26507.0,42.23,11.57
46770,고흥군,2022,61880.0,6884.0,26717.0,43.18,11.12
46770,고흥군,2023,61113.0,6653.0,27061.0,44.28,10.89
46770,고흥군,2024,60190.0,6369.0,27498.0,45.69,10.58
46770,고흥군,2025,59455.0,6148.0,28091.0,47.25,10.34
46780,보성군,2016,44469.0,7190.0,15269.0,34.34,16.17
46780,보성군,2017,43755.0,6804.0,15441.0,35.29,15.55
46780,보성군,2018,42803.0,6537.0,15376.0,35.92,15.27
46780,보성군,2019,41420.0,5939.0,15429.0,37.25,14.34
46780,보성군,2020,40482.0,5527.0,15603.0,38.54,13.65
46780,보성군,2021,39375.0,5044.0,15714.0,39.91,12.81
46780,보성군,2022,38471.0,4600.0,15834.0,41.16,11.96
46780,보성군,2023,37686.0,4407.0,15952.0,42.33,11.69
46780,보성군,2024,37045.0,4189.0,16247.0,43.86,11.31
46780,보성군,2025,36858.0,4148.0,16540.0,44.87,11.25
46790,화순군,2016,65303.0,13044.0,15516.0,23.76,19.97
46790,화순군,2017,64680.0,12855.0,15828.0,24.47,19.87
46790,화순군,2018,63933.0,12552.0,15996.0,25.02,19.63
46790,화순군,2019,62737.0,11816.0,16286.0,25.96,18.83
46790,화순군,2020,62522.0,11567.0,16791.0,26.86,18.5
46790,화순군,2021,62624.0,11370.0,17232.0,27.52,18.16
46790,화순군,2022,62024.0,11013.0,17681.0,28.51,17.76
46790,화순군,2023,61254.0,10710.0,18185.0,29.69,17.48
46790,화순군,2024,60735.0,10494.0,18776.0,30.91,17.28
46790,화순군,2025,60215.0,10360.0,19437.0,32.28,17.21
46800,장흥군,2016,40669.0,6994.0,12610.0,31.01,17.2
46800,장흥군,2017,40136.0,6874.0,12682.0,31.6,17.13
46800,장흥군,2018,39312.0,6665.0,12611.0,32.08,16.95
46800,장흥군,2019,38563.0,6321.0,12720.0,32.98,16.39
46800,장흥군,2020,37800.0,5882.0,12928.0,34.2,15.56
46800,장흥군,2021,36547.0,5382.0,13022.0,35.63,14.73
46800,장흥군,2022,35650.0,4994.0,13061.0,36.64,14.01
46800,장흥군,2023,35046.0,4762.0,13264.0,37.85,13.59
46800,장흥군,2024,34451.0,4629.0,13479.0,39.13,13.44
46800,장흥군,2025,34201.0,4512.0,13822.0,40.41,13.19
46810,강진군,2016,37753.0,6630.0,11655.0,30.87,17.56
46810,강진군,2017,36868.0,6312.0,11773.0,31.93,17.12
46810,강진군,2018,36144.0,6039.0,11828.0,32.72,16.71
46810,강진군,2019,35286.0,5655.0,11883.0,33.68,16.03
46810,강진군,2020,34597.0,5326.0,12035.0,34.79,15.39
46810,강진군,2021,33753.0,4942.0,12131.0,35.94,14.64
46810,강진군,2022,33177.0,4679.0,12278.0,37.01,14.1
46810,강진군,2023,32722.0,4493.0,12505.0,38.22,13.73
46810,강진군,2024,32189.0,4369.0,12685.0,39.41,13.57
46810,강진군,2025,31799.0,4274.0,12933.0,40.67,13.44
46820,해남군,2016,75121.0,13346.0,21549.0,28.69,17.77
46820,해남군,2017,73604.0,12620.0,21862.0,29.7,17.15
46820,해남군,2018,71901.0,11991.0,21811.0,30.33,16.68
46820,해남군,2019,70354.0,11317.0,21957.0,31.21,16.09
46820,해남군,2020,68806.0,10622.0,22293.0,32.4,15.44
46820,해남군,2021,67166.0,9964.0,22562.0,33.59,14.83
46820,해남군,2022,65831.0,9295.0,22912.0,34.8,14.12
46820,해남군,2023,64575.0,8855.0,23293.0,36.07,13.71
46820,해남군,2024,63120.0,8342.0,23771.0,37.66,13.22
46820,해남군,2025,62188.0,8133.0,24303.0,39.08,13.08
46830,영암군,2016,57045.0,11928.0,13574.0,23.8,20.91
46830,영암군,2017,55616.0,11098.0,13777.0,24.77,19.95
46830,영암군,2018,54731.0,10657.0,13835.0,25.28,19.47
46830,영암군,2019,54593.0,10394.0,14074.0,25.78,19.04
46830,영암군,2020,53699.0,9881.0,14400.0,26.82,18.4
46830,영암군,2021,52937.0,9324.0,14648.0,27.67,17.61
46830,영암군,2022,52395.0,8843.0,14929.0,28.49,16.88
46830,영암군,2023,52350.0,8702.0,15298.0,29.22,16.62
46830,영암군,2024,51391.0,8304.0,15642.0,30.44,16.16
46830,영암군,2025,50069.0,7648.0,16132.0,32.22,15.27
46840,무안군,2016,82109.0,18552.0,16175.0,19.7,22.59
46840,무안군,2017,82872.0,18649.0,16467.0,19.87,22.5
46840,무안군,2018,81991.0,18086.0,16599.0,20.24,22.06
46840,무안군,2019,81105.0,17526.0,16858.0,20.79,21.61
46840,무안군,2020,86132.0,19097.0,17528.0,20.35,22.17
46840,무안군,2021,91107.0,20641.0,17986.0,19.74,22.66
46840,무안군,2022,90608.0,19827.0,18423.0,20.33,21.88
46840,무안군,2023,90296.0,19319.0,19000.0,21.04,21.4
46840,무안군,2024,92687.0,19970.0,19592.0,21.14,21.55
46840,무안군,2025,95592.0,20627.0,20443.0,21.39,21.58
46860,함평군,2016,34397.0,5700.0,11302.0,32.86,16.57
46860,함평군,2017,34328.0,5648.0,11447.0,33.35,16.45
46860,함평군,2018,33420.0,5292.0,11421.0,34.17,15.83
46860,함평군,2019,32861.0,4990.0,11564.0,35.19,15.19
46860,함평군,2020,32050.0,4640.0,11720.0,36.57,14.48
46860,함평군,2021,31274.0,4172.0,11867.0,37.95,13.34
46860,함평군,2022,30784.0,3949.0,12051.0,39.15,12.83
46860,함평군,2023,30601.0,3882.0,12326.0,40.28,12.69
46860,함평군,2024,30010.0,3786.0,12410.0,41.35,12.62
46860,함평군,2025,29458.0,3614.0,12580.0,42.7,12.27
46870,영광군,2016,55618.0,11079.0,14773.0,26.56,19.92
46870,영광군,2017,54774.0,10720.0,15002.0,27.39,19.57
46870,영광군,2018,54127.0,10414.0,15045.0,27.8,19.24
46870,영광군,2019,53852.0,10250.0,15194.0,28.21,19.03
46870,영광군,2020,53099.0,9883.0,15488.0,29.17,18.61
46870,영광군,2021,51985.0,9253.0,15641.0,30.09,17.8
46870,영광군,2022,52197.0,9185.0,15999.0,30.65,17.6
46870,영광군,2023,51750.0,8957.0,16281.0,31.46,17.31
46870,영광군,2024,52098.0,9095.0,16677.0,32.01,17.46
46870,영광군,2025,53526.0,9539.0,17368.0,32.45,17.82
46880,장성군,2016,46104.0,9060.0,12546.0,27.21,19.65
46880,장성군,2017,46111.0,8957.0,12805.0,27.77,19.42
46880,장성군,2018,45795.0,8643.0,12936.0,28.25,18.87
46880,장성군,2019,45739.0,8779.0,13067.0,28.57,19.19
46880,장성군,2020,44464.0,7934.0,13400.0,30.14,17.84
46880,장성군,2021,43365.0,7266.0,13536.0,31.21,16.76
46880,장성군,2022,43146.0,7055.0,13879.0,32.17,16.35
46880,장성군,2023,42543.0,6756.0,14143.0,33.24,15.88
46880,장성군,2024,42026.0,6527.0,14454.0,34.39,15.53
46880,장성군,2025,42958.0,6805.0,15063.0,35.06,15.84
46890,완도군,2016,52668.0,9485.0,15623.0,29.66,18.01
46890,완도군,2017,52109.0,9166.0,15760.0,30.24,17.59
46890,완도군,2018,51477.0,8820.0,15734.0,30.57,17.13
46890,완도군,2019,50689.0,8296.0,15921.0,31.41,16.37
46890,완도군,2020,49916.0,7785.0,16244.0,32.54,15.6
46890,완도군,2021,48631.0,7173.0,16452.0,33.83,14.75
46890,완도군,2022,47597.0,6621.0,16544.0,34.76,13.91
46890,완도군,2023,46641.0,6215.0,16776.0,35.97,13.33
46890,완도군,2024,45631.0,5881.0,17080.0,37.43,12.89
46890,완도군,2025,44613.0,5499.0,17398.0,39.0,12.33
46900,진도군,2016,32078.0,5438.0,10105.0,31.5,16.95
46900,진도군,2017,31765.0,5247.0,10191.0,32.08,16.52
46900,진도군,2018,31219.0,5087.0,10111.0,32.39,16.29
46900,진도군,2019,30715.0,4866.0,10085.0,32.83,15.84
46900,진도군,2020,31227.0,5013.0,10325.0,33.06,16.05
46900,진도군,2021,30066.0,4496.0,10405.0,34.61,14.95
46900,진도군,2022,29507.0,4262.0,10540.0,35.72,14.44
46900,진도군,2023,28979.0,4077.0,10679.0,36.85,14.07
46900,진도군,2024,28478.0,3931.0,10745.0,37.73,13.8
46900,진도군,2025,27964.0,3700.0,11082.0,39.63,13.23
46910,신안군,2016,42652.0,7448.0,13811.0,32.38,17.46
46910,신안군,2017,42070.0,7038.0,14024.0,33.33,16.73
46910,신안군,2018,41263.0,6683.0,13958.0,33.83,16.2
46910,신안군,2019,40274.0,6203.0,14072.0,34.94,15.4
46910,신안군,2020,38938.0,5461.0,14291.0,36.7,14.02
46910,신안군,2021,38217.0,5007.0,14411.0,37.71,13.1
46910,신안군,2022,37858.0,4706.0,14655.0,38.71,12.43
46910,신안군,2023,38037.0,4673.0,14914.0,39.21,12.29
46910,신안군,2024,38173.0,4605.0,15292.0,40.06,12.06
46910,신안군,2025,41858.0,5266.0,16146.0,38.57,12.58
47110,포항시,2016,516775.0,130876.0,68296.0,13.22,25.33
47110,포항시,2017,513832.0,127735.0,72952.0,14.2,24.86
47110,포항시,2018,510013.0,124510.0,77024.0,15.1,24.41
47110,포항시,2019,507025.0,120438.0,82001.0,16.17,23.75
47110,포항시,2020,502916.0,116027.0,87960.0,17.49,23.07
47110,포항시,2021,503852.0,114210.0,93477.0,18.55,22.67
47110,포항시,2022,496650.0,107567.0,98684.0,19.87,21.66
47110,포항시,2023,493033.0,103834.0,104052.0,21.1,21.06
47110,포항시,2024,491581.0,101716.0,110312.0,22.44,20.69
47110,포항시,2025,488707.0,98540.0,116943.0,23.93,20.16
47130,경주시,2016,259452.0,58774.0,48789.0,18.8,22.65
47130,경주시,2017,257903.0,57271.0,50780.0,19.69,22.21
47130,경주시,2018,256864.0,56335.0,52504.0,20.44,21.93
47130,경주시,2019,255402.0,54581.0,54639.0,21.39,21.37
47130,경주시,2020,253502.0,52381.0,57313.0,22.61,20.66
47130,경주시,2021,251889.0,50214.0,59645.0,23.68,19.93
47130,경주시,2022,249607.0,47672.0,61861.0,24.78,19.1
47130,경주시,2023,247489.0,45921.0,64296.0,25.98,18.55
47130,경주시,2024,244769.0,44270.0,67248.0,27.47,18.09
47130,경주시,2025,244055.0,43410.0,70432.0,28.86,17.79
47150,김천시,2016,142256.0,33261.0,28488.0,20.03,23.38
47150,김천시,2017,142908.0,33025.0,29536.0,20.67,23.11
47150,김천시,2018,141104.0,31717.0,30318.0,21.49,22.48
47150,김천시,2019,141229.0,31111.0,31252.0,22.13,22.03
47150,김천시,2020,140548.0,29762.0,32520.0,23.14,21.18
47150,김천시,2021,140239.0,28644.0,33668.0,24.01,20.43
47150,김천시,2022,139324.0,27379.0,34794.0,24.97,19.65
47150,김천시,2023,137515.0,26080.0,35830.0,26.06,18.97
47150,김천시,2024,135446.0,24906.0,37426.0,27.63,18.39
47150,김천시,2025,133791.0,23667.0,38720.0,28.94,17.69
47170,안동시,2016,168798.0,37608.0,34672.0,20.54,22.28
47170,안동시,2017,166272.0,36101.0,35948.0,21.62,21.71
47170,안동시,2018,162180.0,34368.0,36850.0,22.72,21.19
47170,안동시,2019,160052.0,33185.0,37906.0,23.68,20.73
47170,안동시,2020,158907.0,32271.0,39193.0,24.66,20.31
47170,안동시,2021,156972.0,31248.0,40332.0,25.69,19.91
47170,안동시,2022,154610.0,29739.0,41265.0,26.69,19.23
47170,안동시,2023,152935.0,28907.0,42408.0,27.73,18.9
47170,안동시,2024,153159.0,29483.0,43801.0,28.6,19.25
47170,안동시,2025,152610.0,29335.0,45475.0,29.8,19.22
47190,구미시,2016,419891.0,134262.0,31554.0,7.51,31.98
47190,구미시,2017,421799.0,133201.0,33605.0,7.97,31.58
47190,구미시,2018,421494.0,130839.0,35432.0,8.41,31.04
47190,구미시,2019,419742.0,126934.0,37540.0,8.94,30.24
47190,구미시,2020,416328.0,122369.0,39998.0,9.61,29.39
47190,구미시,2021,412581.0,117428.0,42574.0,10.32,28.46
47190,구미시,2022,408110.0,112060.0,45239.0,11.09,27.46
47190,구미시,2023,405506.0,108227.0,48298.0,11.91,26.69
47190,구미시,2024,404820.0,105157.0,52744.0,13.03,25.98
47190,구미시,2025,403883.0,101700.0,57260.0,14.18,25.18
47210,영주시,2016,109247.0,21466.0,24577.0,22.5,19.65
47210,영주시,2017,108371.0,20902.0,25541.0,23.57,19.29
47210,영주시,2018,106801.0,20195.0,26341.0,24.66,18.91
47210,영주시,2019,105067.0,19264.0,27259.0,25.94,18.33
47210,영주시,2020,103119.0,18117.0,28146.0,27.29,17.57
47210,영주시,2021,101942.0,17598.0,28900.0,28.35,17.26
47210,영주시,2022,100749.0,16856.0,29754.0,29.53,16.73
47210,영주시,2023,100199.0,16518.0,30454.0,30.39,16.49
47210,영주시,2024,98870.0,15966.0,31570.0,31.93,16.15
47210,영주시,2025,97162.0,15275.0,32480.0,33.43,15.72
47230,영천시,2016,100521.0,20301.0,25063.0,24.93,20.2
47230,영천시,2017,100615.0,20245.0,25940.0,25.78,20.12
47230,영천시,2018,101595.0,20453.0,26844.0,26.42,20.13
47230,영천시,2019,102470.0,20480.0,27672.0,27.0,19.99
47230,영천시,2020,102015.0,19591.0,28871.0,28.3,19.2
47230,영천시,2021,101888.0,18795.0,29930.0,29.38,18.45
47230,영천시,2022,101088.0,17752.0,30867.0,30.53,17.56
47230,영천시,2023,100212.0,16879.0,31782.0,31.71,16.84
47230,영천시,2024,98143.0,15699.0,32977.0,33.6,16.0
47230,영천시,2025,95185.0,14211.0,33929.0,35.65,14.93
47250,상주시,2016,101799.0,18194.0,27769.0,27.28,17.87
47250,상주시,2017,100947.0,17818.0,28535.0,28.27,17.65
47250,상주시,2018,100297.0,17504.0,29100.0,29.01,17.45
47250,상주시,2019,100688.0,17247.0,29822.0,29.62,17.13
47250,상주시,2020,97228.0,15608.0,30472.0,31.34,16.05
47250,상주시,2021,95566.0,14670.0,31130.0,32.57,15.35
47250,상주시,2022,94823.0,14101.0,31923.0,33.67,14.87
47250,상주시,2023,93858.0,13399.0,32749.0,34.89,14.28
47250,상주시,2024,91850.0,12528.0,33659.0,36.65,13.64
47250,상주시,2025,89888.0,11852.0,34609.0,38.5,13.19
47280,문경시,2016,74702.0,14007.0,19285.0,25.82,18.75
47280,문경시,2017,73294.0,13345.0,19877.0,27.12,18.21
47280,문경시,2018,71874.0,12639.0,20324.0,28.28,17.58
47280,문경시,2019,72242.0,12583.0,20891.0,28.92,17.42
47280,문경시,2020,71406.0,11933.0,21600.0,30.25,16.71
47280,문경시,2021,71154.0,11556.0,22337.0,31.39,16.24
47280,문경시,2022,70373.0,11119.0,22867.0,32.49,15.8
47280,문경시,2023,68755.0,10396.0,23386.0,34.01,15.12
47280,문경시,2024,67257.0,9628.0,24095.0,35.83,14.32
47280,문경시,2025,65348.0,8842.0,24731.0,37.85,13.53
47290,경산시,2016,258037.0,71899.0,36375.0,14.1,27.86
47290,경산시,2017,259485.0,71419.0,38370.0,14.79,27.52
47290,경산시,2018,261093.0,71234.0,40066.0,15.35,27.28
47290,경산시,2019,263185.0,70554.0,42079.0,15.99,26.81
47290,경산시,2020,263728.0,69421.0,44579.0,16.9,26.32
47290,경산시,2021,268369.0,69238.0,47417.0,17.67,25.8
47290,경산시,2022,267725.0,67792.0,49716.0,18.57,25.32
47290,경산시,2023,266205.0,66090.0,51977.0,19.53,24.83
47290,경산시,2024,266398.0,65869.0,55091.0,20.68,24.73
47290,경산시,2025,263853.0,63627.0,58007.0,21.98,24.11
47730,의성군,2016,54014.0,7716.0,19896.0,36.83,14.29
47730,의성군,2017,53474.0,7403.0,20289.0,37.94,13.84
47730,의성군,2018,52944.0,7153.0,20570.0,38.85,13.51
47730,의성군,2019,52595.0,6921.0,21005.0,39.94,13.16
47730,의성군,2020,51724.0,6397.0,21478.0,41.52,12.37
47730,의성군,2021,50632.0,5784.0,21861.0,43.18,11.42
47730,의성군,2022,50186.0,5539.0,22213.0,44.26,11.04
47730,의성군,2023,50086.0,5378.0,22723.0,45.37,10.74
47730,의성군,2024,48690.0,4900.0,23118.0,47.48,10.06
47730,의성군,2025,47902.0,4561.0,23570.0,49.2,9.52
47750,청송군,2016,26301.0,4164.0,8600.0,32.7,15.83
47750,청송군,2017,26006.0,4013.0,8773.0,33.73,15.43
47750,청송군,2018,25678.0,3853.0,8957.0,34.88,15.01
47750,청송군,2019,25416.0,3708.0,9135.0,35.94,14.59
47750,청송군,2020,25044.0,3387.0,9382.0,37.46,13.52
47750,청송군,2021,24539.0,3126.0,9530.0,38.84,12.74
47750,청송군,2022,24295.0,2981.0,9822.0,40.43,12.27
47750,청송군,2023,24019.0,2868.0,10043.0,41.81,11.94
47750,청송군,2024,23716.0,2699.0,10367.0,43.71,11.38
47750,청송군,2025,23363.0,2611.0,10588.0,45.32,11.18
47760,영양군,2016,17713.0,2654.0,5878.0,33.18,14.98
47760,영양군,2017,17479.0,2536.0,5963.0,34.12,14.51
47760,영양군,2018,17356.0,2488.0,6084.0,35.05,14.34
47760,영양군,2019,16993.0,2333.0,6118.0,36.0,13.73
47760,영양군,2020,16692.0,2177.0,6278.0,37.61,13.04
47760,영양군,2021,16320.0,2058.0,6310.0,38.66,12.61
47760,영양군,2022,16022.0,1912.0,6406.0,39.98,11.93
47760,영양군,2023,15661.0,1748.0,6486.0,41.41,11.16
47760,영양군,2024,15328.0,1644.0,6601.0,43.06,10.73
47760,영양군,2025,15941.0,1858.0,6850.0,42.97,11.66
47770,영덕군,2016,39052.0,6114.0,12897.0,33.03,15.66
47770,영덕군,2017,38529.0,5861.0,13141.0,34.11,15.21
47770,영덕군,2018,38108.0,5746.0,13287.0,34.87,15.08
47770,영덕군,2019,37361.0,5383.0,13458.0,36.02,14.41
47770,영덕군,2020,36313.0,4831.0,13750.0,37.87,13.3
47770,영덕군,2021,35314.0,4389.0,13843.0,39.2,12.43
47770,영덕군,2022,34650.0,4141.0,14006.0,40.42,11.95
47770,영덕군,2023,34055.0,3922.0,14211.0,41.73,11.52
47770,영덕군,2024,33210.0,3594.0,14452.0,43.52,10.82
47770,영덕군,2025,32698.0,3416.0,14718.0,45.01,10.45
47820,청도군,2016,43564.0,6860.0,14274.0,32.77,15.75
47820,청도군,2017,43346.0,6682.0,14779.0,34.1,15.42
47820,청도군,2018,43057.0,6381.0,15172.0,35.24,14.82
47820,청도군,2019,42910.0,6107.0,15541.0,36.22,14.23
47820,청도군,2020,42263.0,5642.0,16027.0,37.92,13.35
47820,청도군,2021,41891.0,5157.0,16444.0,39.25,12.31
47820,청도군,2022,41614.0,4822.0,16896.0,40.6,11.59
47820,청도군,2023,41316.0,4526.0,17342.0,41.97,10.95
47820,청도군,2024,40582.0,4156.0,17964.0,44.27,10.24
47820,청도군,2025,40117.0,3881.0,18650.0,46.49,9.67
47830,고령군,2016,34257.0,6241.0,8889.0,25.95,18.22
47830,고령군,2017,33768.0,5978.0,9253.0,27.4,17.7
47830,고령군,2018,32969.0,5613.0,9380.0,28.45,17.03
47830,고령군,2019,32373.0,5359.0,9648.0,29.8,16.55
47830,고령군,2020,31361.0,4806.0,9941.0,31.7,15.32
47830,고령군,2021,30626.0,4357.0,10165.0,33.19,14.23
47830,고령군,2022,30353.0,4127.0,10497.0,34.58,13.6
47830,고령군,2023,30139.0,3908.0,10862.0,36.04,12.97
47830,고령군,2024,30062.0,3793.0,11392.0,37.9,12.62
47830,고령군,2025,29667.0,3594.0,11872.0,40.02,12.11
47840,성주군,2016,45205.0,8345.0,12398.0,27.43,18.46
47840,성주군,2017,45138.0,8152.0,12839.0,28.44,18.06
47840,성주군,2018,44672.0,7821.0,13142.0,29.42,17.51
47840,성주군,2019,44015.0,7326.0,13477.0,30.62,16.64
47840,성주군,2020,43414.0,6824.0,13971.0,32.18,15.72
47840,성주군,2021,42842.0,6349.0,14413.0,33.64,14.82
47840,성주군,2022,42566.0,5888.0,14978.0,35.19,13.83
47840,성주군,2023,42086.0,5560.0,15405.0,36.6,13.21
47840,성주군,2024,41452.0,5176.0,16044.0,38.71,12.49
47840,성주군,2025,40720.0,4750.0,16762.0,41.16,11.67
47850,칠곡군,2016,123199.0,36450.0,15479.0,12.56,29.59
47850,칠곡군,2017,120864.0,33995.0,16166.0,13.38,28.13
47850,칠곡군,2018,118828.0,31795.0,16692.0,14.05,26.76
47850,칠곡군,2019,117047.0,29479.0,17488.0,14.94,25.19
47850,칠곡군,2020,114758.0,26908.0,18335.0,15.98,23.45
47850,칠곡군,2021,113822.0,25294.0,19201.0,16.87,22.22
47850,칠곡군,2022,112487.0,23685.0,20009.0,17.79,21.06
47850,칠곡군,2023,110581.0,22049.0,20840.0,18.85,19.94
47850,칠곡군,2024,107383.0,20064.0,21825.0,20.32,18.68
47850,칠곡군,2025,104842.0,18504.0,22933.0,21.87,17.65
47900,예천군,2016,46166.0,7700.0,15043.0,32.58,16.68
47900,예천군,2017,49253.0,8478.0,15458.0,31.38,17.21
47900,예천군,2018,53274.0,9533.0,15876.0,29.8,17.89
47900,예천군,2019,55100.0,9785.0,16389.0,29.74,17.76
47900,예천군,2020,55613.0,9585.0,16844.0,30.29,17.24
47900,예천군,2021,55739.0,9303.0,17236.0,30.92,16.69
47900,예천군,2022,55755.0,9127.0,17638.0,31.63,16.37
47900,예천군,2023,55325.0,8838.0,17898.0,32.35,15.97
47900,예천군,2024,54609.0,8415.0,18265.0,33.45,15.41
47900,예천군,2025,53887.0,8131.0,18567.0,34.46,15.09
47920,봉화군,2016,33539.0,5122.0,10706.0,31.92,15.27
47920,봉화군,2017,33259.0,4897.0,10946.0,32.91,14.72
47920,봉화군,2018,32843.0,4664.0,11040.0,33.61,14.2
47920,봉화군,2019,32150.0,4331.0,11222.0,34.91,13.47
47920,봉화군,2020,31494.0,3952.0,11567.0,36.73,12.55
47920,봉화군,2021,30762.0,3572.0,11777.0,38.28,11.61
47920,봉화군,2022,30139.0,3316.0,11980.0,39.75,11.0
47920,봉화군,2023,29603.0,3085.0,12232.0,41.32,10.42
47920,봉화군,2024,28836.0,2812.0,12579.0,43.62,9.75
47920,봉화군,2025,28315.0,2642.0,12844.0,45.36,9.33
47930,울진군,2016,51738.0,10189.0,12665.0,24.48,19.69
47930,울진군,2017,50974.0,9820.0,12854.0,25.22,19.26
47930,울진군,2018,50036.0,9447.0,13073.0,26.13,18.88
47930,울진군,2019,49314.0,9137.0,13356.0,27.08,18.53
47930,울진군,2020,48716.0,8775.0,13643.0,28.01,18.01
47930,울진군,2021,47858.0,8329.0,14013.0,29.28,17.4
47930,울진군,2022,47030.0,7887.0,14284.0,30.37,16.77
47930,울진군,2023,46669.0,7669.0,14583.0,31.25,16.43
47930,울진군,2024,46124.0,7544.0,14955.0,32.42,16.36
47930,울진군,2025,45896.0,7516.0,15436.0,33.63,16.38
47940,울릉군,2016,10001.0,2115.0,2154.0,21.54,21.15
47940,울릉군,2017,9975.0,2076.0,2238.0,22.44,20.81
47940,울릉군,2018,9832.0,2001.0,2290.0,23.29,20.35
47940,울릉군,2019,9617.0,1882.0,2341.0,24.34,19.57
47940,울릉군,2020,9077.0,1685.0,2386.0,26.29,18.56
47940,울릉군,2021,8867.0,1592.0,2390.0,26.95,17.95
47940,울릉군,2022,8996.0,1617.0,2511.0,27.91,17.97
47940,울릉군,2023,9077.0,1607.0,2629.0,28.96,17.7
47940,울릉군,2024,9099.0,1565.0,2742.0,30.14,17.2
47940,울릉군,2025,8696.0,1422.0,2796.0,32.15,16.35
48120,창원시,2016,1063907.0,296291.0,117208.0,11.02,27.85
48120,창원시,2017,1057032.0,289684.0,124875.0,11.81,27.41
48120,창원시,2018,1053601.0,284401.0,131613.0,12.49,26.99
48120,창원시,2019,1044740.0,274042.0,140151.0,13.41,26.23
48120,창원시,2020,1036738.0,264048.0,150905.0,14.56,25.47
48120,창원시,2021,1032741.0,255302.0,160521.0,15.54,24.72
48120,창원시,2022,1021487.0,242950.0,170273.0,16.67,23.78
48120,창원시,2023,1009038.0,232030.0,180319.0,17.87,23.0
48120,창원시,2024,999858.0,224533.0,192030.0,19.21,22.46
48120,창원시,2025,990898.0,216894.0,205456.0,20.73,21.89
48170,진주시,2016,346739.0,89705.0,49318.0,14.22,25.87
48170,진주시,2017,346681.0,89089.0,51488.0,14.85,25.7
48170,진주시,2018,345987.0,88150.0,53260.0,15.39,25.48
48170,진주시,2019,347334.0,87474.0,55899.0,16.09,25.18
48170,진주시,2020,348096.0,86791.0,59032.0,16.96,24.93
48170,진주시,2021,347097.0,85236.0,61615.0,17.75,24.56
48170,진주시,2022,343782.0,82099.0,64338.0,18.71,23.88
48170,진주시,2023,341074.0,79910.0,67312.0,19.74,23.43
48170,진주시,2024,338785.0,78607.0,70225.0,20.73,23.2
48170,진주시,2025,335939.0,76658.0,74083.0,22.05,22.82
48220,통영시,2016,138160.0,33197.0,20895.0,15.12,24.03
48220,통영시,2017,135833.0,31157.0,22054.0,16.24,22.94
48220,통영시,2018,133720.0,29460.0,22844.0,17.08,22.03
48220,통영시,2019,131404.0,27529.0,23895.0,18.18,20.95
48220,통영시,2020,128293.0,25043.0,25137.0,19.59,19.52
48220,통영시,2021,125383.0,22802.0,26428.0,21.08,18.19
48220,통영시,2022,122681.0,20853.0,27521.0,22.43,17.0
48220,통영시,2023,120551.0,19457.0,28780.0,23.87,16.14
48220,통영시,2024,118481.0,18321.0,30233.0,25.52,15.46
48220,통영시,2025,116667.0,17446.0,31979.0,27.41,14.95
48240,사천시,2016,114912.0,26503.0,21502.0,18.71,23.06
48240,사천시,2017,114252.0,25841.0,22118.0,19.36,22.62
48240,사천시,2018,113888.0,25239.0,22641.0,19.88,22.16
48240,사천시,2019,111925.0,23777.0,23428.0,20.93,21.24
48240,사천시,2020,111105.0,22660.0,24604.0,22.14,20.4
48240,사천시,2021,109953.0,21435.0,25437.0,23.13,19.49
48240,사천시,2022,109369.0,20522.0,26332.0,24.08,18.76
48240,사천시,2023,109030.0,20045.0,27114.0,24.87,18.38
48240,사천시,2024,108504.0,19567.0,28071.0,25.87,18.03
48240,사천시,2025,107935.0,19228.0,29286.0,27.13,17.81
48250,김해시,2016,529422.0,143089.0,47975.0,9.06,27.03
48250,김해시,2017,532132.0,142226.0,51219.0,9.63,26.73
48250,김해시,2018,533672.0,141348.0,53753.0,10.07,26.49
48250,김해시,2019,542455.0,142317.0,57532.0,10.61,26.24
48250,김해시,2020,542338.0,138665.0,61857.0,11.41,25.57
48250,김해시,2021,537673.0,132806.0,65524.0,12.19,24.7
48250,김해시,2022,535129.0,127290.0,70208.0,13.12,23.79
48250,김해시,2023,533659.0,123414.0,74830.0,14.02,23.13
48250,김해시,2024,531676.0,120312.0,80326.0,15.11,22.63
48250,김해시,2025,533035.0,118400.0,86871.0,16.3,22.21
48270,밀양시,2016,108354.0,21371.0,25611.0,23.64,19.72
48270,밀양시,2017,107898.0,20693.0,26719.0,24.76,19.18
48270,밀양시,2018,106744.0,19899.0,27561.0,25.82,18.64
48270,밀양시,2019,105552.0,18874.0,28549.0,27.05,17.88
48270,밀양시,2020,104831.0,18121.0,29887.0,28.51,17.29
48270,밀양시,2021,103525.0,17017.0,31006.0,29.95,16.44
48270,밀양시,2022,102945.0,16221.0,32434.0,31.51,15.76
48270,밀양시,2023,102084.0,15442.0,33742.0,33.05,15.13
48270,밀양시,2024,100691.0,14721.0,35004.0,34.76,14.62
48270,밀양시,2025,99252.0,14094.0,36256.0,36.53,14.2
48310,거제시,2016,257183.0,77489.0,20932.0,8.14,30.13
48310,거제시,2017,254073.0,73254.0,22240.0,8.75,28.83
48310,거제시,2018,250516.0,69096.0,23456.0,9.36,27.58
48310,거제시,2019,248276.0,65265.0,24892.0,10.03,26.29
48310,거제시,2020,245754.0,60990.0,26869.0,10.93,24.82
48310,거제시,2021,241216.0,55598.0,28842.0,11.96,23.05
48310,거제시,2022,236662.0,50299.0,31230.0,13.2,21.25
48310,거제시,2023,234038.0,46283.0,33622.0,14.37,19.78
48310,거제시,2024,232972.0,43727.0,36274.0,15.57,18.77
48310,거제시,2025,231178.0,41204.0,39048.0,16.89,17.82
48330,양산시,2016,317037.0,87851.0,35131.0,11.08,27.71
48330,양산시,2017,338535.0,94130.0,38921.0,11.5,27.81
48330,양산시,2018,348639.0,95937.0,41664.0,11.95,27.52
48330,양산시,2019,350759.0,93586.0,44631.0,12.72,26.68
48330,양산시,2020,352229.0,90050.0,48495.0,13.77,25.57
48330,양산시,2021,354726.0,86672.0,51977.0,14.65,24.43
48330,양산시,2022,353792.0,81991.0,55667.0,15.73,23.17
48330,양산시,2023,355122.0,79279.0,59643.0,16.8,22.32
48330,양산시,2024,359531.0,78454.0,64107.0,17.83,21.82
48330,양산시,2025,361155.0,76864.0,68929.0,19.09,21.28
48720,의령군,2016,28111.0,4507.0,9450.0,33.62,16.03
48720,의령군,2017,27849.0,4360.0,9630.0,34.58,15.66
48720,의령군,2018,27667.0,4299.0,9584.0,34.64,15.54
48720,의령군,2019,27168.0,4058.0,9689.0,35.66,14.94
48720,의령군,2020,26800.0,3808.0,9921.0,37.02,14.21
48720,의령군,2021,26322.0,3446.0,10114.0,38.42,13.09
48720,의령군,2022,26061.0,3186.0,10312.0,39.57,12.23
48720,의령군,2023,25475.0,2961.0,10479.0,41.13,11.62
48720,의령군,2024,25150.0,2857.0,10654.0,42.36,11.36
48720,의령군,2025,24636.0,2679.0,10951.0,44.45,10.87
48730,함안군,2016,68937.0,14482.0,13964.0,20.26,21.01
48730,함안군,2017,68207.0,13912.0,14443.0,21.18,20.4
48730,함안군,2018,67025.0,13195.0,14825.0,22.12,19.69
48730,함안군,2019,65700.0,12242.0,15354.0,23.37,18.63
48730,함안군,2020,64182.0,11138.0,16086.0,25.06,17.35
48730,함안군,2021,62547.0,10069.0,16739.0,26.76,16.1
48730,함안군,2022,61456.0,9310.0,17378.0,28.28,15.15
48730,함안군,2023,60203.0,8691.0,17961.0,29.83,14.44
48730,함안군,2024,58842.0,8081.0,18566.0,31.55,13.73
48730,함안군,2025,57558.0,7482.0,19303.0,33.54,13.0
48740,창녕군,2016,63982.0,12172.0,17149.0,26.8,19.02
48740,창녕군,2017,64101.0,11891.0,17724.0,27.65,18.55
48740,창녕군,2018,63396.0,11519.0,18034.0,28.45,18.17
48740,창녕군,2019,62331.0,10846.0,18426.0,29.56,17.4
48740,창녕군,2020,61301.0,10026.0,19105.0,31.17,16.36
48740,창녕군,2021,60129.0,9115.0,19600.0,32.6,15.16
48740,창녕군,2022,58372.0,8174.0,20157.0,34.53,14.0
48740,창녕군,2023,57083.0,7384.0,20640.0,36.16,12.94
48740,창녕군,2024,56085.0,6834.0,21387.0,38.13,12.19
48740,창녕군,2025,54900.0,6414.0,22059.0,40.18,11.68
48820,고성군,2016,54703.0,10345.0,14462.0,26.44,18.91
48820,고성군,2017,54060.0,9774.0,14842.0,27.45,18.08
48820,고성군,2018,53243.0,9188.0,15158.0,28.47,17.26
48820,고성군,2019,52276.0,8499.0,15577.0,29.8,16.26
48820,고성군,2020,51361.0,7756.0,16095.0,31.34,15.1
48820,고성군,2021,50478.0,7096.0,16543.0,32.77,14.06
48820,고성군,2022,50448.0,6781.0,17031.0,33.76,13.44
48820,고성군,2023,49468.0,6218.0,17491.0,35.36,12.57
48820,고성군,2024,48005.0,5605.0,17847.0,37.18,11.68
48820,고성군,2025,47099.0,5169.0,18481.0,39.24,10.97
48840,남해군,2016,45129.0,6647.0,15692.0,34.77,14.73
48840,남해군,2017,44642.0,6488.0,15837.0,35.48,14.53
48840,남해군,2018,43990.0,6287.0,15910.0,36.17,14.29
48840,남해군,2019,43622.0,6030.0,15987.0,36.65,13.82
48840,남해군,2020,42958.0,5781.0,16258.0,37.85,13.46
48840,남해군,2021,42266.0,5335.0,16448.0,38.92,12.62
48840,남해군,2022,41579.0,5056.0,16712.0,40.19,12.16
48840,남해군,2023,40780.0,4748.0,16889.0,41.41,11.64
48840,남해군,2024,39832.0,4354.0,17045.0,42.79,10.93
48840,남해군,2025,40770.0,4488.0,17729.0,43.49,11.01
48850,하동군,2016,49622.0,8574.0,14514.0,29.25,17.28
48850,하동군,2017,48831.0,8208.0,14721.0,30.15,16.81
48850,하동군,2018,47533.0,7604.0,14849.0,31.24,16.0
48850,하동군,2019,46574.0,7040.0,15120.0,32.46,15.12
48850,하동군,2020,44785.0,6244.0,15490.0,34.59,13.94
48850,하동군,2021,43449.0,5566.0,15781.0,36.32,12.81
48850,하동군,2022,42465.0,5076.0,16129.0,37.98,11.95
48850,하동군,2023,41606.0,4747.0,16518.0,39.7,11.41
48850,하동군,2024,40765.0,4372.0,16817.0,41.25,10.72
48850,하동군,2025,39974.0,4148.0,17369.0,43.45,10.38
48860,산청군,2016,36098.0,5561.0,11638.0,32.24,15.41
48860,산청군,2017,36340.0,5604.0,11916.0,32.79,15.42
48860,산청군,2018,35952.0,5358.0,12091.0,33.63,14.9
48860,산청군,2019,35417.0,4995.0,12444.0,35.14,14.1
48860,산청군,2020,34857.0,4596.0,12833.0,36.82,13.19
48860,산청군,2021,34360.0,4196.0,13175.0,38.34,12.21
48860,산청군,2022,34028.0,3923.0,13518.0,39.73,11.53
48860,산청군,2023,33752.0,3729.0,13847.0,41.03,11.05
48860,산청군,2024,33259.0,3487.0,14142.0,42.52,10.48
48860,산청군,2025,32745.0,3270.0,14674.0,44.81,9.99
48870,함양군,2016,40241.0,6520.0,12274.0,30.5,16.2
48870,함양군,2017,40175.0,6373.0,12558.0,31.26,15.86
48870,함양군,2018,40044.0,6305.0,12620.0,31.52,15.75
48870,함양군,2019,39637.0,6076.0,12836.0,32.38,15.33
48870,함양군,2020,39080.0,5722.0,13227.0,33.85,14.64
48870,함양군,2021,38310.0,5319.0,13494.0,35.22,13.88
48870,함양군,2022,37708.0,4901.0,13769.0,36.51,13.0
48870,함양군,2023,36945.0,4569.0,14001.0,37.9,12.37
48870,함양군,2024,36131.0,4260.0,14215.0,39.34,11.79
48870,함양군,2025,35472.0,3982.0,14598.0,41.15,11.23
48880,거창군,2016,63308.0,12133.0,15591.0,24.63,19.17
48880,거창군,2017,62763.0,11864.0,15981.0,25.46,18.9
48880,거창군,2018,62455.0,11677.0,16214.0,25.96,18.7
48880,거창군,2019,62179.0,11432.0,16603.0,26.7,18.39
48880,거창군,2020,61502.0,10959.0,17026.0,27.68,17.82
48880,거창군,2021,61073.0,10422.0,17545.0,28.73,17.06
48880,거창군,2022,60387.0,9940.0,18035.0,29.87,16.46
48880,거창군,2023,60047.0,9540.0,18536.0,30.87,15.89
48880,거창군,2024,59588.0,9197.0,19182.0,32.19,15.43
48880,거창군,2025,58980.0,8894.0,19792.0,33.56,15.08
48890,합천군,2016,48026.0,7178.0,16972.0,35.34,14.95
48890,합천군,2017,47000.0,6785.0,17174.0,36.54,14.44
48890,합천군,2018,45916.0,6453.0,17088.0,37.22,14.05
48890,합천군,2019,45204.0,6161.0,17244.0,38.15,13.63
48890,합천군,2020,44006.0,5596.0,17431.0,39.61,12.72
48890,합천군,2021,42935.0,5115.0,17590.0,40.97,11.91
48890,합천군,2022,42142.0,4742.0,17757.0,42.14,11.25
48890,합천군,2023,41203.0,4399.0,17922.0,43.5,10.68
48890,합천군,2024,40225.0,4121.0,18205.0,45.26,10.24
48890,합천군,2025,39190.0,3772.0,18573.0,47.39,9.62
50110,제주시,2016,470665.0,124184.0,59159.0,12.57,26.38
50110,제주시,2017,478700.0,125682.0,61653.0,12.88,26.25
50110,제주시,2018,485946.0,127760.0,63813.0,13.13,26.29
50110,제주시,2019,489405.0,126816.0,66690.0,13.63,25.91
50110,제주시,2020,492466.0,126282.0,70720.0,14.36,25.64
50110,제주시,2021,493096.0,123756.0,73797.0,14.97,25.1
50110,제주시,2022,493389.0,120315.0,77364.0,15.68,24.39
50110,제주시,2023,491654.0,116984.0,81115.0,16.5,23.79
50110,제주시,2024,488348.0,113862.0,85251.0,17.46,23.32
50110,제주시,2025,485182.0,110797.0,89843.0,18.52,22.84
50130,서귀포시,2016,170932.0,39298.0,30030.0,17.57,22.99
50130,서귀포시,2017,178383.0,41381.0,31464.0,17.64,23.2
50130,서귀포시,2018,181245.0,41681.0,32394.0,17.87,23.0
50130,서귀포시,2019,181584.0,40169.0,33707.0,18.56,22.12
50130,서귀포시,2020,182169.0,39019.0,35434.0,19.45,21.42
50130,서귀포시,2021,183663.0,38193.0,36848.0,20.06,20.8
50130,서귀포시,2022,184770.0,36944.0,38404.0,20.78,19.99
50130,서귀포시,2023,183598.0,35220.0,40041.0,21.81,19.18
50130,서귀포시,2024,182020.0,33735.0,41734.0,22.93,18.53
50130,서귀포시,2025,179610.0,31891.0,43708.0,24.33,17.76
51110,춘천시,2016,280707.0,72595.0,41699.0,14.85,25.86
51110,춘천시,2017,280514.0,72491.0,43914.0,15.65,25.84
51110,춘천시,2018,280640.0,72033.0,45532.0,16.22,25.67
51110,춘천시,2019,281291.0,71806.0,47645.0,16.94,25.53
51110,춘천시,2020,282765.0,71599.0,50567.0,17.88,25.32
51110,춘천시,2021,284594.0,71816.0,52955.0,18.61,25.23
51110,춘천시,2022,286664.0,71809.0,55802.0,19.47,25.05
51110,춘천시,2023,286426.0,71277.0,58611.0,20.46,24.88
51110,춘천시,2024,286069.0,71039.0,61370.0,21.45,24.83
51110,춘천시,2025,285234.0,69881.0,64332.0,22.55,24.5
51130,원주시,2016,337979.0,88919.0,42246.0,12.5,26.31
51130,원주시,2017,341337.0,89450.0,45246.0,13.26,26.21
51130,원주시,2018,344070.0,89680.0,47200.0,13.72,26.06
51130,원주시,2019,349215.0,90304.0,49983.0,14.31,25.86
51130,원주시,2020,354376.0,90899.0,53390.0,15.07,25.65
51130,원주시,2021,357757.0,90367.0,56771.0,15.87,25.26
51130,원주시,2022,360807.0,89436.0,60755.0,16.84,24.79
51130,원주시,2023,361503.0,87851.0,64487.0,17.84,24.3
51130,원주시,2024,362164.0,86779.0,68912.0,19.03,23.96
51130,원주시,2025,363194.0,85591.0,73482.0,20.23,23.57
51150,강릉시,2016,213846.0,49384.0,37679.0,17.62,23.09
51150,강릉시,2017,213952.0,48981.0,39784.0,18.59,22.89
51150,강릉시,2018,212957.0,48187.0,41214.0,19.35,22.63
51150,강릉시,2019,213442.0,47695.0,43113.0,20.2,22.35
51150,강릉시,2020,213321.0,46892.0,45484.0,21.32,21.98
51150,강릉시,2021,212965.0,45781.0,47318.0,22.22,21.5
51150,강릉시,2022,211381.0,44429.0,49575.0,23.45,21.02
51150,강릉시,2023,209439.0,43012.0,51700.0,24.68,20.54
51150,강릉시,2024,207731.0,41778.0,54279.0,26.13,20.11
51150,강릉시,2025,206237.0,40671.0,56933.0,27.61,19.72
51170,동해시,2016,93297.0,21264.0,15124.0,16.21,22.79
51170,동해시,2017,92851.0,20871.0,15881.0,17.1,22.48
51170,동해시,2018,91272.0,19726.0,16526.0,18.11,21.61
51170,동해시,2019,90522.0,18992.0,17338.0,19.15,20.98
51170,동해시,2020,90593.0,18652.0,18293.0,20.19,20.59
51170,동해시,2021,90081.0,18038.0,19039.0,21.14,20.02
51170,동해시,2022,89426.0,17347.0,19983.0,22.35,19.4
51170,동해시,2023,88625.0,16729.0,20861.0,23.54,18.88
51170,동해시,2024,87675.0,16248.0,21889.0,24.97,18.53
51170,동해시,2025,86333.0,15664.0,22909.0,26.54,18.14
51190,태백시,2016,47070.0,9976.0,9266.0,19.69,21.19
51190,태백시,2017,45888.0,9330.0,9626.0,20.98,20.33
51190,태백시,2018,44858.0,8667.0,9940.0,22.16,19.32
51190,태백시,2019,43866.0,8083.0,10324.0,23.54,18.43
51190,태백시,2020,42719.0,7458.0,10760.0,25.19,17.46
51190,태백시,2021,40844.0,6748.0,10802.0,26.45,16.52
51190,태백시,2022,39428.0,6193.0,10964.0,27.81,15.71
51190,태백시,2023,38702.0,5897.0,11300.0,29.2,15.24
51190,태백시,2024,37936.0,5542.0,11801.0,31.11,14.61
51190,태백시,2025,37088.0,5318.0,12135.0,32.72,14.34
51210,속초시,2016,81793.0,18708.0,12752.0,15.59,22.87
51210,속초시,2017,82273.0,18844.0,13464.0,16.37,22.9
51210,속초시,2018,81682.0,18396.0,13952.0,17.08,22.52
51210,속초시,2019,81786.0,18204.0,14816.0,18.12,22.26
51210,속초시,2020,82665.0,18217.0,15874.0,19.2,22.04
51210,속초시,2021,82791.0,18070.0,16673.0,20.14,21.83
51210,속초시,2022,82806.0,17762.0,17551.0,21.2,21.45
51210,속초시,2023,82054.0,17076.0,18496.0,22.54,20.81
51210,속초시,2024,80933.0,16322.0,19453.0,24.04,20.17
51210,속초시,2025,79636.0,15522.0,20484.0,25.72,19.49
51230,삼척시,2016,69599.0,15823.0,14610.0,20.99,22.73
51230,삼척시,2017,68514.0,15237.0,15093.0,22.03,22.24
51230,삼척시,2018,68326.0,15031.0,15481.0,22.66,22.0
51230,삼척시,2019,67228.0,14279.0,16004.0,23.81,21.24
51230,삼척시,2020,65243.0,13031.0,16572.0,25.4,19.97
51230,삼척시,2021,63429.0,11931.0,16884.0,26.62,18.81
51230,삼척시,2022,63455.0,11818.0,17460.0,27.52,18.62
51230,삼척시,2023,62651.0,11487.0,18014.0,28.75,18.33
51230,삼척시,2024,61735.0,11176.0,18709.0,30.31,18.1
51230,삼척시,2025,60518.0,10552.0,19458.0,32.15,17.44
51720,홍천군,2016,70076.0,14158.0,14933.0,21.31,20.2
51720,홍천군,2017,70340.0,13959.0,15899.0,22.6,19.85
51720,홍천군,2018,69949.0,13516.0,16406.0,23.45,19.32
51720,홍천군,2019,69150.0,12913.0,17173.0,24.83,18.67
51720,홍천군,2020,69242.0,13014.0,18133.0,26.19,18.79
51720,홍천군,2021,68365.0,12215.0,19086.0,27.92,17.87
51720,홍천군,2022,67977.0,11758.0,20163.0,29.66,17.3
51720,홍천군,2023,67309.0,11296.0,21287.0,31.63,16.78
51720,홍천군,2024,66717.0,10839.0,22411.0,33.59,16.25
51720,홍천군,2025,66109.0,10310.0,23551.0,35.62,15.6
51730,횡성군,2016,45991.0,8301.0,11323.0,24.62,18.05
51730,횡성군,2017,46281.0,8124.0,12025.0,25.98,17.55
51730,횡성군,2018,46726.0,8098.0,12445.0,26.63,17.33
51730,횡성군,2019,46575.0,7695.0,12989.0,27.89,16.52
51730,횡성군,2020,46472.0,7290.0,13701.0,29.48,15.69
51730,횡성군,2021,46481.0,6862.0,14453.0,31.09,14.76
51730,횡성군,2022,46532.0,6556.0,15222.0,32.71,14.09
51730,횡성군,2023,46359.0,6172.0,16038.0,34.6,13.31
51730,횡성군,2024,46111.0,5954.0,16949.0,36.76,12.91
51730,횡성군,2025,45627.0,5621.0,17841.0,39.1,12.32
51750,영월군,2016,40073.0,7159.0,9915.0,24.74,17.86
51750,영월군,2017,40067.0,7030.0,10374.0,25.89,17.55
51750,영월군,2018,39730.0,6822.0,10669.0,26.85,17.17
51750,영월군,2019,39127.0,6449.0,11024.0,28.17,16.48
51750,영월군,2020,38662.0,6091.0,11498.0,29.74,15.75
51750,영월군,2021,37904.0,5756.0,11735.0,30.96,15.19
51750,영월군,2022,37728.0,5458.0,12211.0,32.37,14.47
51750,영월군,2023,37332.0,5167.0,12705.0,34.03,13.84
51750,영월군,2024,36721.0,4890.0,13164.0,35.85,13.32
51750,영월군,2025,36054.0,4689.0,13728.0,38.08,13.01
51760,평창군,2016,43318.0,7962.0,9837.0,22.71,18.38
51760,평창군,2017,43092.0,7685.0,10399.0,24.13,17.83
51760,평창군,2018,42610.0,7310.0,10675.0,25.05,17.16
51760,평창군,2019,42106.0,6895.0,11200.0,26.6,16.38
51760,평창군,2020,41681.0,6513.0,11831.0,28.38,15.63
51760,평창군,2021,40996.0,6064.0,12293.0,29.99,14.79
51760,평창군,2022,40990.0,5821.0,12896.0,31.46,14.2
51760,평창군,2023,40659.0,5724.0,13501.0,33.21,14.08
51760,평창군,2024,40396.0,5547.0,14167.0,35.07,13.73
51760,평창군,2025,39831.0,5176.0,14871.0,37.34,12.99
51770,정선군,2016,38718.0,7435.0,9008.0,23.27,19.2
51770,정선군,2017,38173.0,7046.0,9329.0,24.44,18.46
51770,정선군,2018,37700.0,6698.0,9508.0,25.22,17.77
51770,정선군,2019,37271.0,6326.0,9837.0,26.39,16.97
51770,정선군,2020,36870.0,5898.0,10317.0,27.98,16.0
51770,정선군,2021,35675.0,5380.0,10423.0,29.22,15.08
51770,정선군,2022,34931.0,4988.0,10846.0,31.05,14.28
51770,정선군,2023,34202.0,4607.0,11250.0,32.89,13.47
51770,정선군,2024,33515.0,4316.0,11691.0,34.88,12.88
51770,정선군,2025,34879.0,4630.0,12562.0,36.02,13.27
51780,철원군,2016,48013.0,12632.0,9112.0,18.98,26.31
51780,철원군,2017,47185.0,12093.0,9264.0,19.63,25.63
51780,철원군,2018,46413.0,11672.0,9464.0,20.39,25.15
51780,철원군,2019,45584.0,11014.0,9830.0,21.56,24.16
51780,철원군,2020,44699.0,10533.0,10171.0,22.75,23.56
51780,철원군,2021,43340.0,9738.0,10318.0,23.81,22.47
51780,철원군,2022,42256.0,9211.0,10657.0,25.22,21.8
51780,철원군,2023,41448.0,8791.0,11093.0,26.76,21.21
51780,철원군,2024,40497.0,8290.0,11487.0,28.37,20.47
51780,철원군,2025,39979.0,8171.0,11931.0,29.84,20.44
51790,화천군,2016,26264.0,8040.0,4806.0,18.3,30.61
51790,화천군,2017,26022.0,7730.0,4946.0,19.01,29.71
51790,화천군,2018,25084.0,7046.0,5064.0,20.19,28.09
51790,화천군,2019,24917.0,6823.0,5319.0,21.35,27.38
51790,화천군,2020,24857.0,6752.0,5609.0,22.57,27.16
51790,화천군,2021,24195.0,6330.0,5727.0,23.67,26.16
51790,화천군,2022,23388.0,5750.0,5909.0,25.27,24.59
51790,화천군,2023,23007.0,5523.0,6136.0,26.67,24.01
51790,화천군,2024,22922.0,5362.0,6380.0,27.83,23.39
51790,화천군,2025,22371.0,5151.0,6658.0,29.76,23.03
51800,양구군,2016,24010.0,6849.0,4108.0,17.11,28.53
51800,양구군,2017,23835.0,6636.0,4259.0,17.87,27.84
51800,양구군,2018,23408.0,6382.0,4324.0,18.47,27.26
51800,양구군,2019,22764.0,5959.0,4493.0,19.74,26.18
51800,양구군,2020,22278.0,5718.0,4702.0,21.11,25.67
51800,양구군,2021,21748.0,5327.0,4893.0,22.5,24.49
51800,양구군,2022,21383.0,5004.0,5072.0,23.72,23.4
51800,양구군,2023,21056.0,4737.0,5278.0,25.07,22.5
51800,양구군,2024,20621.0,4449.0,5488.0,26.61,21.58
51800,양구군,2025,20410.0,4327.0,5726.0,28.05,21.2
51810,인제군,2016,32720.0,8961.0,5602.0,17.12,27.39
51810,인제군,2017,32582.0,8796.0,5859.0,17.98,27.0
51810,인제군,2018,32136.0,8419.0,6014.0,18.71,26.2
51810,인제군,2019,31672.0,8110.0,6194.0,19.56,25.61
51810,인제군,2020,31694.0,7969.0,6530.0,20.6,25.14
51810,인제군,2021,32165.0,8190.0,6899.0,21.45,25.46
51810,인제군,2022,32206.0,7974.0,7269.0,22.57,24.76
51810,인제군,2023,32020.0,7786.0,7627.0,23.82,24.32
51810,인제군,2024,31535.0,7499.0,7993.0,25.35,23.78
51810,인제군,2025,30863.0,7069.0,8381.0,27.16,22.9
51820,고성군,2016,30114.0,7023.0,7151.0,23.75,23.32
51820,고성군,2017,30029.0,6901.0,7300.0,24.31,22.98
51820,고성군,2018,28144.0,5984.0,7416.0,26.35,21.26
51820,고성군,2019,27260.0,5431.0,7659.0,28.1,19.92
51820,고성군,2020,26757.0,5087.0,7945.0,29.69,19.01
51820,고성군,2021,27249.0,5057.0,8236.0,30.22,18.56
51820,고성군,2022,27274.0,4914.0,8517.0,31.23,18.02
51820,고성군,2023,27305.0,4891.0,8773.0,32.13,17.91
51820,고성군,2024,26999.0,4702.0,9123.0,33.79,17.42
51820,고성군,2025,26845.0,4572.0,9487.0,35.34,17.03
51830,양양군,2016,27218.0,5087.0,6981.0,25.65,18.69
51830,양양군,2017,27207.0,4898.0,7314.0,26.88,18.0
51830,양양군,2018,27347.0,4802.0,7556.0,27.63,17.56
51830,양양군,2019,27726.0,4793.0,7945.0,28.66,17.29
51830,양양군,2020,27946.0,4751.0,8314.0,29.75,17.0
51830,양양군,2021,27913.0,4571.0,8671.0,31.06,16.38
51830,양양군,2022,27866.0,4331.0,9022.0,32.38,15.54
51830,양양군,2023,27710.0,4181.0,9398.0,33.92,15.09
51830,양양군,2024,27489.0,4002.0,9704.0,35.3,14.56
51830,양양군,2025,27292.0,3890.0,10020.0,36.71,14.25
52110,전주시,2016,651744.0,177648.0,81555.0,12.51,27.26
52110,전주시,2017,648964.0,175390.0,85157.0,13.12,27.03
52110,전주시,2018,651091.0,175478.0,88563.0,13.6,26.95
52110,전주시,2019,654394.0,174724.0,93161.0,14.24,26.7
52110,전주시,2020,657432.0,174881.0,98562.0,14.99,26.6
52110,전주시,2021,657269.0,173458.0,102985.0,15.67,26.39
52110,전주시,2022,651495.0,167958.0,107357.0,16.48,25.78
52110,전주시,2023,642727.0,162057.0,111617.0,17.37,25.21
52110,전주시,2024,635651.0,157132.0,117495.0,18.48,24.72
52110,전주시,2025,625437.0,151537.0,123734.0,19.78,24.23
52130,군산시,2016,277551.0,69517.0,42810.0,15.42,25.05
52130,군산시,2017,274997.0,66774.0,44580.0,16.21,24.28
52130,군산시,2018,272645.0,64847.0,45913.0,16.84,23.78
52130,군산시,2019,270131.0,62543.0,48059.0,17.79,23.15
52130,군산시,2020,267859.0,60426.0,50700.0,18.93,22.56
52130,군산시,2021,265304.0,58095.0,52714.0,19.87,21.9
52130,군산시,2022,262467.0,55102.0,54997.0,20.95,20.99
52130,군산시,2023,259980.0,52856.0,57042.0,21.94,20.33
52130,군산시,2024,258047.0,51401.0,59458.0,23.04,19.92
52130,군산시,2025,256291.0,50017.0,62540.0,24.4,19.52
52140,익산시,2016,300479.0,74968.0,48531.0,16.15,24.95
52140,익산시,2017,300187.0,74670.0,50357.0,16.78,24.87
52140,익산시,2018,294062.0,71570.0,51541.0,17.53,24.34
52140,익산시,2019,287771.0,68050.0,53525.0,18.6,23.65
52140,익산시,2020,282276.0,64669.0,56167.0,19.9,22.91
52140,익산시,2021,278113.0,62387.0,58099.0,20.89,22.43
52140,익산시,2022,273697.0,59884.0,60045.0,21.94,21.88
52140,익산시,2023,270036.0,57892.0,62046.0,22.98,21.44
52140,익산시,2024,268001.0,56565.0,64800.0,24.18,21.11
52140,익산시,2025,267066.0,55813.0,68281.0,25.57,20.9
52180,정읍시,2016,115173.0,22997.0,28228.0,24.51,19.97
52180,정읍시,2017,113776.0,22196.0,28587.0,25.13,19.51
52180,정읍시,2018,112169.0,21420.0,28804.0,25.68,19.1
52180,정읍시,2019,110541.0,20383.0,29490.0,26.68,18.44
52180,정읍시,2020,108508.0,19471.0,30258.0,27.89,17.94
52180,정읍시,2021,106487.0,18593.0,30561.0,28.7,17.46
52180,정읍시,2022,105081.0,17909.0,31356.0,29.84,17.04
52180,정읍시,2023,103620.0,17097.0,31905.0,30.79,16.5
52180,정읍시,2024,102127.0,16464.0,32647.0,31.97,16.12
52180,정읍시,2025,101123.0,16144.0,33658.0,33.28,15.96
52190,남원시,2016,84188.0,16010.0,20711.0,24.6,19.02
52190,남원시,2017,83281.0,15585.0,21167.0,25.42,18.71
52190,남원시,2018,82554.0,15230.0,21444.0,25.98,18.45
52190,남원시,2019,81441.0,14492.0,22050.0,27.07,17.79
52190,남원시,2020,80662.0,13986.0,22694.0,28.13,17.34
52190,남원시,2021,79431.0,13340.0,23223.0,29.24,16.79
52190,남원시,2022,77948.0,12571.0,23691.0,30.39,16.13
52190,남원시,2023,76781.0,11944.0,24126.0,31.42,15.56
52190,남원시,2024,75647.0,11522.0,24831.0,32.82,15.23
52190,남원시,2025,74272.0,10987.0,25624.0,34.5,14.79
52210,김제시,2016,87782.0,16491.0,24850.0,28.31,18.79
52210,김제시,2017,86926.0,15952.0,25155.0,28.94,18.35
52210,김제시,2018,85331.0,15362.0,25257.0,29.6,18.0
52210,김제시,2019,83895.0,14602.0,25650.0,30.57,17.41
52210,김제시,2020,82450.0,13876.0,26322.0,31.92,16.83
52210,김제시,2021,80913.0,13138.0,26783.0,33.1,16.24
52210,김제시,2022,81455.0,13203.0,27495.0,33.75,16.21
52210,김제시,2023,81430.0,13217.0,27950.0,34.32,16.23
52210,김제시,2024,80635.0,12846.0,28533.0,35.39,15.93
52210,김제시,2025,81676.0,13114.0,29522.0,36.15,16.06
52710,완주군,2016,95480.0,22480.0,18813.0,19.7,23.54
52710,완주군,2017,95975.0,21905.0,19377.0,20.19,22.82
52710,완주군,2018,94444.0,20776.0,19780.0,20.94,22.0
52710,완주군,2019,92220.0,19235.0,20438.0,22.16,20.86
52710,완주군,2020,91609.0,18364.0,21410.0,23.37,20.05
52710,완주군,2021,91142.0,17587.0,22195.0,24.35,19.3
52710,완주군,2022,92422.0,17826.0,22950.0,24.83,19.29
52710,완주군,2023,97827.0,19619.0,24192.0,24.73,20.05
52710,완주군,2024,99279.0,20070.0,25240.0,25.42,20.22
52710,완주군,2025,100444.0,20076.0,26818.0,26.7,19.99
52720,진안군,2016,26069.0,4238.0,8133.0,31.2,16.26
52720,진안군,2017,26271.0,4181.0,8309.0,31.63,15.91
52720,진안군,2018,25963.0,4021.0,8435.0,32.49,15.49
52720,진안군,2019,25697.0,3879.0,8613.0,33.52,15.1
52720,진안군,2020,25394.0,3604.0,8898.0,35.04,14.19
52720,진안군,2021,24987.0,3317.0,9053.0,36.23,13.27
52720,진안군,2022,24550.0,3088.0,9260.0,37.72,12.58
52720,진안군,2023,24465.0,3018.0,9433.0,38.56,12.34
52720,진안군,2024,24161.0,2908.0,9725.0,40.25,12.04
52720,진안군,2025,24249.0,2898.0,10131.0,41.78,11.95
52730,무주군,2016,24949.0,4217.0,7527.0,30.17,16.9
52730,무주군,2017,24809.0,4039.0,7701.0,31.04,16.28
52730,무주군,2018,24589.0,3904.0,7715.0,31.38,15.88
52730,무주군,2019,24303.0,3721.0,7891.0,32.47,15.31
52730,무주군,2020,24036.0,3482.0,8075.0,33.6,14.49
52730,무주군,2021,23748.0,3319.0,8153.0,34.33,13.98
52730,무주군,2022,23489.0,3094.0,8393.0,35.73,13.17
52730,무주군,2023,23251.0,2982.0,8554.0,36.79,12.83
52730,무주군,2024,23032.0,2942.0,8755.0,38.01,12.77
52730,무주군,2025,22787.0,2872.0,9032.0,39.64,12.6
52740,장수군,2016,23628.0,4177.0,6974.0,29.52,17.68
52740,장수군,2017,23003.0,3830.0,7111.0,30.91,16.65
52740,장수군,2018,23221.0,3908.0,7198.0,31.0,16.83
52740,장수군,2019,22441.0,3498.0,7304.0,32.55,15.59
52740,장수군,2020,22085.0,3222.0,7557.0,34.22,14.59
52740,장수군,2021,21695.0,2948.0,7716.0,35.57,13.59
52740,장수군,2022,21336.0,2764.0,7852.0,36.8,12.95
52740,장수군,2023,20983.0,2565.0,8030.0,38.27,12.22
52740,장수군,2024,20663.0,2453.0,8243.0,39.89,11.87
52740,장수군,2025,20922.0,2554.0,8529.0,40.77,12.21
52750,임실군,2016,30197.0,5558.0,9552.0,31.63,18.41
52750,임실군,2017,30162.0,5410.0,9669.0,32.06,17.94
52750,임실군,2018,30072.0,5338.0,9770.0,32.49,17.75
52750,임실군,2019,28902.0,4790.0,9830.0,34.01,16.57
52750,임실군,2020,27314.0,4042.0,9952.0,36.44,14.8
52750,임실군,2021,26730.0,3701.0,10105.0,37.8,13.85
52750,임실군,2022,26508.0,3538.0,10270.0,38.74,13.35
52750,임실군,2023,25956.0,3379.0,10357.0,39.9,13.02
52750,임실군,2024,25577.0,3230.0,10617.0,41.51,12.63
52750,임실군,2025,25259.0,3070.0,10944.0,43.33,12.15
52770,순창군,2016,29949.0,5258.0,9193.0,30.7,17.56
52770,순창군,2017,29698.0,5083.0,9286.0,31.27,17.12
52770,순창군,2018,29209.0,4840.0,9279.0,31.77,16.57
52770,순창군,2019,28382.0,4438.0,9312.0,32.81,15.64
52770,순창군,2020,27810.0,4077.0,9455.0,34.0,14.66
52770,순창군,2021,26855.0,3658.0,9481.0,35.3,13.62
52770,순창군,2022,26727.0,3540.0,9647.0,36.09,13.25
52770,순창군,2023,26764.0,3609.0,9779.0,36.54,13.48
52770,순창군,2024,26822.0,3608.0,10126.0,37.75,13.45
52770,순창군,2025,27714.0,3769.0,10644.0,38.41,13.6
52790,고창군,2016,60597.0,11017.0,17857.0,29.47,18.18
52790,고창군,2017,60472.0,10868.0,18147.0,30.01,17.97
52790,고창군,2018,57041.0,9400.0,18076.0,31.69,16.48
52790,고창군,2019,55504.0,8704.0,18370.0,33.1,15.68
52790,고창군,2020,54529.0,8168.0,18782.0,34.44,14.98
52790,고창군,2021,53386.0,7595.0,19042.0,35.67,14.23
52790,고창군,2022,52338.0,7118.0,19364.0,37.0,13.6
52790,고창군,2023,51750.0,6788.0,19839.0,38.34,13.12
52790,고창군,2024,50982.0,6430.0,20222.0,39.66,12.61
52790,고창군,2025,50396.0,6232.0,20636.0,40.95,12.37
52800,부안군,2016,57005.0,10411.0,16469.0,28.89,18.26
52800,부안군,2017,56086.0,10016.0,16679.0,29.74,17.86
52800,부안군,2018,54441.0,9334.0,16635.0,30.56,17.15
52800,부안군,2019,53295.0,8785.0,16983.0,31.87,16.48
52800,부안군,2020,52140.0,8208.0,17371.0,33.32,15.74
52800,부안군,2021,50795.0,7624.0,17509.0,34.47,15.01
52800,부안군,2022,50094.0,7194.0,17942.0,35.82,14.36
52800,부안군,2023,49187.0,6789.0,18258.0,37.12,13.8
52800,부안군,2024,48066.0,6339.0,18571.0,38.64,13.19
52800,부안군,2025,47220.0,6025.0,18882.0,39.99,12.76
