K,seed_a,seed_b,pairwise_ARI
2,0,1,1.0
2,0,2,1.0
2,0,3,1.0
2,0,4,1.0
2,0,5,1.0
2,0,6,1.0
2,0,7,1.0
2,0,8,1.0
2,0,9,1.0
2,0,10,1.0
2,0,11,1.0
2,0,12,1.0
2,0,13,1.0
2,0,14,1.0
2,0,15,1.0
2,0,16,1.0
2,0,17,1.0
2,0,18,1.0
2,0,19,1.0
2,0,20,1.0
2,0,21,1.0
2,0,22,1.0
2,0,23,1.0
2,0,24,1.0
2,0,25,1.0
2,0,26,1.0
2,0,27,1.0
2,0,28,1.0
2,0,29,1.0
2,0,30,1.0
2,0,31,1.0
2,0,32,1.0
2,0,33,1.0
2,0,34,1.0
2,0,35,1.0
2,0,36,1.0
2,0,37,1.0
2,0,38,1.0
2,0,39,1.0
2,0,40,1.0
2,0,41,1.0
2,0,42,1.0
2,0,43,1.0
2,0,44,1.0
2,0,45,1.0
2,0,46,1.0
2,0,47,1.0
2,0,48,1.0
2,0,49,1.0
2,0,50,1.0
2,0,51,1.0
2,0,52,1.0
2,0,53,1.0
2,0,54,1.0
2,0,55,1.0
2,0,56,1.0
2,0,57,1.0
2,0,58,1.0
2,0,59,1.0
2,0,60,1.0
2,0,61,1.0
2,0,62,1.0
2,0,63,1.0
2,0,64,1.0
2,0,65,1.0
2,0,66,1.0
2,0,67,1.0
2,0,68,1.0
2,0,69,1.0
2,0,70,1.0
2,0,71,1.0
2,0,72,1.0
2,0,73,1.0
2,0,74,1.0
2,0,75,1.0
2,0,76,1.0
2,0,77,1.0
2,0,78,1.0
2,0,79,1.0
2,0,80,1.0
2,0,81,1.0
2,0,82,1.0
2,0,83,1.0
2,0,84,1.0
2,0,85,1.0
2,0,86,1.0
2,0,87,1.0
2,0,88,1.0
2,0,89,1.0
2,0,90,1.0
2,0,91,1.0
2,0,92,1.0
2,0,93,1.0
2,0,94,1.0
2,0,95,1.0
2,0,96,1.0
2,0,97,1.0
2,0,98,1.0
2,0,99,1.0
2,1,2,1.0
2,1,3,1.0
2,1,4,1.0
2,1,5,1.0
2,1,6,1.0
2,1,7,1.0
2,1,8,1.0
2,1,9,1.0
2,1,10,1.0
2,1,11,1.0
2,1,12,1.0
2,1,13,1.0
2,1,14,1.0
2,1,15,1.0
2,1,16,1.0
2,1,17,1.0
2,1,18,1.0
2,1,19,1.0
2,1,20,1.0
2,1,21,1.0
2,1,22,1.0
2,1,23,1.0
2,1,24,1.0
2,1,25,1.0
2,1,26,1.0
2,1,27,1.0
2,1,28,1.0
2,1,29,1.0
2,1,30,1.0
2,1,31,1.0
2,1,32,1.0
2,1,33,1.0
2,1,34,1.0
2,1,35,1.0
2,1,36,1.0
2,1,37,1.0
2,1,38,1.0
2,1,39,1.0
2,1,40,1.0
2,1,41,1.0
2,1,42,1.0
2,1,43,1.0
2,1,44,1.0
2,1,45,1.0
2,1,46,1.0
2,1,47,1.0
2,1,48,1.0
2,1,49,1.0
2,1,50,1.0
2,1,51,1.0
2,1,52,1.0
2,1,53,1.0
2,1,54,1.0
2,1,55,1.0
2,1,56,1.0
2,1,57,1.0
2,1,58,1.0
2,1,59,1.0
2,1,60,1.0
2,1,61,1.0
2,1,62,1.0
2,1,63,1.0
2,1,64,1.0
2,1,65,1.0
2,1,66,1.0
2,1,67,1.0
2,1,68,1.0
2,1,69,1.0
2,1,70,1.0
2,1,71,1.0
2,1,72,1.0
2,1,73,1.0
2,1,74,1.0
2,1,75,1.0
2,1,76,1.0
2,1,77,1.0
2,1,78,1.0
2,1,79,1.0
2,1,80,1.0
2,1,81,1.0
2,1,82,1.0
2,1,83,1.0
2,1,84,1.0
2,1,85,1.0
2,1,86,1.0
2,1,87,1.0
2,1,88,1.0
2,1,89,1.0
2,1,90,1.0
2,1,91,1.0
2,1,92,1.0
2,1,93,1.0
2,1,94,1.0
2,1,95,1.0
2,1,96,1.0
2,1,97,1.0
2,1,98,1.0
2,1,99,1.0
2,2,3,1.0
2,2,4,1.0
2,2,5,1.0
2,2,6,1.0
2,2,7,1.0
2,2,8,1.0
2,2,9,1.0
2,2,10,1.0
2,2,11,1.0
2,2,12,1.0
2,2,13,1.0
2,2,14,1.0
2,2,15,1.0
2,2,16,1.0
2,2,17,1.0
2,2,18,1.0
2,2,19,1.0
2,2,20,1.0
2,2,21,1.0
2,2,22,1.0
2,2,23,1.0
2,2,24,1.0
2,2,25,1.0
2,2,26,1.0
2,2,27,1.0
2,2,28,1.0
2,2,29,1.0
2,2,30,1.0
2,2,31,1.0
2,2,32,1.0
2,2,33,1.0
2,2,34,1.0
2,2,35,1.0
2,2,36,1.0
2,2,37,1.0
2,2,38,1.0
2,2,39,1.0
2,2,40,1.0
2,2,41,1.0
2,2,42,1.0
2,2,43,1.0
2,2,44,1.0
2,2,45,1.0
2,2,46,1.0
2,2,47,1.0
2,2,48,1.0
2,2,49,1.0
2,2,50,1.0
2,2,51,1.0
2,2,52,1.0
2,2,53,1.0
2,2,54,1.0
2,2,55,1.0
2,2,56,1.0
2,2,57,1.0
2,2,58,1.0
2,2,59,1.0
2,2,60,1.0
2,2,61,1.0
2,2,62,1.0
2,2,63,1.0
2,2,64,1.0
2,2,65,1.0
2,2,66,1.0
2,2,67,1.0
2,2,68,1.0
2,2,69,1.0
2,2,70,1.0
2,2,71,1.0
2,2,72,1.0
2,2,73,1.0
2,2,74,1.0
2,2,75,1.0
2,2,76,1.0
2,2,77,1.0
2,2,78,1.0
2,2,79,1.0
2,2,80,1.0
2,2,81,1.0
2,2,82,1.0
2,2,83,1.0
2,2,84,1.0
2,2,85,1.0
2,2,86,1.0
2,2,87,1.0
2,2,88,1.0
2,2,89,1.0
2,2,90,1.0
2,2,91,1.0
2,2,92,1.0
2,2,93,1.0
2,2,94,1.0
2,2,95,1.0
2,2,96,1.0
2,2,97,1.0
2,2,98,1.0
2,2,99,1.0
2,3,4,1.0
2,3,5,1.0
2,3,6,1.0
2,3,7,1.0
2,3,8,1.0
2,3,9,1.0
2,3,10,1.0
2,3,11,1.0
2,3,12,1.0
2,3,13,1.0
2,3,14,1.0
2,3,15,1.0
2,3,16,1.0
2,3,17,1.0
2,3,18,1.0
2,3,19,1.0
2,3,20,1.0
2,3,21,1.0
2,3,22,1.0
2,3,23,1.0
2,3,24,1.0
2,3,25,1.0
2,3,26,1.0
2,3,27,1.0
2,3,28,1.0
2,3,29,1.0
2,3,30,1.0
2,3,31,1.0
2,3,32,1.0
2,3,33,1.0
2,3,34,1.0
2,3,35,1.0
2,3,36,1.0
2,3,37,1.0
2,3,38,1.0
2,3,39,1.0
2,3,40,1.0
2,3,41,1.0
2,3,42,1.0
2,3,43,1.0
2,3,44,1.0
2,3,45,1.0
2,3,46,1.0
2,3,47,1.0
2,3,48,1.0
2,3,49,1.0
2,3,50,1.0
2,3,51,1.0
2,3,52,1.0
2,3,53,1.0
2,3,54,1.0
2,3,55,1.0
2,3,56,1.0
2,3,57,1.0
2,3,58,1.0
2,3,59,1.0
2,3,60,1.0
2,3,61,1.0
2,3,62,1.0
2,3,63,1.0
2,3,64,1.0
2,3,65,1.0
2,3,66,1.0
2,3,67,1.0
2,3,68,1.0
2,3,69,1.0
2,3,70,1.0
2,3,71,1.0
2,3,72,1.0
2,3,73,1.0
2,3,74,1.0
2,3,75,1.0
2,3,76,1.0
2,3,77,1.0
2,3,78,1.0
2,3,79,1.0
2,3,80,1.0
2,3,81,1.0
2,3,82,1.0
2,3,83,1.0
2,3,84,1.0
2,3,85,1.0
2,3,86,1.0
2,3,87,1.0
2,3,88,1.0
2,3,89,1.0
2,3,90,1.0
2,3,91,1.0
2,3,92,1.0
2,3,93,1.0
2,3,94,1.0
2,3,95,1.0
2,3,96,1.0
2,3,97,1.0
2,3,98,1.0
2,3,99,1.0
2,4,5,1.0
2,4,6,1.0
2,4,7,1.0
2,4,8,1.0
2,4,9,1.0
2,4,10,1.0
2,4,11,1.0
2,4,12,1.0
2,4,13,1.0
2,4,14,1.0
2,4,15,1.0
2,4,16,1.0
2,4,17,1.0
2,4,18,1.0
2,4,19,1.0
2,4,20,1.0
2,4,21,1.0
2,4,22,1.0
2,4,23,1.0
2,4,24,1.0
2,4,25,1.0
2,4,26,1.0
2,4,27,1.0
2,4,28,1.0
2,4,29,1.0
2,4,30,1.0
2,4,31,1.0
2,4,32,1.0
2,4,33,1.0
2,4,34,1.0
2,4,35,1.0
2,4,36,1.0
2,4,37,1.0
2,4,38,1.0
2,4,39,1.0
2,4,40,1.0
2,4,41,1.0
2,4,42,1.0
2,4,43,1.0
2,4,44,1.0
2,4,45,1.0
2,4,46,1.0
2,4,47,1.0
2,4,48,1.0
2,4,49,1.0
2,4,50,1.0
2,4,51,1.0
2,4,52,1.0
2,4,53,1.0
2,4,54,1.0
2,4,55,1.0
2,4,56,1.0
2,4,57,1.0
2,4,58,1.0
2,4,59,1.0
2,4,60,1.0
2,4,61,1.0
2,4,62,1.0
2,4,63,1.0
2,4,64,1.0
2,4,65,1.0
2,4,66,1.0
2,4,67,1.0
2,4,68,1.0
2,4,69,1.0
2,4,70,1.0
2,4,71,1.0
2,4,72,1.0
2,4,73,1.0
2,4,74,1.0
2,4,75,1.0
2,4,76,1.0
2,4,77,1.0
2,4,78,1.0
2,4,79,1.0
2,4,80,1.0
2,4,81,1.0
2,4,82,1.0
2,4,83,1.0
2,4,84,1.0
2,4,85,1.0
2,4,86,1.0
2,4,87,1.0
2,4,88,1.0
2,4,89,1.0
2,4,90,1.0
2,4,91,1.0
2,4,92,1.0
2,4,93,1.0
2,4,94,1.0
2,4,95,1.0
2,4,96,1.0
2,4,97,1.0
2,4,98,1.0
2,4,99,1.0
2,5,6,1.0
2,5,7,1.0
2,5,8,1.0
2,5,9,1.0
2,5,10,1.0
2,5,11,1.0
2,5,12,1.0
2,5,13,1.0
2,5,14,1.0
2,5,15,1.0
2,5,16,1.0
2,5,17,1.0
2,5,18,1.0
2,5,19,1.0
2,5,20,1.0
2,5,21,1.0
2,5,22,1.0
2,5,23,1.0
2,5,24,1.0
2,5,25,1.0
2,5,26,1.0
2,5,27,1.0
2,5,28,1.0
2,5,29,1.0
2,5,30,1.0
2,5,31,1.0
2,5,32,1.0
2,5,33,1.0
2,5,34,1.0
2,5,35,1.0
2,5,36,1.0
2,5,37,1.0
2,5,38,1.0
2,5,39,1.0
2,5,40,1.0
2,5,41,1.0
2,5,42,1.0
2,5,43,1.0
2,5,44,1.0
2,5,45,1.0
2,5,46,1.0
2,5,47,1.0
2,5,48,1.0
2,5,49,1.0
2,5,50,1.0
2,5,51,1.0
2,5,52,1.0
2,5,53,1.0
2,5,54,1.0
2,5,55,1.0
2,5,56,1.0
2,5,57,1.0
2,5,58,1.0
2,5,59,1.0
2,5,60,1.0
2,5,61,1.0
2,5,62,1.0
2,5,63,1.0
2,5,64,1.0
2,5,65,1.0
2,5,66,1.0
2,5,67,1.0
2,5,68,1.0
2,5,69,1.0
2,5,70,1.0
2,5,71,1.0
2,5,72,1.0
2,5,73,1.0
2,5,74,1.0
2,5,75,1.0
2,5,76,1.0
2,5,77,1.0
2,5,78,1.0
2,5,79,1.0
2,5,80,1.0
2,5,81,1.0
2,5,82,1.0
2,5,83,1.0
2,5,84,1.0
2,5,85,1.0
2,5,86,1.0
2,5,87,1.0
2,5,88,1.0
2,5,89,1.0
2,5,90,1.0
2,5,91,1.0
2,5,92,1.0
2,5,93,1.0
2,5,94,1.0
2,5,95,1.0
2,5,96,1.0
2,5,97,1.0
2,5,98,1.0
2,5,99,1.0
2,6,7,1.0
2,6,8,1.0
2,6,9,1.0
2,6,10,1.0
2,6,11,1.0
2,6,12,1.0
2,6,13,1.0
2,6,14,1.0
2,6,15,1.0
2,6,16,1.0
2,6,17,1.0
2,6,18,1.0
2,6,19,1.0
2,6,20,1.0
2,6,21,1.0
2,6,22,1.0
2,6,23,1.0
2,6,24,1.0
2,6,25,1.0
2,6,26,1.0
2,6,27,1.0
2,6,28,1.0
2,6,29,1.0
2,6,30,1.0
2,6,31,1.0
2,6,32,1.0
2,6,33,1.0
2,6,34,1.0
2,6,35,1.0
2,6,36,1.0
2,6,37,1.0
2,6,38,1.0
2,6,39,1.0
2,6,40,1.0
2,6,41,1.0
2,6,42,1.0
2,6,43,1.0
2,6,44,1.0
2,6,45,1.0
2,6,46,1.0
2,6,47,1.0
2,6,48,1.0
2,6,49,1.0
2,6,50,1.0
2,6,51,1.0
2,6,52,1.0
2,6,53,1.0
2,6,54,1.0
2,6,55,1.0
2,6,56,1.0
2,6,57,1.0
2,6,58,1.0
2,6,59,1.0
2,6,60,1.0
2,6,61,1.0
2,6,62,1.0
2,6,63,1.0
2,6,64,1.0
2,6,65,1.0
2,6,66,1.0
2,6,67,1.0
2,6,68,1.0
2,6,69,1.0
2,6,70,1.0
2,6,71,1.0
2,6,72,1.0
2,6,73,1.0
2,6,74,1.0
2,6,75,1.0
2,6,76,1.0
2,6,77,1.0
2,6,78,1.0
2,6,79,1.0
2,6,80,1.0
2,6,81,1.0
2,6,82,1.0
2,6,83,1.0
2,6,84,1.0
2,6,85,1.0
2,6,86,1.0
2,6,87,1.0
2,6,88,1.0
2,6,89,1.0
2,6,90,1.0
2,6,91,1.0
2,6,92,1.0
2,6,93,1.0
2,6,94,1.0
2,6,95,1.0
2,6,96,1.0
2,6,97,1.0
2,6,98,1.0
2,6,99,1.0
2,7,8,1.0
2,7,9,1.0
2,7,10,1.0
2,7,11,1.0
2,7,12,1.0
2,7,13,1.0
2,7,14,1.0
2,7,15,1.0
2,7,16,1.0
2,7,17,1.0
2,7,18,1.0
2,7,19,1.0
2,7,20,1.0
2,7,21,1.0
2,7,22,1.0
2,7,23,1.0
2,7,24,1.0
2,7,25,1.0
2,7,26,1.0
2,7,27,1.0
2,7,28,1.0
2,7,29,1.0
2,7,30,1.0
2,7,31,1.0
2,7,32,1.0
2,7,33,1.0
2,7,34,1.0
2,7,35,1.0
2,7,36,1.0
2,7,37,1.0
2,7,38,1.0
2,7,39,1.0
2,7,40,1.0
2,7,41,1.0
2,7,42,1.0
2,7,43,1.0
2,7,44,1.0
2,7,45,1.0
2,7,46,1.0
2,7,47,1.0
2,7,48,1.0
2,7,49,1.0
2,7,50,1.0
2,7,51,1.0
2,7,52,1.0
2,7,53,1.0
2,7,54,1.0
2,7,55,1.0
2,7,56,1.0
2,7,57,1.0
2,7,58,1.0
2,7,59,1.0
2,7,60,1.0
2,7,61,1.0
2,7,62,1.0
2,7,63,1.0
2,7,64,1.0
2,7,65,1.0
2,7,66,1.0
2,7,67,1.0
2,7,68,1.0
2,7,69,1.0
2,7,70,1.0
2,7,71,1.0
2,7,72,1.0
2,7,73,1.0
2,7,74,1.0
2,7,75,1.0
2,7,76,1.0
2,7,77,1.0
2,7,78,1.0
2,7,79,1.0
2,7,80,1.0
2,7,81,1.0
2,7,82,1.0
2,7,83,1.0
2,7,84,1.0
2,7,85,1.0
2,7,86,1.0
2,7,87,1.0
2,7,88,1.0
2,7,89,1.0
2,7,90,1.0
2,7,91,1.0
2,7,92,1.0
2,7,93,1.0
2,7,94,1.0
2,7,95,1.0
2,7,96,1.0
2,7,97,1.0
2,7,98,1.0
2,7,99,1.0
2,8,9,1.0
2,8,10,1.0
2,8,11,1.0
2,8,12,1.0
2,8,13,1.0
2,8,14,1.0
2,8,15,1.0
2,8,16,1.0
2,8,17,1.0
2,8,18,1.0
2,8,19,1.0
2,8,20,1.0
2,8,21,1.0
2,8,22,1.0
2,8,23,1.0
2,8,24,1.0
2,8,25,1.0
2,8,26,1.0
2,8,27,1.0
2,8,28,1.0
2,8,29,1.0
2,8,30,1.0
2,8,31,1.0
2,8,32,1.0
2,8,33,1.0
2,8,34,1.0
2,8,35,1.0
2,8,36,1.0
2,8,37,1.0
2,8,38,1.0
2,8,39,1.0
2,8,40,1.0
2,8,41,1.0
2,8,42,1.0
2,8,43,1.0
2,8,44,1.0
2,8,45,1.0
2,8,46,1.0
2,8,47,1.0
2,8,48,1.0
2,8,49,1.0
2,8,50,1.0
2,8,51,1.0
2,8,52,1.0
2,8,53,1.0
2,8,54,1.0
2,8,55,1.0
2,8,56,1.0
2,8,57,1.0
2,8,58,1.0
2,8,59,1.0
2,8,60,1.0
2,8,61,1.0
2,8,62,1.0
2,8,63,1.0
2,8,64,1.0
2,8,65,1.0
2,8,66,1.0
2,8,67,1.0
2,8,68,1.0
2,8,69,1.0
2,8,70,1.0
2,8,71,1.0
2,8,72,1.0
2,8,73,1.0
2,8,74,1.0
2,8,75,1.0
2,8,76,1.0
2,8,77,1.0
2,8,78,1.0
2,8,79,1.0
2,8,80,1.0
2,8,81,1.0
2,8,82,1.0
2,8,83,1.0
2,8,84,1.0
2,8,85,1.0
2,8,86,1.0
2,8,87,1.0
2,8,88,1.0
2,8,89,1.0
2,8,90,1.0
2,8,91,1.0
2,8,92,1.0
2,8,93,1.0
2,8,94,1.0
2,8,95,1.0
2,8,96,1.0
2,8,97,1.0
2,8,98,1.0
2,8,99,1.0
2,9,10,1.0
2,9,11,1.0
2,9,12,1.0
2,9,13,1.0
2,9,14,1.0
2,9,15,1.0
2,9,16,1.0
2,9,17,1.0
2,9,18,1.0
2,9,19,1.0
2,9,20,1.0
2,9,21,1.0
2,9,22,1.0
2,9,23,1.0
2,9,24,1.0
2,9,25,1.0
2,9,26,1.0
2,9,27,1.0
2,9,28,1.0
2,9,29,1.0
2,9,30,1.0
2,9,31,1.0
2,9,32,1.0
2,9,33,1.0
2,9,34,1.0
2,9,35,1.0
2,9,36,1.0
2,9,37,1.0
2,9,38,1.0
2,9,39,1.0
2,9,40,1.0
2,9,41,1.0
2,9,42,1.0
2,9,43,1.0
2,9,44,1.0
2,9,45,1.0
2,9,46,1.0
2,9,47,1.0
2,9,48,1.0
2,9,49,1.0
2,9,50,1.0
2,9,51,1.0
2,9,52,1.0
2,9,53,1.0
2,9,54,1.0
2,9,55,1.0
2,9,56,1.0
2,9,57,1.0
2,9,58,1.0
2,9,59,1.0
2,9,60,1.0
2,9,61,1.0
2,9,62,1.0
2,9,63,1.0
2,9,64,1.0
2,9,65,1.0
2,9,66,1.0
2,9,67,1.0
2,9,68,1.0
2,9,69,1.0
2,9,70,1.0
2,9,71,1.0
2,9,72,1.0
2,9,73,1.0
2,9,74,1.0
2,9,75,1.0
2,9,76,1.0
2,9,77,1.0
2,9,78,1.0
2,9,79,1.0
2,9,80,1.0
2,9,81,1.0
2,9,82,1.0
2,9,83,1.0
2,9,84,1.0
2,9,85,1.0
2,9,86,1.0
2,9,87,1.0
2,9,88,1.0
2,9,89,1.0
2,9,90,1.0
2,9,91,1.0
2,9,92,1.0
2,9,93,1.0
2,9,94,1.0
2,9,95,1.0
2,9,96,1.0
2,9,97,1.0
2,9,98,1.0
2,9,99,1.0
2,10,11,1.0
2,10,12,1.0
2,10,13,1.0
2,10,14,1.0
2,10,15,1.0
2,10,16,1.0
2,10,17,1.0
2,10,18,1.0
2,10,19,1.0
2,10,20,1.0
2,10,21,1.0
2,10,22,1.0
2,10,23,1.0
2,10,24,1.0
2,10,25,1.0
2,10,26,1.0
2,10,27,1.0
2,10,28,1.0
2,10,29,1.0
2,10,30,1.0
2,10,31,1.0
2,10,32,1.0
2,10,33,1.0
2,10,34,1.0
2,10,35,1.0
2,10,36,1.0
2,10,37,1.0
2,10,38,1.0
2,10,39,1.0
2,10,40,1.0
2,10,41,1.0
2,10,42,1.0
2,10,43,1.0
2,10,44,1.0
2,10,45,1.0
2,10,46,1.0
2,10,47,1.0
2,10,48,1.0
2,10,49,1.0
2,10,50,1.0
2,10,51,1.0
2,10,52,1.0
2,10,53,1.0
2,10,54,1.0
2,10,55,1.0
2,10,56,1.0
2,10,57,1.0
2,10,58,1.0
2,10,59,1.0
2,10,60,1.0
2,10,61,1.0
2,10,62,1.0
2,10,63,1.0
2,10,64,1.0
2,10,65,1.0
2,10,66,1.0
2,10,67,1.0
2,10,68,1.0
2,10,69,1.0
2,10,70,1.0
2,10,71,1.0
2,10,72,1.0
2,10,73,1.0
2,10,74,1.0
2,10,75,1.0
2,10,76,1.0
2,10,77,1.0
2,10,78,1.0
2,10,79,1.0
2,10,80,1.0
2,10,81,1.0
2,10,82,1.0
2,10,83,1.0
2,10,84,1.0
2,10,85,1.0
2,10,86,1.0
2,10,87,1.0
2,10,88,1.0
2,10,89,1.0
2,10,90,1.0
2,10,91,1.0
2,10,92,1.0
2,10,93,1.0
2,10,94,1.0
2,10,95,1.0
2,10,96,1.0
2,10,97,1.0
2,10,98,1.0
2,10,99,1.0
2,11,12,1.0
2,11,13,1.0
2,11,14,1.0
2,11,15,1.0
2,11,16,1.0
2,11,17,1.0
2,11,18,1.0
2,11,19,1.0
2,11,20,1.0
2,11,21,1.0
2,11,22,1.0
2,11,23,1.0
2,11,24,1.0
2,11,25,1.0
2,11,26,1.0
2,11,27,1.0
2,11,28,1.0
2,11,29,1.0
2,11,30,1.0
2,11,31,1.0
2,11,32,1.0
2,11,33,1.0
2,11,34,1.0
2,11,35,1.0
2,11,36,1.0
2,11,37,1.0
2,11,38,1.0
2,11,39,1.0
2,11,40,1.0
2,11,41,1.0
2,11,42,1.0
2,11,43,1.0
2,11,44,1.0
2,11,45,1.0
2,11,46,1.0
2,11,47,1.0
2,11,48,1.0
2,11,49,1.0
2,11,50,1.0
2,11,51,1.0
2,11,52,1.0
2,11,53,1.0
2,11,54,1.0
2,11,55,1.0
2,11,56,1.0
2,11,57,1.0
2,11,58,1.0
2,11,59,1.0
2,11,60,1.0
2,11,61,1.0
2,11,62,1.0
2,11,63,1.0
2,11,64,1.0
2,11,65,1.0
2,11,66,1.0
2,11,67,1.0
2,11,68,1.0
2,11,69,1.0
2,11,70,1.0
2,11,71,1.0
2,11,72,1.0
2,11,73,1.0
2,11,74,1.0
2,11,75,1.0
2,11,76,1.0
2,11,77,1.0
2,11,78,1.0
2,11,79,1.0
2,11,80,1.0
2,11,81,1.0
2,11,82,1.0
2,11,83,1.0
2,11,84,1.0
2,11,85,1.0
2,11,86,1.0
2,11,87,1.0
2,11,88,1.0
2,11,89,1.0
2,11,90,1.0
2,11,91,1.0
2,11,92,1.0
2,11,93,1.0
2,11,94,1.0
2,11,95,1.0
2,11,96,1.0
2,11,97,1.0
2,11,98,1.0
2,11,99,1.0
2,12,13,1.0
2,12,14,1.0
2,12,15,1.0
2,12,16,1.0
2,12,17,1.0
2,12,18,1.0
2,12,19,1.0
2,12,20,1.0
2,12,21,1.0
2,12,22,1.0
2,12,23,1.0
2,12,24,1.0
2,12,25,1.0
2,12,26,1.0
2,12,27,1.0
2,12,28,1.0
2,12,29,1.0
2,12,30,1.0
2,12,31,1.0
2,12,32,1.0
2,12,33,1.0
2,12,34,1.0
2,12,35,1.0
2,12,36,1.0
2,12,37,1.0
2,12,38,1.0
2,12,39,1.0
2,12,40,1.0
2,12,41,1.0
2,12,42,1.0
2,12,43,1.0
2,12,44,1.0
2,12,45,1.0
2,12,46,1.0
2,12,47,1.0
2,12,48,1.0
2,12,49,1.0
2,12,50,1.0
2,12,51,1.0
2,12,52,1.0
2,12,53,1.0
2,12,54,1.0
2,12,55,1.0
2,12,56,1.0
2,12,57,1.0
2,12,58,1.0
2,12,59,1.0
2,12,60,1.0
2,12,61,1.0
2,12,62,1.0
2,12,63,1.0
2,12,64,1.0
2,12,65,1.0
2,12,66,1.0
2,12,67,1.0
2,12,68,1.0
2,12,69,1.0
2,12,70,1.0
2,12,71,1.0
2,12,72,1.0
2,12,73,1.0
2,12,74,1.0
2,12,75,1.0
2,12,76,1.0
2,12,77,1.0
2,12,78,1.0
2,12,79,1.0
2,12,80,1.0
2,12,81,1.0
2,12,82,1.0
2,12,83,1.0
2,12,84,1.0
2,12,85,1.0
2,12,86,1.0
2,12,87,1.0
2,12,88,1.0
2,12,89,1.0
2,12,90,1.0
2,12,91,1.0
2,12,92,1.0
2,12,93,1.0
2,12,94,1.0
2,12,95,1.0
2,12,96,1.0
2,12,97,1.0
2,12,98,1.0
2,12,99,1.0
2,13,14,1.0
2,13,15,1.0
2,13,16,1.0
2,13,17,1.0
2,13,18,1.0
2,13,19,1.0
2,13,20,1.0
2,13,21,1.0
2,13,22,1.0
2,13,23,1.0
2,13,24,1.0
2,13,25,1.0
2,13,26,1.0
2,13,27,1.0
2,13,28,1.0
2,13,29,1.0
2,13,30,1.0
2,13,31,1.0
2,13,32,1.0
2,13,33,1.0
2,13,34,1.0
2,13,35,1.0
2,13,36,1.0
2,13,37,1.0
2,13,38,1.0
2,13,39,1.0
2,13,40,1.0
2,13,41,1.0
2,13,42,1.0
2,13,43,1.0
2,13,44,1.0
2,13,45,1.0
2,13,46,1.0
2,13,47,1.0
2,13,48,1.0
2,13,49,1.0
2,13,50,1.0
2,13,51,1.0
2,13,52,1.0
2,13,53,1.0
2,13,54,1.0
2,13,55,1.0
2,13,56,1.0
2,13,57,1.0
2,13,58,1.0
2,13,59,1.0
2,13,60,1.0
2,13,61,1.0
2,13,62,1.0
2,13,63,1.0
2,13,64,1.0
2,13,65,1.0
2,13,66,1.0
2,13,67,1.0
2,13,68,1.0
2,13,69,1.0
2,13,70,1.0
2,13,71,1.0
2,13,72,1.0
2,13,73,1.0
2,13,74,1.0
2,13,75,1.0
2,13,76,1.0
2,13,77,1.0
2,13,78,1.0
2,13,79,1.0
2,13,80,1.0
2,13,81,1.0
2,13,82,1.0
2,13,83,1.0
2,13,84,1.0
2,13,85,1.0
2,13,86,1.0
2,13,87,1.0
2,13,88,1.0
2,13,89,1.0
2,13,90,1.0
2,13,91,1.0
2,13,92,1.0
2,13,93,1.0
2,13,94,1.0
2,13,95,1.0
2,13,96,1.0
2,13,97,1.0
2,13,98,1.0
2,13,99,1.0
2,14,15,1.0
2,14,16,1.0
2,14,17,1.0
2,14,18,1.0
2,14,19,1.0
2,14,20,1.0
2,14,21,1.0
2,14,22,1.0
2,14,23,1.0
2,14,24,1.0
2,14,25,1.0
2,14,26,1.0
2,14,27,1.0
2,14,28,1.0
2,14,29,1.0
2,14,30,1.0
2,14,31,1.0
2,14,32,1.0
2,14,33,1.0
2,14,34,1.0
2,14,35,1.0
2,14,36,1.0
2,14,37,1.0
2,14,38,1.0
2,14,39,1.0
2,14,40,1.0
2,14,41,1.0
2,14,42,1.0
2,14,43,1.0
2,14,44,1.0
2,14,45,1.0
2,14,46,1.0
2,14,47,1.0
2,14,48,1.0
2,14,49,1.0
2,14,50,1.0
2,14,51,1.0
2,14,52,1.0
2,14,53,1.0
2,14,54,1.0
2,14,55,1.0
2,14,56,1.0
2,14,57,1.0
2,14,58,1.0
2,14,59,1.0
2,14,60,1.0
2,14,61,1.0
2,14,62,1.0
2,14,63,1.0
2,14,64,1.0
2,14,65,1.0
2,14,66,1.0
2,14,67,1.0
2,14,68,1.0
2,14,69,1.0
2,14,70,1.0
2,14,71,1.0
2,14,72,1.0
2,14,73,1.0
2,14,74,1.0
2,14,75,1.0
2,14,76,1.0
2,14,77,1.0
2,14,78,1.0
2,14,79,1.0
2,14,80,1.0
2,14,81,1.0
2,14,82,1.0
2,14,83,1.0
2,14,84,1.0
2,14,85,1.0
2,14,86,1.0
2,14,87,1.0
2,14,88,1.0
2,14,89,1.0
2,14,90,1.0
2,14,91,1.0
2,14,92,1.0
2,14,93,1.0
2,14,94,1.0
2,14,95,1.0
2,14,96,1.0
2,14,97,1.0
2,14,98,1.0
2,14,99,1.0
2,15,16,1.0
2,15,17,1.0
2,15,18,1.0
2,15,19,1.0
2,15,20,1.0
2,15,21,1.0
2,15,22,1.0
2,15,23,1.0
2,15,24,1.0
2,15,25,1.0
2,15,26,1.0
2,15,27,1.0
2,15,28,1.0
2,15,29,1.0
2,15,30,1.0
2,15,31,1.0
2,15,32,1.0
2,15,33,1.0
2,15,34,1.0
2,15,35,1.0
2,15,36,1.0
2,15,37,1.0
2,15,38,1.0
2,15,39,1.0
2,15,40,1.0
2,15,41,1.0
2,15,42,1.0
2,15,43,1.0
2,15,44,1.0
2,15,45,1.0
2,15,46,1.0
2,15,47,1.0
2,15,48,1.0
2,15,49,1.0
2,15,50,1.0
2,15,51,1.0
2,15,52,1.0
2,15,53,1.0
2,15,54,1.0
2,15,55,1.0
2,15,56,1.0
2,15,57,1.0
2,15,58,1.0
2,15,59,1.0
2,15,60,1.0
2,15,61,1.0
2,15,62,1.0
2,15,63,1.0
2,15,64,1.0
2,15,65,1.0
2,15,66,1.0
2,15,67,1.0
2,15,68,1.0
2,15,69,1.0
2,15,70,1.0
2,15,71,1.0
2,15,72,1.0
2,15,73,1.0
2,15,74,1.0
2,15,75,1.0
2,15,76,1.0
2,15,77,1.0
2,15,78,1.0
2,15,79,1.0
2,15,80,1.0
2,15,81,1.0
2,15,82,1.0
2,15,83,1.0
2,15,84,1.0
2,15,85,1.0
2,15,86,1.0
2,15,87,1.0
2,15,88,1.0
2,15,89,1.0
2,15,90,1.0
2,15,91,1.0
2,15,92,1.0
2,15,93,1.0
2,15,94,1.0
2,15,95,1.0
2,15,96,1.0
2,15,97,1.0
2,15,98,1.0
2,15,99,1.0
2,16,17,1.0
2,16,18,1.0
2,16,19,1.0
2,16,20,1.0
2,16,21,1.0
2,16,22,1.0
2,16,23,1.0
2,16,24,1.0
2,16,25,1.0
2,16,26,1.0
2,16,27,1.0
2,16,28,1.0
2,16,29,1.0
2,16,30,1.0
2,16,31,1.0
2,16,32,1.0
2,16,33,1.0
2,16,34,1.0
2,16,35,1.0
2,16,36,1.0
2,16,37,1.0
2,16,38,1.0
2,16,39,1.0
2,16,40,1.0
2,16,41,1.0
2,16,42,1.0
2,16,43,1.0
2,16,44,1.0
2,16,45,1.0
2,16,46,1.0
2,16,47,1.0
2,16,48,1.0
2,16,49,1.0
2,16,50,1.0
2,16,51,1.0
2,16,52,1.0
2,16,53,1.0
2,16,54,1.0
2,16,55,1.0
2,16,56,1.0
2,16,57,1.0
2,16,58,1.0
2,16,59,1.0
2,16,60,1.0
2,16,61,1.0
2,16,62,1.0
2,16,63,1.0
2,16,64,1.0
2,16,65,1.0
2,16,66,1.0
2,16,67,1.0
2,16,68,1.0
2,16,69,1.0
2,16,70,1.0
2,16,71,1.0
2,16,72,1.0
2,16,73,1.0
2,16,74,1.0
2,16,75,1.0
2,16,76,1.0
2,16,77,1.0
2,16,78,1.0
2,16,79,1.0
2,16,80,1.0
2,16,81,1.0
2,16,82,1.0
2,16,83,1.0
2,16,84,1.0
2,16,85,1.0
2,16,86,1.0
2,16,87,1.0
2,16,88,1.0
2,16,89,1.0
2,16,90,1.0
2,16,91,1.0
2,16,92,1.0
2,16,93,1.0
2,16,94,1.0
2,16,95,1.0
2,16,96,1.0
2,16,97,1.0
2,16,98,1.0
2,16,99,1.0
2,17,18,1.0
2,17,19,1.0
2,17,20,1.0
2,17,21,1.0
2,17,22,1.0
2,17,23,1.0
2,17,24,1.0
2,17,25,1.0
2,17,26,1.0
2,17,27,1.0
2,17,28,1.0
2,17,29,1.0
2,17,30,1.0
2,17,31,1.0
2,17,32,1.0
2,17,33,1.0
2,17,34,1.0
2,17,35,1.0
2,17,36,1.0
2,17,37,1.0
2,17,38,1.0
2,17,39,1.0
2,17,40,1.0
2,17,41,1.0
2,17,42,1.0
2,17,43,1.0
2,17,44,1.0
2,17,45,1.0
2,17,46,1.0
2,17,47,1.0
2,17,48,1.0
2,17,49,1.0
2,17,50,1.0
2,17,51,1.0
2,17,52,1.0
2,17,53,1.0
2,17,54,1.0
2,17,55,1.0
2,17,56,1.0
2,17,57,1.0
2,17,58,1.0
2,17,59,1.0
2,17,60,1.0
2,17,61,1.0
2,17,62,1.0
2,17,63,1.0
2,17,64,1.0
2,17,65,1.0
2,17,66,1.0
2,17,67,1.0
2,17,68,1.0
2,17,69,1.0
2,17,70,1.0
2,17,71,1.0
2,17,72,1.0
2,17,73,1.0
2,17,74,1.0
2,17,75,1.0
2,17,76,1.0
2,17,77,1.0
2,17,78,1.0
2,17,79,1.0
2,17,80,1.0
2,17,81,1.0
2,17,82,1.0
2,17,83,1.0
2,17,84,1.0
2,17,85,1.0
2,17,86,1.0
2,17,87,1.0
2,17,88,1.0
2,17,89,1.0
2,17,90,1.0
2,17,91,1.0
2,17,92,1.0
2,17,93,1.0
2,17,94,1.0
2,17,95,1.0
2,17,96,1.0
2,17,97,1.0
2,17,98,1.0
2,17,99,1.0
2,18,19,1.0
2,18,20,1.0
2,18,21,1.0
2,18,22,1.0
2,18,23,1.0
2,18,24,1.0
2,18,25,1.0
2,18,26,1.0
2,18,27,1.0
2,18,28,1.0
2,18,29,1.0
2,18,30,1.0
2,18,31,1.0
2,18,32,1.0
2,18,33,1.0
2,18,34,1.0
2,18,35,1.0
2,18,36,1.0
2,18,37,1.0
2,18,38,1.0
2,18,39,1.0
2,18,40,1.0
2,18,41,1.0
2,18,42,1.0
2,18,43,1.0
2,18,44,1.0
2,18,45,1.0
2,18,46,1.0
2,18,47,1.0
2,18,48,1.0
2,18,49,1.0
2,18,50,1.0
2,18,51,1.0
2,18,52,1.0
2,18,53,1.0
2,18,54,1.0
2,18,55,1.0
2,18,56,1.0
2,18,57,1.0
2,18,58,1.0
2,18,59,1.0
2,18,60,1.0
2,18,61,1.0
2,18,62,1.0
2,18,63,1.0
2,18,64,1.0
2,18,65,1.0
2,18,66,1.0
2,18,67,1.0
2,18,68,1.0
2,18,69,1.0
2,18,70,1.0
2,18,71,1.0
2,18,72,1.0
2,18,73,1.0
2,18,74,1.0
2,18,75,1.0
2,18,76,1.0
2,18,77,1.0
2,18,78,1.0
2,18,79,1.0
2,18,80,1.0
2,18,81,1.0
2,18,82,1.0
2,18,83,1.0
2,18,84,1.0
2,18,85,1.0
2,18,86,1.0
2,18,87,1.0
2,18,88,1.0
2,18,89,1.0
2,18,90,1.0
2,18,91,1.0
2,18,92,1.0
2,18,93,1.0
2,18,94,1.0
2,18,95,1.0
2,18,96,1.0
2,18,97,1.0
2,18,98,1.0
2,18,99,1.0
2,19,20,1.0
2,19,21,1.0
2,19,22,1.0
2,19,23,1.0
2,19,24,1.0
2,19,25,1.0
2,19,26,1.0
2,19,27,1.0
2,19,28,1.0
2,19,29,1.0
2,19,30,1.0
2,19,31,1.0
2,19,32,1.0
2,19,33,1.0
2,19,34,1.0
2,19,35,1.0
2,19,36,1.0
2,19,37,1.0
2,19,38,1.0
2,19,39,1.0
2,19,40,1.0
2,19,41,1.0
2,19,42,1.0
2,19,43,1.0
2,19,44,1.0
2,19,45,1.0
2,19,46,1.0
2,19,47,1.0
2,19,48,1.0
2,19,49,1.0
2,19,50,1.0
2,19,51,1.0
2,19,52,1.0
2,19,53,1.0
2,19,54,1.0
2,19,55,1.0
2,19,56,1.0
2,19,57,1.0
2,19,58,1.0
2,19,59,1.0
2,19,60,1.0
2,19,61,1.0
2,19,62,1.0
2,19,63,1.0
2,19,64,1.0
2,19,65,1.0
2,19,66,1.0
2,19,67,1.0
2,19,68,1.0
2,19,69,1.0
2,19,70,1.0
2,19,71,1.0
2,19,72,1.0
2,19,73,1.0
2,19,74,1.0
2,19,75,1.0
2,19,76,1.0
2,19,77,1.0
2,19,78,1.0
2,19,79,1.0
2,19,80,1.0
2,19,81,1.0
2,19,82,1.0
2,19,83,1.0
2,19,84,1.0
2,19,85,1.0
2,19,86,1.0
2,19,87,1.0
2,19,88,1.0
2,19,89,1.0
2,19,90,1.0
2,19,91,1.0
2,19,92,1.0
2,19,93,1.0
2,19,94,1.0
2,19,95,1.0
2,19,96,1.0
2,19,97,1.0
2,19,98,1.0
2,19,99,1.0
2,20,21,1.0
2,20,22,1.0
2,20,23,1.0
2,20,24,1.0
2,20,25,1.0
2,20,26,1.0
2,20,27,1.0
2,20,28,1.0
2,20,29,1.0
2,20,30,1.0
2,20,31,1.0
2,20,32,1.0
2,20,33,1.0
2,20,34,1.0
2,20,35,1.0
2,20,36,1.0
2,20,37,1.0
2,20,38,1.0
2,20,39,1.0
2,20,40,1.0
2,20,41,1.0
2,20,42,1.0
2,20,43,1.0
2,20,44,1.0
2,20,45,1.0
2,20,46,1.0
2,20,47,1.0
2,20,48,1.0
2,20,49,1.0
2,20,50,1.0
2,20,51,1.0
2,20,52,1.0
2,20,53,1.0
2,20,54,1.0
2,20,55,1.0
2,20,56,1.0
2,20,57,1.0
2,20,58,1.0
2,20,59,1.0
2,20,60,1.0
2,20,61,1.0
2,20,62,1.0
2,20,63,1.0
2,20,64,1.0
2,20,65,1.0
2,20,66,1.0
2,20,67,1.0
2,20,68,1.0
2,20,69,1.0
2,20,70,1.0
2,20,71,1.0
2,20,72,1.0
2,20,73,1.0
2,20,74,1.0
2,20,75,1.0
2,20,76,1.0
2,20,77,1.0
2,20,78,1.0
2,20,79,1.0
2,20,80,1.0
2,20,81,1.0
2,20,82,1.0
2,20,83,1.0
2,20,84,1.0
2,20,85,1.0
2,20,86,1.0
2,20,87,1.0
2,20,88,1.0
2,20,89,1.0
2,20,90,1.0
2,20,91,1.0
2,20,92,1.0
2,20,93,1.0
2,20,94,1.0
2,20,95,1.0
2,20,96,1.0
2,20,97,1.0
2,20,98,1.0
2,20,99,1.0
2,21,22,1.0
2,21,23,1.0
2,21,24,1.0
2,21,25,1.0
2,21,26,1.0
2,21,27,1.0
2,21,28,1.0
2,21,29,1.0
2,21,30,1.0
2,21,31,1.0
2,21,32,1.0
2,21,33,1.0
2,21,34,1.0
2,21,35,1.0
2,21,36,1.0
2,21,37,1.0
2,21,38,1.0
2,21,39,1.0
2,21,40,1.0
2,21,41,1.0
2,21,42,1.0
2,21,43,1.0
2,21,44,1.0
2,21,45,1.0
2,21,46,1.0
2,21,47,1.0
2,21,48,1.0
2,21,49,1.0
2,21,50,1.0
2,21,51,1.0
2,21,52,1.0
2,21,53,1.0
2,21,54,1.0
2,21,55,1.0
2,21,56,1.0
2,21,57,1.0
2,21,58,1.0
2,21,59,1.0
2,21,60,1.0
2,21,61,1.0
2,21,62,1.0
2,21,63,1.0
2,21,64,1.0
2,21,65,1.0
2,21,66,1.0
2,21,67,1.0
2,21,68,1.0
2,21,69,1.0
2,21,70,1.0
2,21,71,1.0
2,21,72,1.0
2,21,73,1.0
2,21,74,1.0
2,21,75,1.0
2,21,76,1.0
2,21,77,1.0
2,21,78,1.0
2,21,79,1.0
2,21,80,1.0
2,21,81,1.0
2,21,82,1.0
2,21,83,1.0
2,21,84,1.0
2,21,85,1.0
2,21,86,1.0
2,21,87,1.0
2,21,88,1.0
2,21,89,1.0
2,21,90,1.0
2,21,91,1.0
2,21,92,1.0
2,21,93,1.0
2,21,94,1.0
2,21,95,1.0
2,21,96,1.0
2,21,97,1.0
2,21,98,1.0
2,21,99,1.0
2,22,23,1.0
2,22,24,1.0
2,22,25,1.0
2,22,26,1.0
2,22,27,1.0
2,22,28,1.0
2,22,29,1.0
2,22,30,1.0
2,22,31,1.0
2,22,32,1.0
2,22,33,1.0
2,22,34,1.0
2,22,35,1.0
2,22,36,1.0
2,22,37,1.0
2,22,38,1.0
2,22,39,1.0
2,22,40,1.0
2,22,41,1.0
2,22,42,1.0
2,22,43,1.0
2,22,44,1.0
2,22,45,1.0
2,22,46,1.0
2,22,47,1.0
2,22,48,1.0
2,22,49,1.0
2,22,50,1.0
2,22,51,1.0
2,22,52,1.0
2,22,53,1.0
2,22,54,1.0
2,22,55,1.0
2,22,56,1.0
2,22,57,1.0
2,22,58,1.0
2,22,59,1.0
2,22,60,1.0
2,22,61,1.0
2,22,62,1.0
2,22,63,1.0
2,22,64,1.0
2,22,65,1.0
2,22,66,1.0
2,22,67,1.0
2,22,68,1.0
2,22,69,1.0
2,22,70,1.0
2,22,71,1.0
2,22,72,1.0
2,22,73,1.0
2,22,74,1.0
2,22,75,1.0
2,22,76,1.0
2,22,77,1.0
2,22,78,1.0
2,22,79,1.0
2,22,80,1.0
2,22,81,1.0
2,22,82,1.0
2,22,83,1.0
2,22,84,1.0
2,22,85,1.0
2,22,86,1.0
2,22,87,1.0
2,22,88,1.0
2,22,89,1.0
2,22,90,1.0
2,22,91,1.0
2,22,92,1.0
2,22,93,1.0
2,22,94,1.0
2,22,95,1.0
2,22,96,1.0
2,22,97,1.0
2,22,98,1.0
2,22,99,1.0
2,23,24,1.0
2,23,25,1.0
2,23,26,1.0
2,23,27,1.0
2,23,28,1.0
2,23,29,1.0
2,23,30,1.0
2,23,31,1.0
2,23,32,1.0
2,23,33,1.0
2,23,34,1.0
2,23,35,1.0
2,23,36,1.0
2,23,37,1.0
2,23,38,1.0
2,23,39,1.0
2,23,40,1.0
2,23,41,1.0
2,23,42,1.0
2,23,43,1.0
2,23,44,1.0
2,23,45,1.0
2,23,46,1.0
2,23,47,1.0
2,23,48,1.0
2,23,49,1.0
2,23,50,1.0
2,23,51,1.0
2,23,52,1.0
2,23,53,1.0
2,23,54,1.0
2,23,55,1.0
2,23,56,1.0
2,23,57,1.0
2,23,58,1.0
2,23,59,1.0
2,23,60,1.0
2,23,61,1.0
2,23,62,1.0
2,23,63,1.0
2,23,64,1.0
2,23,65,1.0
2,23,66,1.0
2,23,67,1.0
2,23,68,1.0
2,23,69,1.0
2,23,70,1.0
2,23,71,1.0
2,23,72,1.0
2,23,73,1.0
2,23,74,1.0
2,23,75,1.0
2,23,76,1.0
2,23,77,1.0
2,23,78,1.0
2,23,79,1.0
2,23,80,1.0
2,23,81,1.0
2,23,82,1.0
2,23,83,1.0
2,23,84,1.0
2,23,85,1.0
2,23,86,1.0
2,23,87,1.0
2,23,88,1.0
2,23,89,1.0
2,23,90,1.0
2,23,91,1.0
2,23,92,1.0
2,23,93,1.0
2,23,94,1.0
2,23,95,1.0
2,23,96,1.0
2,23,97,1.0
2,23,98,1.0
2,23,99,1.0
2,24,25,1.0
2,24,26,1.0
2,24,27,1.0
2,24,28,1.0
2,24,29,1.0
2,24,30,1.0
2,24,31,1.0
2,24,32,1.0
2,24,33,1.0
2,24,34,1.0
2,24,35,1.0
2,24,36,1.0
2,24,37,1.0
2,24,38,1.0
2,24,39,1.0
2,24,40,1.0
2,24,41,1.0
2,24,42,1.0
2,24,43,1.0
2,24,44,1.0
2,24,45,1.0
2,24,46,1.0
2,24,47,1.0
2,24,48,1.0
2,24,49,1.0
2,24,50,1.0
2,24,51,1.0
2,24,52,1.0
2,24,53,1.0
2,24,54,1.0
2,24,55,1.0
2,24,56,1.0
2,24,57,1.0
2,24,58,1.0
2,24,59,1.0
2,24,60,1.0
2,24,61,1.0
2,24,62,1.0
2,24,63,1.0
2,24,64,1.0
2,24,65,1.0
2,24,66,1.0
2,24,67,1.0
2,24,68,1.0
2,24,69,1.0
2,24,70,1.0
2,24,71,1.0
2,24,72,1.0
2,24,73,1.0
2,24,74,1.0
2,24,75,1.0
2,24,76,1.0
2,24,77,1.0
2,24,78,1.0
2,24,79,1.0
2,24,80,1.0
2,24,81,1.0
2,24,82,1.0
2,24,83,1.0
2,24,84,1.0
2,24,85,1.0
2,24,86,1.0
2,24,87,1.0
2,24,88,1.0
2,24,89,1.0
2,24,90,1.0
2,24,91,1.0
2,24,92,1.0
2,24,93,1.0
2,24,94,1.0
2,24,95,1.0
2,24,96,1.0
2,24,97,1.0
2,24,98,1.0
2,24,99,1.0
2,25,26,1.0
2,25,27,1.0
2,25,28,1.0
2,25,29,1.0
2,25,30,1.0
2,25,31,1.0
2,25,32,1.0
2,25,33,1.0
2,25,34,1.0
2,25,35,1.0
2,25,36,1.0
2,25,37,1.0
2,25,38,1.0
2,25,39,1.0
2,25,40,1.0
2,25,41,1.0
2,25,42,1.0
2,25,43,1.0
2,25,44,1.0
2,25,45,1.0
2,25,46,1.0
2,25,47,1.0
2,25,48,1.0
2,25,49,1.0
2,25,50,1.0
2,25,51,1.0
2,25,52,1.0
2,25,53,1.0
2,25,54,1.0
2,25,55,1.0
2,25,56,1.0
2,25,57,1.0
2,25,58,1.0
2,25,59,1.0
2,25,60,1.0
2,25,61,1.0
2,25,62,1.0
2,25,63,1.0
2,25,64,1.0
2,25,65,1.0
2,25,66,1.0
2,25,67,1.0
2,25,68,1.0
2,25,69,1.0
2,25,70,1.0
2,25,71,1.0
2,25,72,1.0
2,25,73,1.0
2,25,74,1.0
2,25,75,1.0
2,25,76,1.0
2,25,77,1.0
2,25,78,1.0
2,25,79,1.0
2,25,80,1.0
2,25,81,1.0
2,25,82,1.0
2,25,83,1.0
2,25,84,1.0
2,25,85,1.0
2,25,86,1.0
2,25,87,1.0
2,25,88,1.0
2,25,89,1.0
2,25,90,1.0
2,25,91,1.0
2,25,92,1.0
2,25,93,1.0
2,25,94,1.0
2,25,95,1.0
2,25,96,1.0
2,25,97,1.0
2,25,98,1.0
2,25,99,1.0
2,26,27,1.0
2,26,28,1.0
2,26,29,1.0
2,26,30,1.0
2,26,31,1.0
2,26,32,1.0
2,26,33,1.0
2,26,34,1.0
2,26,35,1.0
2,26,36,1.0
2,26,37,1.0
2,26,38,1.0
2,26,39,1.0
2,26,40,1.0
2,26,41,1.0
2,26,42,1.0
2,26,43,1.0
2,26,44,1.0
2,26,45,1.0
2,26,46,1.0
2,26,47,1.0
2,26,48,1.0
2,26,49,1.0
2,26,50,1.0
2,26,51,1.0
2,26,52,1.0
2,26,53,1.0
2,26,54,1.0
2,26,55,1.0
2,26,56,1.0
2,26,57,1.0
2,26,58,1.0
2,26,59,1.0
2,26,60,1.0
2,26,61,1.0
2,26,62,1.0
2,26,63,1.0
2,26,64,1.0
2,26,65,1.0
2,26,66,1.0
2,26,67,1.0
2,26,68,1.0
2,26,69,1.0
2,26,70,1.0
2,26,71,1.0
2,26,72,1.0
2,26,73,1.0
2,26,74,1.0
2,26,75,1.0
2,26,76,1.0
2,26,77,1.0
2,26,78,1.0
2,26,79,1.0
2,26,80,1.0
2,26,81,1.0
2,26,82,1.0
2,26,83,1.0
2,26,84,1.0
2,26,85,1.0
2,26,86,1.0
2,26,87,1.0
2,26,88,1.0
2,26,89,1.0
2,26,90,1.0
2,26,91,1.0
2,26,92,1.0
2,26,93,1.0
2,26,94,1.0
2,26,95,1.0
2,26,96,1.0
2,26,97,1.0
2,26,98,1.0
2,26,99,1.0
2,27,28,1.0
2,27,29,1.0
2,27,30,1.0
2,27,31,1.0
2,27,32,1.0
2,27,33,1.0
2,27,34,1.0
2,27,35,1.0
2,27,36,1.0
2,27,37,1.0
2,27,38,1.0
2,27,39,1.0
2,27,40,1.0
2,27,41,1.0
2,27,42,1.0
2,27,43,1.0
2,27,44,1.0
2,27,45,1.0
2,27,46,1.0
2,27,47,1.0
2,27,48,1.0
2,27,49,1.0
2,27,50,1.0
2,27,51,1.0
2,27,52,1.0
2,27,53,1.0
2,27,54,1.0
2,27,55,1.0
2,27,56,1.0
2,27,57,1.0
2,27,58,1.0
2,27,59,1.0
2,27,60,1.0
2,27,61,1.0
2,27,62,1.0
2,27,63,1.0
2,27,64,1.0
2,27,65,1.0
2,27,66,1.0
2,27,67,1.0
2,27,68,1.0
2,27,69,1.0
2,27,70,1.0
2,27,71,1.0
2,27,72,1.0
2,27,73,1.0
2,27,74,1.0
2,27,75,1.0
2,27,76,1.0
2,27,77,1.0
2,27,78,1.0
2,27,79,1.0
2,27,80,1.0
2,27,81,1.0
2,27,82,1.0
2,27,83,1.0
2,27,84,1.0
2,27,85,1.0
2,27,86,1.0
2,27,87,1.0
2,27,88,1.0
2,27,89,1.0
2,27,90,1.0
2,27,91,1.0
2,27,92,1.0
2,27,93,1.0
2,27,94,1.0
2,27,95,1.0
2,27,96,1.0
2,27,97,1.0
2,27,98,1.0
2,27,99,1.0
2,28,29,1.0
2,28,30,1.0
2,28,31,1.0
2,28,32,1.0
2,28,33,1.0
2,28,34,1.0
2,28,35,1.0
2,28,36,1.0
2,28,37,1.0
2,28,38,1.0
2,28,39,1.0
2,28,40,1.0
2,28,41,1.0
2,28,42,1.0
2,28,43,1.0
2,28,44,1.0
2,28,45,1.0
2,28,46,1.0
2,28,47,1.0
2,28,48,1.0
2,28,49,1.0
2,28,50,1.0
2,28,51,1.0
2,28,52,1.0
2,28,53,1.0
2,28,54,1.0
2,28,55,1.0
2,28,56,1.0
2,28,57,1.0
2,28,58,1.0
2,28,59,1.0
2,28,60,1.0
2,28,61,1.0
2,28,62,1.0
2,28,63,1.0
2,28,64,1.0
2,28,65,1.0
2,28,66,1.0
2,28,67,1.0
2,28,68,1.0
2,28,69,1.0
2,28,70,1.0
2,28,71,1.0
2,28,72,1.0
2,28,73,1.0
2,28,74,1.0
2,28,75,1.0
2,28,76,1.0
2,28,77,1.0
2,28,78,1.0
2,28,79,1.0
2,28,80,1.0
2,28,81,1.0
2,28,82,1.0
2,28,83,1.0
2,28,84,1.0
2,28,85,1.0
2,28,86,1.0
2,28,87,1.0
2,28,88,1.0
2,28,89,1.0
2,28,90,1.0
2,28,91,1.0
2,28,92,1.0
2,28,93,1.0
2,28,94,1.0
2,28,95,1.0
2,28,96,1.0
2,28,97,1.0
2,28,98,1.0
2,28,99,1.0
2,29,30,1.0
2,29,31,1.0
2,29,32,1.0
2,29,33,1.0
2,29,34,1.0
2,29,35,1.0
2,29,36,1.0
2,29,37,1.0
2,29,38,1.0
2,29,39,1.0
2,29,40,1.0
2,29,41,1.0
2,29,42,1.0
2,29,43,1.0
2,29,44,1.0
2,29,45,1.0
2,29,46,1.0
2,29,47,1.0
2,29,48,1.0
2,29,49,1.0
2,29,50,1.0
2,29,51,1.0
2,29,52,1.0
2,29,53,1.0
2,29,54,1.0
2,29,55,1.0
2,29,56,1.0
2,29,57,1.0
2,29,58,1.0
2,29,59,1.0
2,29,60,1.0
2,29,61,1.0
2,29,62,1.0
2,29,63,1.0
2,29,64,1.0
2,29,65,1.0
2,29,66,1.0
2,29,67,1.0
2,29,68,1.0
2,29,69,1.0
2,29,70,1.0
2,29,71,1.0
2,29,72,1.0
2,29,73,1.0
2,29,74,1.0
2,29,75,1.0
2,29,76,1.0
2,29,77,1.0
2,29,78,1.0
2,29,79,1.0
2,29,80,1.0
2,29,81,1.0
2,29,82,1.0
2,29,83,1.0
2,29,84,1.0
2,29,85,1.0
2,29,86,1.0
2,29,87,1.0
2,29,88,1.0
2,29,89,1.0
2,29,90,1.0
2,29,91,1.0
2,29,92,1.0
2,29,93,1.0
2,29,94,1.0
2,29,95,1.0
2,29,96,1.0
2,29,97,1.0
2,29,98,1.0
2,29,99,1.0
2,30,31,1.0
2,30,32,1.0
2,30,33,1.0
2,30,34,1.0
2,30,35,1.0
2,30,36,1.0
2,30,37,1.0
2,30,38,1.0
2,30,39,1.0
2,30,40,1.0
2,30,41,1.0
2,30,42,1.0
2,30,43,1.0
2,30,44,1.0
2,30,45,1.0
2,30,46,1.0
2,30,47,1.0
2,30,48,1.0
2,30,49,1.0
2,30,50,1.0
2,30,51,1.0
2,30,52,1.0
2,30,53,1.0
2,30,54,1.0
2,30,55,1.0
2,30,56,1.0
2,30,57,1.0
2,30,58,1.0
2,30,59,1.0
2,30,60,1.0
2,30,61,1.0
2,30,62,1.0
2,30,63,1.0
2,30,64,1.0
2,30,65,1.0
2,30,66,1.0
2,30,67,1.0
2,30,68,1.0
2,30,69,1.0
2,30,70,1.0
2,30,71,1.0
2,30,72,1.0
2,30,73,1.0
2,30,74,1.0
2,30,75,1.0
2,30,76,1.0
2,30,77,1.0
2,30,78,1.0
2,30,79,1.0
2,30,80,1.0
2,30,81,1.0
2,30,82,1.0
2,30,83,1.0
2,30,84,1.0
2,30,85,1.0
2,30,86,1.0
2,30,87,1.0
2,30,88,1.0
2,30,89,1.0
2,30,90,1.0
2,30,91,1.0
2,30,92,1.0
2,30,93,1.0
2,30,94,1.0
2,30,95,1.0
2,30,96,1.0
2,30,97,1.0
2,30,98,1.0
2,30,99,1.0
2,31,32,1.0
2,31,33,1.0
2,31,34,1.0
2,31,35,1.0
2,31,36,1.0
2,31,37,1.0
2,31,38,1.0
2,31,39,1.0
2,31,40,1.0
2,31,41,1.0
2,31,42,1.0
2,31,43,1.0
2,31,44,1.0
2,31,45,1.0
2,31,46,1.0
2,31,47,1.0
2,31,48,1.0
2,31,49,1.0
2,31,50,1.0
2,31,51,1.0
2,31,52,1.0
2,31,53,1.0
2,31,54,1.0
2,31,55,1.0
2,31,56,1.0
2,31,57,1.0
2,31,58,1.0
2,31,59,1.0
2,31,60,1.0
2,31,61,1.0
2,31,62,1.0
2,31,63,1.0
2,31,64,1.0
2,31,65,1.0
2,31,66,1.0
2,31,67,1.0
2,31,68,1.0
2,31,69,1.0
2,31,70,1.0
2,31,71,1.0
2,31,72,1.0
2,31,73,1.0
2,31,74,1.0
2,31,75,1.0
2,31,76,1.0
2,31,77,1.0
2,31,78,1.0
2,31,79,1.0
2,31,80,1.0
2,31,81,1.0
2,31,82,1.0
2,31,83,1.0
2,31,84,1.0
2,31,85,1.0
2,31,86,1.0
2,31,87,1.0
2,31,88,1.0
2,31,89,1.0
2,31,90,1.0
2,31,91,1.0
2,31,92,1.0
2,31,93,1.0
2,31,94,1.0
2,31,95,1.0
2,31,96,1.0
2,31,97,1.0
2,31,98,1.0
2,31,99,1.0
2,32,33,1.0
2,32,34,1.0
2,32,35,1.0
2,32,36,1.0
2,32,37,1.0
2,32,38,1.0
2,32,39,1.0
2,32,40,1.0
2,32,41,1.0
2,32,42,1.0
2,32,43,1.0
2,32,44,1.0
2,32,45,1.0
2,32,46,1.0
2,32,47,1.0
2,32,48,1.0
2,32,49,1.0
2,32,50,1.0
2,32,51,1.0
2,32,52,1.0
2,32,53,1.0
2,32,54,1.0
2,32,55,1.0
2,32,56,1.0
2,32,57,1.0
2,32,58,1.0
2,32,59,1.0
2,32,60,1.0
2,32,61,1.0
2,32,62,1.0
2,32,63,1.0
2,32,64,1.0
2,32,65,1.0
2,32,66,1.0
2,32,67,1.0
2,32,68,1.0
2,32,69,1.0
2,32,70,1.0
2,32,71,1.0
2,32,72,1.0
2,32,73,1.0
2,32,74,1.0
2,32,75,1.0
2,32,76,1.0
2,32,77,1.0
2,32,78,1.0
2,32,79,1.0
2,32,80,1.0
2,32,81,1.0
2,32,82,1.0
2,32,83,1.0
2,32,84,1.0
2,32,85,1.0
2,32,86,1.0
2,32,87,1.0
2,32,88,1.0
2,32,89,1.0
2,32,90,1.0
2,32,91,1.0
2,32,92,1.0
2,32,93,1.0
2,32,94,1.0
2,32,95,1.0
2,32,96,1.0
2,32,97,1.0
2,32,98,1.0
2,32,99,1.0
2,33,34,1.0
2,33,35,1.0
2,33,36,1.0
2,33,37,1.0
2,33,38,1.0
2,33,39,1.0
2,33,40,1.0
2,33,41,1.0
2,33,42,1.0
2,33,43,1.0
2,33,44,1.0
2,33,45,1.0
2,33,46,1.0
2,33,47,1.0
2,33,48,1.0
2,33,49,1.0
2,33,50,1.0
2,33,51,1.0
2,33,52,1.0
2,33,53,1.0
2,33,54,1.0
2,33,55,1.0
2,33,56,1.0
2,33,57,1.0
2,33,58,1.0
2,33,59,1.0
2,33,60,1.0
2,33,61,1.0
2,33,62,1.0
2,33,63,1.0
2,33,64,1.0
2,33,65,1.0
2,33,66,1.0
2,33,67,1.0
2,33,68,1.0
2,33,69,1.0
2,33,70,1.0
2,33,71,1.0
2,33,72,1.0
2,33,73,1.0
2,33,74,1.0
2,33,75,1.0
2,33,76,1.0
2,33,77,1.0
2,33,78,1.0
2,33,79,1.0
2,33,80,1.0
2,33,81,1.0
2,33,82,1.0
2,33,83,1.0
2,33,84,1.0
2,33,85,1.0
2,33,86,1.0
2,33,87,1.0
2,33,88,1.0
2,33,89,1.0
2,33,90,1.0
2,33,91,1.0
2,33,92,1.0
2,33,93,1.0
2,33,94,1.0
2,33,95,1.0
2,33,96,1.0
2,33,97,1.0
2,33,98,1.0
2,33,99,1.0
2,34,35,1.0
2,34,36,1.0
2,34,37,1.0
2,34,38,1.0
2,34,39,1.0
2,34,40,1.0
2,34,41,1.0
2,34,42,1.0
2,34,43,1.0
2,34,44,1.0
2,34,45,1.0
2,34,46,1.0
2,34,47,1.0
2,34,48,1.0
2,34,49,1.0
2,34,50,1.0
2,34,51,1.0
2,34,52,1.0
2,34,53,1.0
2,34,54,1.0
2,34,55,1.0
2,34,56,1.0
2,34,57,1.0
2,34,58,1.0
2,34,59,1.0
2,34,60,1.0
2,34,61,1.0
2,34,62,1.0
2,34,63,1.0
2,34,64,1.0
2,34,65,1.0
2,34,66,1.0
2,34,67,1.0
2,34,68,1.0
2,34,69,1.0
2,34,70,1.0
2,34,71,1.0
2,34,72,1.0
2,34,73,1.0
2,34,74,1.0
2,34,75,1.0
2,34,76,1.0
2,34,77,1.0
2,34,78,1.0
2,34,79,1.0
2,34,80,1.0
2,34,81,1.0
2,34,82,1.0
2,34,83,1.0
2,34,84,1.0
2,34,85,1.0
2,34,86,1.0
2,34,87,1.0
2,34,88,1.0
2,34,89,1.0
2,34,90,1.0
2,34,91,1.0
2,34,92,1.0
2,34,93,1.0
2,34,94,1.0
2,34,95,1.0
2,34,96,1.0
2,34,97,1.0
2,34,98,1.0
2,34,99,1.0
2,35,36,1.0
2,35,37,1.0
2,35,38,1.0
2,35,39,1.0
2,35,40,1.0
2,35,41,1.0
2,35,42,1.0
2,35,43,1.0
2,35,44,1.0
2,35,45,1.0
2,35,46,1.0
2,35,47,1.0
2,35,48,1.0
2,35,49,1.0
2,35,50,1.0
2,35,51,1.0
2,35,52,1.0
2,35,53,1.0
2,35,54,1.0
2,35,55,1.0
2,35,56,1.0
2,35,57,1.0
2,35,58,1.0
2,35,59,1.0
2,35,60,1.0
2,35,61,1.0
2,35,62,1.0
2,35,63,1.0
2,35,64,1.0
2,35,65,1.0
2,35,66,1.0
2,35,67,1.0
2,35,68,1.0
2,35,69,1.0
2,35,70,1.0
2,35,71,1.0
2,35,72,1.0
2,35,73,1.0
2,35,74,1.0
2,35,75,1.0
2,35,76,1.0
2,35,77,1.0
2,35,78,1.0
2,35,79,1.0
2,35,80,1.0
2,35,81,1.0
2,35,82,1.0
2,35,83,1.0
2,35,84,1.0
2,35,85,1.0
2,35,86,1.0
2,35,87,1.0
2,35,88,1.0
2,35,89,1.0
2,35,90,1.0
2,35,91,1.0
2,35,92,1.0
2,35,93,1.0
2,35,94,1.0
2,35,95,1.0
2,35,96,1.0
2,35,97,1.0
2,35,98,1.0
2,35,99,1.0
2,36,37,1.0
2,36,38,1.0
2,36,39,1.0
2,36,40,1.0
2,36,41,1.0
2,36,42,1.0
2,36,43,1.0
2,36,44,1.0
2,36,45,1.0
2,36,46,1.0
2,36,47,1.0
2,36,48,1.0
2,36,49,1.0
2,36,50,1.0
2,36,51,1.0
2,36,52,1.0
2,36,53,1.0
2,36,54,1.0
2,36,55,1.0
2,36,56,1.0
2,36,57,1.0
2,36,58,1.0
2,36,59,1.0
2,36,60,1.0
2,36,61,1.0
2,36,62,1.0
2,36,63,1.0
2,36,64,1.0
2,36,65,1.0
2,36,66,1.0
2,36,67,1.0
2,36,68,1.0
2,36,69,1.0
2,36,70,1.0
2,36,71,1.0
2,36,72,1.0
2,36,73,1.0
2,36,74,1.0
2,36,75,1.0
2,36,76,1.0
2,36,77,1.0
2,36,78,1.0
2,36,79,1.0
2,36,80,1.0
2,36,81,1.0
2,36,82,1.0
2,36,83,1.0
2,36,84,1.0
2,36,85,1.0
2,36,86,1.0
2,36,87,1.0
2,36,88,1.0
2,36,89,1.0
2,36,90,1.0
2,36,91,1.0
2,36,92,1.0
2,36,93,1.0
2,36,94,1.0
2,36,95,1.0
2,36,96,1.0
2,36,97,1.0
2,36,98,1.0
2,36,99,1.0
2,37,38,1.0
2,37,39,1.0
2,37,40,1.0
2,37,41,1.0
2,37,42,1.0
2,37,43,1.0
2,37,44,1.0
2,37,45,1.0
2,37,46,1.0
2,37,47,1.0
2,37,48,1.0
2,37,49,1.0
2,37,50,1.0
2,37,51,1.0
2,37,52,1.0
2,37,53,1.0
2,37,54,1.0
2,37,55,1.0
2,37,56,1.0
2,37,57,1.0
2,37,58,1.0
2,37,59,1.0
2,37,60,1.0
2,37,61,1.0
2,37,62,1.0
2,37,63,1.0
2,37,64,1.0
2,37,65,1.0
2,37,66,1.0
2,37,67,1.0
2,37,68,1.0
2,37,69,1.0
2,37,70,1.0
2,37,71,1.0
2,37,72,1.0
2,37,73,1.0
2,37,74,1.0
2,37,75,1.0
2,37,76,1.0
2,37,77,1.0
2,37,78,1.0
2,37,79,1.0
2,37,80,1.0
2,37,81,1.0
2,37,82,1.0
2,37,83,1.0
2,37,84,1.0
2,37,85,1.0
2,37,86,1.0
2,37,87,1.0
2,37,88,1.0
2,37,89,1.0
2,37,90,1.0
2,37,91,1.0
2,37,92,1.0
2,37,93,1.0
2,37,94,1.0
2,37,95,1.0
2,37,96,1.0
2,37,97,1.0
2,37,98,1.0
2,37,99,1.0
2,38,39,1.0
2,38,40,1.0
2,38,41,1.0
2,38,42,1.0
2,38,43,1.0
2,38,44,1.0
2,38,45,1.0
2,38,46,1.0
2,38,47,1.0
2,38,48,1.0
2,38,49,1.0
2,38,50,1.0
2,38,51,1.0
2,38,52,1.0
2,38,53,1.0
2,38,54,1.0
2,38,55,1.0
2,38,56,1.0
2,38,57,1.0
2,38,58,1.0
2,38,59,1.0
2,38,60,1.0
2,38,61,1.0
2,38,62,1.0
2,38,63,1.0
2,38,64,1.0
2,38,65,1.0
2,38,66,1.0
2,38,67,1.0
2,38,68,1.0
2,38,69,1.0
2,38,70,1.0
2,38,71,1.0
2,38,72,1.0
2,38,73,1.0
2,38,74,1.0
2,38,75,1.0
2,38,76,1.0
2,38,77,1.0
2,38,78,1.0
2,38,79,1.0
2,38,80,1.0
2,38,81,1.0
2,38,82,1.0
2,38,83,1.0
2,38,84,1.0
2,38,85,1.0
2,38,86,1.0
2,38,87,1.0
2,38,88,1.0
2,38,89,1.0
2,38,90,1.0
2,38,91,1.0
2,38,92,1.0
2,38,93,1.0
2,38,94,1.0
2,38,95,1.0
2,38,96,1.0
2,38,97,1.0
2,38,98,1.0
2,38,99,1.0
2,39,40,1.0
2,39,41,1.0
2,39,42,1.0
2,39,43,1.0
2,39,44,1.0
2,39,45,1.0
2,39,46,1.0
2,39,47,1.0
2,39,48,1.0
2,39,49,1.0
2,39,50,1.0
2,39,51,1.0
2,39,52,1.0
2,39,53,1.0
2,39,54,1.0
2,39,55,1.0
2,39,56,1.0
2,39,57,1.0
2,39,58,1.0
2,39,59,1.0
2,39,60,1.0
2,39,61,1.0
2,39,62,1.0
2,39,63,1.0
2,39,64,1.0
2,39,65,1.0
2,39,66,1.0
2,39,67,1.0
2,39,68,1.0
2,39,69,1.0
2,39,70,1.0
2,39,71,1.0
2,39,72,1.0
2,39,73,1.0
2,39,74,1.0
2,39,75,1.0
2,39,76,1.0
2,39,77,1.0
2,39,78,1.0
2,39,79,1.0
2,39,80,1.0
2,39,81,1.0
2,39,82,1.0
2,39,83,1.0
2,39,84,1.0
2,39,85,1.0
2,39,86,1.0
2,39,87,1.0
2,39,88,1.0
2,39,89,1.0
2,39,90,1.0
2,39,91,1.0
2,39,92,1.0
2,39,93,1.0
2,39,94,1.0
2,39,95,1.0
2,39,96,1.0
2,39,97,1.0
2,39,98,1.0
2,39,99,1.0
2,40,41,1.0
2,40,42,1.0
2,40,43,1.0
2,40,44,1.0
2,40,45,1.0
2,40,46,1.0
2,40,47,1.0
2,40,48,1.0
2,40,49,1.0
2,40,50,1.0
2,40,51,1.0
2,40,52,1.0
2,40,53,1.0
2,40,54,1.0
2,40,55,1.0
2,40,56,1.0
2,40,57,1.0
2,40,58,1.0
2,40,59,1.0
2,40,60,1.0
2,40,61,1.0
2,40,62,1.0
2,40,63,1.0
2,40,64,1.0
2,40,65,1.0
2,40,66,1.0
2,40,67,1.0
2,40,68,1.0
2,40,69,1.0
2,40,70,1.0
2,40,71,1.0
2,40,72,1.0
2,40,73,1.0
2,40,74,1.0
2,40,75,1.0
2,40,76,1.0
2,40,77,1.0
2,40,78,1.0
2,40,79,1.0
2,40,80,1.0
2,40,81,1.0
2,40,82,1.0
2,40,83,1.0
2,40,84,1.0
2,40,85,1.0
2,40,86,1.0
2,40,87,1.0
2,40,88,1.0
2,40,89,1.0
2,40,90,1.0
2,40,91,1.0
2,40,92,1.0
2,40,93,1.0
2,40,94,1.0
2,40,95,1.0
2,40,96,1.0
2,40,97,1.0
2,40,98,1.0
2,40,99,1.0
2,41,42,1.0
2,41,43,1.0
2,41,44,1.0
2,41,45,1.0
2,41,46,1.0
2,41,47,1.0
2,41,48,1.0
2,41,49,1.0
2,41,50,1.0
2,41,51,1.0
2,41,52,1.0
2,41,53,1.0
2,41,54,1.0
2,41,55,1.0
2,41,56,1.0
2,41,57,1.0
2,41,58,1.0
2,41,59,1.0
2,41,60,1.0
2,41,61,1.0
2,41,62,1.0
2,41,63,1.0
2,41,64,1.0
2,41,65,1.0
2,41,66,1.0
2,41,67,1.0
2,41,68,1.0
2,41,69,1.0
2,41,70,1.0
2,41,71,1.0
2,41,72,1.0
2,41,73,1.0
2,41,74,1.0
2,41,75,1.0
2,41,76,1.0
2,41,77,1.0
2,41,78,1.0
2,41,79,1.0
2,41,80,1.0
2,41,81,1.0
2,41,82,1.0
2,41,83,1.0
2,41,84,1.0
2,41,85,1.0
2,41,86,1.0
2,41,87,1.0
2,41,88,1.0
2,41,89,1.0
2,41,90,1.0
2,41,91,1.0
2,41,92,1.0
2,41,93,1.0
2,41,94,1.0
2,41,95,1.0
2,41,96,1.0
2,41,97,1.0
2,41,98,1.0
2,41,99,1.0
2,42,43,1.0
2,42,44,1.0
2,42,45,1.0
2,42,46,1.0
2,42,47,1.0
2,42,48,1.0
2,42,49,1.0
2,42,50,1.0
2,42,51,1.0
2,42,52,1.0
2,42,53,1.0
2,42,54,1.0
2,42,55,1.0
2,42,56,1.0
2,42,57,1.0
2,42,58,1.0
2,42,59,1.0
2,42,60,1.0
2,42,61,1.0
2,42,62,1.0
2,42,63,1.0
2,42,64,1.0
2,42,65,1.0
2,42,66,1.0
2,42,67,1.0
2,42,68,1.0
2,42,69,1.0
2,42,70,1.0
2,42,71,1.0
2,42,72,1.0
2,42,73,1.0
2,42,74,1.0
2,42,75,1.0
2,42,76,1.0
2,42,77,1.0
2,42,78,1.0
2,42,79,1.0
2,42,80,1.0
2,42,81,1.0
2,42,82,1.0
2,42,83,1.0
2,42,84,1.0
2,42,85,1.0
2,42,86,1.0
2,42,87,1.0
2,42,88,1.0
2,42,89,1.0
2,42,90,1.0
2,42,91,1.0
2,42,92,1.0
2,42,93,1.0
2,42,94,1.0
2,42,95,1.0
2,42,96,1.0
2,42,97,1.0
2,42,98,1.0
2,42,99,1.0
2,43,44,1.0
2,43,45,1.0
2,43,46,1.0
2,43,47,1.0
2,43,48,1.0
2,43,49,1.0
2,43,50,1.0
2,43,51,1.0
2,43,52,1.0
2,43,53,1.0
2,43,54,1.0
2,43,55,1.0
2,43,56,1.0
2,43,57,1.0
2,43,58,1.0
2,43,59,1.0
2,43,60,1.0
2,43,61,1.0
2,43,62,1.0
2,43,63,1.0
2,43,64,1.0
2,43,65,1.0
2,43,66,1.0
2,43,67,1.0
2,43,68,1.0
2,43,69,1.0
2,43,70,1.0
2,43,71,1.0
2,43,72,1.0
2,43,73,1.0
2,43,74,1.0
2,43,75,1.0
2,43,76,1.0
2,43,77,1.0
2,43,78,1.0
2,43,79,1.0
2,43,80,1.0
2,43,81,1.0
2,43,82,1.0
2,43,83,1.0
2,43,84,1.0
2,43,85,1.0
2,43,86,1.0
2,43,87,1.0
2,43,88,1.0
2,43,89,1.0
2,43,90,1.0
2,43,91,1.0
2,43,92,1.0
2,43,93,1.0
2,43,94,1.0
2,43,95,1.0
2,43,96,1.0
2,43,97,1.0
2,43,98,1.0
2,43,99,1.0
2,44,45,1.0
2,44,46,1.0
2,44,47,1.0
2,44,48,1.0
2,44,49,1.0
2,44,50,1.0
2,44,51,1.0
2,44,52,1.0
2,44,53,1.0
2,44,54,1.0
2,44,55,1.0
2,44,56,1.0
2,44,57,1.0
2,44,58,1.0
2,44,59,1.0
2,44,60,1.0
2,44,61,1.0
2,44,62,1.0
2,44,63,1.0
2,44,64,1.0
2,44,65,1.0
2,44,66,1.0
2,44,67,1.0
2,44,68,1.0
2,44,69,1.0
2,44,70,1.0
2,44,71,1.0
2,44,72,1.0
2,44,73,1.0
2,44,74,1.0
2,44,75,1.0
2,44,76,1.0
2,44,77,1.0
2,44,78,1.0
2,44,79,1.0
2,44,80,1.0
2,44,81,1.0
2,44,82,1.0
2,44,83,1.0
2,44,84,1.0
2,44,85,1.0
2,44,86,1.0
2,44,87,1.0
2,44,88,1.0
2,44,89,1.0
2,44,90,1.0
2,44,91,1.0
2,44,92,1.0
2,44,93,1.0
2,44,94,1.0
2,44,95,1.0
2,44,96,1.0
2,44,97,1.0
2,44,98,1.0
2,44,99,1.0
2,45,46,1.0
2,45,47,1.0
2,45,48,1.0
2,45,49,1.0
2,45,50,1.0
2,45,51,1.0
2,45,52,1.0
2,45,53,1.0
2,45,54,1.0
2,45,55,1.0
2,45,56,1.0
2,45,57,1.0
2,45,58,1.0
2,45,59,1.0
2,45,60,1.0
2,45,61,1.0
2,45,62,1.0
2,45,63,1.0
2,45,64,1.0
2,45,65,1.0
2,45,66,1.0
2,45,67,1.0
2,45,68,1.0
2,45,69,1.0
2,45,70,1.0
2,45,71,1.0
2,45,72,1.0
2,45,73,1.0
2,45,74,1.0
2,45,75,1.0
2,45,76,1.0
2,45,77,1.0
2,45,78,1.0
2,45,79,1.0
2,45,80,1.0
2,45,81,1.0
2,45,82,1.0
2,45,83,1.0
2,45,84,1.0
2,45,85,1.0
2,45,86,1.0
2,45,87,1.0
2,45,88,1.0
2,45,89,1.0
2,45,90,1.0
2,45,91,1.0
2,45,92,1.0
2,45,93,1.0
2,45,94,1.0
2,45,95,1.0
2,45,96,1.0
2,45,97,1.0
2,45,98,1.0
2,45,99,1.0
2,46,47,1.0
2,46,48,1.0
2,46,49,1.0
2,46,50,1.0
2,46,51,1.0
2,46,52,1.0
2,46,53,1.0
2,46,54,1.0
2,46,55,1.0
2,46,56,1.0
2,46,57,1.0
2,46,58,1.0
2,46,59,1.0
2,46,60,1.0
2,46,61,1.0
2,46,62,1.0
2,46,63,1.0
2,46,64,1.0
2,46,65,1.0
2,46,66,1.0
2,46,67,1.0
2,46,68,1.0
2,46,69,1.0
2,46,70,1.0
2,46,71,1.0
2,46,72,1.0
2,46,73,1.0
2,46,74,1.0
2,46,75,1.0
2,46,76,1.0
2,46,77,1.0
2,46,78,1.0
2,46,79,1.0
2,46,80,1.0
2,46,81,1.0
2,46,82,1.0
2,46,83,1.0
2,46,84,1.0
2,46,85,1.0
2,46,86,1.0
2,46,87,1.0
2,46,88,1.0
2,46,89,1.0
2,46,90,1.0
2,46,91,1.0
2,46,92,1.0
2,46,93,1.0
2,46,94,1.0
2,46,95,1.0
2,46,96,1.0
2,46,97,1.0
2,46,98,1.0
2,46,99,1.0
2,47,48,1.0
2,47,49,1.0
2,47,50,1.0
2,47,51,1.0
2,47,52,1.0
2,47,53,1.0
2,47,54,1.0
2,47,55,1.0
2,47,56,1.0
2,47,57,1.0
2,47,58,1.0
2,47,59,1.0
2,47,60,1.0
2,47,61,1.0
2,47,62,1.0
2,47,63,1.0
2,47,64,1.0
2,47,65,1.0
2,47,66,1.0
2,47,67,1.0
2,47,68,1.0
2,47,69,1.0
2,47,70,1.0
2,47,71,1.0
2,47,72,1.0
2,47,73,1.0
2,47,74,1.0
2,47,75,1.0
2,47,76,1.0
2,47,77,1.0
2,47,78,1.0
2,47,79,1.0
2,47,80,1.0
2,47,81,1.0
2,47,82,1.0
2,47,83,1.0
2,47,84,1.0
2,47,85,1.0
2,47,86,1.0
2,47,87,1.0
2,47,88,1.0
2,47,89,1.0
2,47,90,1.0
2,47,91,1.0
2,47,92,1.0
2,47,93,1.0
2,47,94,1.0
2,47,95,1.0
2,47,96,1.0
2,47,97,1.0
2,47,98,1.0
2,47,99,1.0
2,48,49,1.0
2,48,50,1.0
2,48,51,1.0
2,48,52,1.0
2,48,53,1.0
2,48,54,1.0
2,48,55,1.0
2,48,56,1.0
2,48,57,1.0
2,48,58,1.0
2,48,59,1.0
2,48,60,1.0
2,48,61,1.0
2,48,62,1.0
2,48,63,1.0
2,48,64,1.0
2,48,65,1.0
2,48,66,1.0
2,48,67,1.0
2,48,68,1.0
2,48,69,1.0
2,48,70,1.0
2,48,71,1.0
2,48,72,1.0
2,48,73,1.0
2,48,74,1.0
2,48,75,1.0
2,48,76,1.0
2,48,77,1.0
2,48,78,1.0
2,48,79,1.0
2,48,80,1.0
2,48,81,1.0
2,48,82,1.0
2,48,83,1.0
2,48,84,1.0
2,48,85,1.0
2,48,86,1.0
2,48,87,1.0
2,48,88,1.0
2,48,89,1.0
2,48,90,1.0
2,48,91,1.0
2,48,92,1.0
2,48,93,1.0
2,48,94,1.0
2,48,95,1.0
2,48,96,1.0
2,48,97,1.0
2,48,98,1.0
2,48,99,1.0
2,49,50,1.0
2,49,51,1.0
2,49,52,1.0
2,49,53,1.0
2,49,54,1.0
2,49,55,1.0
2,49,56,1.0
2,49,57,1.0
2,49,58,1.0
2,49,59,1.0
2,49,60,1.0
2,49,61,1.0
2,49,62,1.0
2,49,63,1.0
2,49,64,1.0
2,49,65,1.0
2,49,66,1.0
2,49,67,1.0
2,49,68,1.0
2,49,69,1.0
2,49,70,1.0
2,49,71,1.0
2,49,72,1.0
2,49,73,1.0
2,49,74,1.0
2,49,75,1.0
2,49,76,1.0
2,49,77,1.0
2,49,78,1.0
2,49,79,1.0
2,49,80,1.0
2,49,81,1.0
2,49,82,1.0
2,49,83,1.0
2,49,84,1.0
2,49,85,1.0
2,49,86,1.0
2,49,87,1.0
2,49,88,1.0
2,49,89,1.0
2,49,90,1.0
2,49,91,1.0
2,49,92,1.0
2,49,93,1.0
2,49,94,1.0
2,49,95,1.0
2,49,96,1.0
2,49,97,1.0
2,49,98,1.0
2,49,99,1.0
2,50,51,1.0
2,50,52,1.0
2,50,53,1.0
2,50,54,1.0
2,50,55,1.0
2,50,56,1.0
2,50,57,1.0
2,50,58,1.0
2,50,59,1.0
2,50,60,1.0
2,50,61,1.0
2,50,62,1.0
2,50,63,1.0
2,50,64,1.0
2,50,65,1.0
2,50,66,1.0
2,50,67,1.0
2,50,68,1.0
2,50,69,1.0
2,50,70,1.0
2,50,71,1.0
2,50,72,1.0
2,50,73,1.0
2,50,74,1.0
2,50,75,1.0
2,50,76,1.0
2,50,77,1.0
2,50,78,1.0
2,50,79,1.0
2,50,80,1.0
2,50,81,1.0
2,50,82,1.0
2,50,83,1.0
2,50,84,1.0
2,50,85,1.0
2,50,86,1.0
2,50,87,1.0
2,50,88,1.0
2,50,89,1.0
2,50,90,1.0
2,50,91,1.0
2,50,92,1.0
2,50,93,1.0
2,50,94,1.0
2,50,95,1.0
2,50,96,1.0
2,50,97,1.0
2,50,98,1.0
2,50,99,1.0
2,51,52,1.0
2,51,53,1.0
2,51,54,1.0
2,51,55,1.0
2,51,56,1.0
2,51,57,1.0
2,51,58,1.0
2,51,59,1.0
2,51,60,1.0
2,51,61,1.0
2,51,62,1.0
2,51,63,1.0
2,51,64,1.0
2,51,65,1.0
2,51,66,1.0
2,51,67,1.0
2,51,68,1.0
2,51,69,1.0
2,51,70,1.0
2,51,71,1.0
2,51,72,1.0
2,51,73,1.0
2,51,74,1.0
2,51,75,1.0
2,51,76,1.0
2,51,77,1.0
2,51,78,1.0
2,51,79,1.0
2,51,80,1.0
2,51,81,1.0
2,51,82,1.0
2,51,83,1.0
2,51,84,1.0
2,51,85,1.0
2,51,86,1.0
2,51,87,1.0
2,51,88,1.0
2,51,89,1.0
2,51,90,1.0
2,51,91,1.0
2,51,92,1.0
2,51,93,1.0
2,51,94,1.0
2,51,95,1.0
2,51,96,1.0
2,51,97,1.0
2,51,98,1.0
2,51,99,1.0
2,52,53,1.0
2,52,54,1.0
2,52,55,1.0
2,52,56,1.0
2,52,57,1.0
2,52,58,1.0
2,52,59,1.0
2,52,60,1.0
2,52,61,1.0
2,52,62,1.0
2,52,63,1.0
2,52,64,1.0
2,52,65,1.0
2,52,66,1.0
2,52,67,1.0
2,52,68,1.0
2,52,69,1.0
2,52,70,1.0
2,52,71,1.0
2,52,72,1.0
2,52,73,1.0
2,52,74,1.0
2,52,75,1.0
2,52,76,1.0
2,52,77,1.0
2,52,78,1.0
2,52,79,1.0
2,52,80,1.0
2,52,81,1.0
2,52,82,1.0
2,52,83,1.0
2,52,84,1.0
2,52,85,1.0
2,52,86,1.0
2,52,87,1.0
2,52,88,1.0
2,52,89,1.0
2,52,90,1.0
2,52,91,1.0
2,52,92,1.0
2,52,93,1.0
2,52,94,1.0
2,52,95,1.0
2,52,96,1.0
2,52,97,1.0
2,52,98,1.0
2,52,99,1.0
2,53,54,1.0
2,53,55,1.0
2,53,56,1.0
2,53,57,1.0
2,53,58,1.0
2,53,59,1.0
2,53,60,1.0
2,53,61,1.0
2,53,62,1.0
2,53,63,1.0
2,53,64,1.0
2,53,65,1.0
2,53,66,1.0
2,53,67,1.0
2,53,68,1.0
2,53,69,1.0
2,53,70,1.0
2,53,71,1.0
2,53,72,1.0
2,53,73,1.0
2,53,74,1.0
2,53,75,1.0
2,53,76,1.0
2,53,77,1.0
2,53,78,1.0
2,53,79,1.0
2,53,80,1.0
2,53,81,1.0
2,53,82,1.0
2,53,83,1.0
2,53,84,1.0
2,53,85,1.0
2,53,86,1.0
2,53,87,1.0
2,53,88,1.0
2,53,89,1.0
2,53,90,1.0
2,53,91,1.0
2,53,92,1.0
2,53,93,1.0
2,53,94,1.0
2,53,95,1.0
2,53,96,1.0
2,53,97,1.0
2,53,98,1.0
2,53,99,1.0
2,54,55,1.0
2,54,56,1.0
2,54,57,1.0
2,54,58,1.0
2,54,59,1.0
2,54,60,1.0
2,54,61,1.0
2,54,62,1.0
2,54,63,1.0
2,54,64,1.0
2,54,65,1.0
2,54,66,1.0
2,54,67,1.0
2,54,68,1.0
2,54,69,1.0
2,54,70,1.0
2,54,71,1.0
2,54,72,1.0
2,54,73,1.0
2,54,74,1.0
2,54,75,1.0
2,54,76,1.0
2,54,77,1.0
2,54,78,1.0
2,54,79,1.0
2,54,80,1.0
2,54,81,1.0
2,54,82,1.0
2,54,83,1.0
2,54,84,1.0
2,54,85,1.0
2,54,86,1.0
2,54,87,1.0
2,54,88,1.0
2,54,89,1.0
2,54,90,1.0
2,54,91,1.0
2,54,92,1.0
2,54,93,1.0
2,54,94,1.0
2,54,95,1.0
2,54,96,1.0
2,54,97,1.0
2,54,98,1.0
2,54,99,1.0
2,55,56,1.0
2,55,57,1.0
2,55,58,1.0
2,55,59,1.0
2,55,60,1.0
2,55,61,1.0
2,55,62,1.0
2,55,63,1.0
2,55,64,1.0
2,55,65,1.0
2,55,66,1.0
2,55,67,1.0
2,55,68,1.0
2,55,69,1.0
2,55,70,1.0
2,55,71,1.0
2,55,72,1.0
2,55,73,1.0
2,55,74,1.0
2,55,75,1.0
2,55,76,1.0
2,55,77,1.0
2,55,78,1.0
2,55,79,1.0
2,55,80,1.0
2,55,81,1.0
2,55,82,1.0
2,55,83,1.0
2,55,84,1.0
2,55,85,1.0
2,55,86,1.0
2,55,87,1.0
2,55,88,1.0
2,55,89,1.0
2,55,90,1.0
2,55,91,1.0
2,55,92,1.0
2,55,93,1.0
2,55,94,1.0
2,55,95,1.0
2,55,96,1.0
2,55,97,1.0
2,55,98,1.0
2,55,99,1.0
2,56,57,1.0
2,56,58,1.0
2,56,59,1.0
2,56,60,1.0
2,56,61,1.0
2,56,62,1.0
2,56,63,1.0
2,56,64,1.0
2,56,65,1.0
2,56,66,1.0
2,56,67,1.0
2,56,68,1.0
2,56,69,1.0
2,56,70,1.0
2,56,71,1.0
2,56,72,1.0
2,56,73,1.0
2,56,74,1.0
2,56,75,1.0
2,56,76,1.0
2,56,77,1.0
2,56,78,1.0
2,56,79,1.0
2,56,80,1.0
2,56,81,1.0
2,56,82,1.0
2,56,83,1.0
2,56,84,1.0
2,56,85,1.0
2,56,86,1.0
2,56,87,1.0
2,56,88,1.0
2,56,89,1.0
2,56,90,1.0
2,56,91,1.0
2,56,92,1.0
2,56,93,1.0
2,56,94,1.0
2,56,95,1.0
2,56,96,1.0
2,56,97,1.0
2,56,98,1.0
2,56,99,1.0
2,57,58,1.0
2,57,59,1.0
2,57,60,1.0
2,57,61,1.0
2,57,62,1.0
2,57,63,1.0
2,57,64,1.0
2,57,65,1.0
2,57,66,1.0
2,57,67,1.0
2,57,68,1.0
2,57,69,1.0
2,57,70,1.0
2,57,71,1.0
2,57,72,1.0
2,57,73,1.0
2,57,74,1.0
2,57,75,1.0
2,57,76,1.0
2,57,77,1.0
2,57,78,1.0
2,57,79,1.0
2,57,80,1.0
2,57,81,1.0
2,57,82,1.0
2,57,83,1.0
2,57,84,1.0
2,57,85,1.0
2,57,86,1.0
2,57,87,1.0
2,57,88,1.0
2,57,89,1.0
2,57,90,1.0
2,57,91,1.0
2,57,92,1.0
2,57,93,1.0
2,57,94,1.0
2,57,95,1.0
2,57,96,1.0
2,57,97,1.0
2,57,98,1.0
2,57,99,1.0
2,58,59,1.0
2,58,60,1.0
2,58,61,1.0
2,58,62,1.0
2,58,63,1.0
2,58,64,1.0
2,58,65,1.0
2,58,66,1.0
2,58,67,1.0
2,58,68,1.0
2,58,69,1.0
2,58,70,1.0
2,58,71,1.0
2,58,72,1.0
2,58,73,1.0
2,58,74,1.0
2,58,75,1.0
2,58,76,1.0
2,58,77,1.0
2,58,78,1.0
2,58,79,1.0
2,58,80,1.0
2,58,81,1.0
2,58,82,1.0
2,58,83,1.0
2,58,84,1.0
2,58,85,1.0
2,58,86,1.0
2,58,87,1.0
2,58,88,1.0
2,58,89,1.0
2,58,90,1.0
2,58,91,1.0
2,58,92,1.0
2,58,93,1.0
2,58,94,1.0
2,58,95,1.0
2,58,96,1.0
2,58,97,1.0
2,58,98,1.0
2,58,99,1.0
2,59,60,1.0
2,59,61,1.0
2,59,62,1.0
2,59,63,1.0
2,59,64,1.0
2,59,65,1.0
2,59,66,1.0
2,59,67,1.0
2,59,68,1.0
2,59,69,1.0
2,59,70,1.0
2,59,71,1.0
2,59,72,1.0
2,59,73,1.0
2,59,74,1.0
2,59,75,1.0
2,59,76,1.0
2,59,77,1.0
2,59,78,1.0
2,59,79,1.0
2,59,80,1.0
2,59,81,1.0
2,59,82,1.0
2,59,83,1.0
2,59,84,1.0
2,59,85,1.0
2,59,86,1.0
2,59,87,1.0
2,59,88,1.0
2,59,89,1.0
2,59,90,1.0
2,59,91,1.0
2,59,92,1.0
2,59,93,1.0
2,59,94,1.0
2,59,95,1.0
2,59,96,1.0
2,59,97,1.0
2,59,98,1.0
2,59,99,1.0
2,60,61,1.0
2,60,62,1.0
2,60,63,1.0
2,60,64,1.0
2,60,65,1.0
2,60,66,1.0
2,60,67,1.0
2,60,68,1.0
2,60,69,1.0
2,60,70,1.0
2,60,71,1.0
2,60,72,1.0
2,60,73,1.0
2,60,74,1.0
2,60,75,1.0
2,60,76,1.0
2,60,77,1.0
2,60,78,1.0
2,60,79,1.0
2,60,80,1.0
2,60,81,1.0
2,60,82,1.0
2,60,83,1.0
2,60,84,1.0
2,60,85,1.0
2,60,86,1.0
2,60,87,1.0
2,60,88,1.0
2,60,89,1.0
2,60,90,1.0
2,60,91,1.0
2,60,92,1.0
2,60,93,1.0
2,60,94,1.0
2,60,95,1.0
2,60,96,1.0
2,60,97,1.0
2,60,98,1.0
2,60,99,1.0
2,61,62,1.0
2,61,63,1.0
2,61,64,1.0
2,61,65,1.0
2,61,66,1.0
2,61,67,1.0
2,61,68,1.0
2,61,69,1.0
2,61,70,1.0
2,61,71,1.0
2,61,72,1.0
2,61,73,1.0
2,61,74,1.0
2,61,75,1.0
2,61,76,1.0
2,61,77,1.0
2,61,78,1.0
2,61,79,1.0
2,61,80,1.0
2,61,81,1.0
2,61,82,1.0
2,61,83,1.0
2,61,84,1.0
2,61,85,1.0
2,61,86,1.0
2,61,87,1.0
2,61,88,1.0
2,61,89,1.0
2,61,90,1.0
2,61,91,1.0
2,61,92,1.0
2,61,93,1.0
2,61,94,1.0
2,61,95,1.0
2,61,96,1.0
2,61,97,1.0
2,61,98,1.0
2,61,99,1.0
2,62,63,1.0
2,62,64,1.0
2,62,65,1.0
2,62,66,1.0
2,62,67,1.0
2,62,68,1.0
2,62,69,1.0
2,62,70,1.0
2,62,71,1.0
2,62,72,1.0
2,62,73,1.0
2,62,74,1.0
2,62,75,1.0
2,62,76,1.0
2,62,77,1.0
2,62,78,1.0
2,62,79,1.0
2,62,80,1.0
2,62,81,1.0
2,62,82,1.0
2,62,83,1.0
2,62,84,1.0
2,62,85,1.0
2,62,86,1.0
2,62,87,1.0
2,62,88,1.0
2,62,89,1.0
2,62,90,1.0
2,62,91,1.0
2,62,92,1.0
2,62,93,1.0
2,62,94,1.0
2,62,95,1.0
2,62,96,1.0
2,62,97,1.0
2,62,98,1.0
2,62,99,1.0
2,63,64,1.0
2,63,65,1.0
2,63,66,1.0
2,63,67,1.0
2,63,68,1.0
2,63,69,1.0
2,63,70,1.0
2,63,71,1.0
2,63,72,1.0
2,63,73,1.0
2,63,74,1.0
2,63,75,1.0
2,63,76,1.0
2,63,77,1.0
2,63,78,1.0
2,63,79,1.0
2,63,80,1.0
2,63,81,1.0
2,63,82,1.0
2,63,83,1.0
2,63,84,1.0
2,63,85,1.0
2,63,86,1.0
2,63,87,1.0
2,63,88,1.0
2,63,89,1.0
2,63,90,1.0
2,63,91,1.0
2,63,92,1.0
2,63,93,1.0
2,63,94,1.0
2,63,95,1.0
2,63,96,1.0
2,63,97,1.0
2,63,98,1.0
2,63,99,1.0
2,64,65,1.0
2,64,66,1.0
2,64,67,1.0
2,64,68,1.0
2,64,69,1.0
2,64,70,1.0
2,64,71,1.0
2,64,72,1.0
2,64,73,1.0
2,64,74,1.0
2,64,75,1.0
2,64,76,1.0
2,64,77,1.0
2,64,78,1.0
2,64,79,1.0
2,64,80,1.0
2,64,81,1.0
2,64,82,1.0
2,64,83,1.0
2,64,84,1.0
2,64,85,1.0
2,64,86,1.0
2,64,87,1.0
2,64,88,1.0
2,64,89,1.0
2,64,90,1.0
2,64,91,1.0
2,64,92,1.0
2,64,93,1.0
2,64,94,1.0
2,64,95,1.0
2,64,96,1.0
2,64,97,1.0
2,64,98,1.0
2,64,99,1.0
2,65,66,1.0
2,65,67,1.0
2,65,68,1.0
2,65,69,1.0
2,65,70,1.0
2,65,71,1.0
2,65,72,1.0
2,65,73,1.0
2,65,74,1.0
2,65,75,1.0
2,65,76,1.0
2,65,77,1.0
2,65,78,1.0
2,65,79,1.0
2,65,80,1.0
2,65,81,1.0
2,65,82,1.0
2,65,83,1.0
2,65,84,1.0
2,65,85,1.0
2,65,86,1.0
2,65,87,1.0
2,65,88,1.0
2,65,89,1.0
2,65,90,1.0
2,65,91,1.0
2,65,92,1.0
2,65,93,1.0
2,65,94,1.0
2,65,95,1.0
2,65,96,1.0
2,65,97,1.0
2,65,98,1.0
2,65,99,1.0
2,66,67,1.0
2,66,68,1.0
2,66,69,1.0
2,66,70,1.0
2,66,71,1.0
2,66,72,1.0
2,66,73,1.0
2,66,74,1.0
2,66,75,1.0
2,66,76,1.0
2,66,77,1.0
2,66,78,1.0
2,66,79,1.0
2,66,80,1.0
2,66,81,1.0
2,66,82,1.0
2,66,83,1.0
2,66,84,1.0
2,66,85,1.0
2,66,86,1.0
2,66,87,1.0
2,66,88,1.0
2,66,89,1.0
2,66,90,1.0
2,66,91,1.0
2,66,92,1.0
2,66,93,1.0
2,66,94,1.0
2,66,95,1.0
2,66,96,1.0
2,66,97,1.0
2,66,98,1.0
2,66,99,1.0
2,67,68,1.0
2,67,69,1.0
2,67,70,1.0
2,67,71,1.0
2,67,72,1.0
2,67,73,1.0
2,67,74,1.0
2,67,75,1.0
2,67,76,1.0
2,67,77,1.0
2,67,78,1.0
2,67,79,1.0
2,67,80,1.0
2,67,81,1.0
2,67,82,1.0
2,67,83,1.0
2,67,84,1.0
2,67,85,1.0
2,67,86,1.0
2,67,87,1.0
2,67,88,1.0
2,67,89,1.0
2,67,90,1.0
2,67,91,1.0
2,67,92,1.0
2,67,93,1.0
2,67,94,1.0
2,67,95,1.0
2,67,96,1.0
2,67,97,1.0
2,67,98,1.0
2,67,99,1.0
2,68,69,1.0
2,68,70,1.0
2,68,71,1.0
2,68,72,1.0
2,68,73,1.0
2,68,74,1.0
2,68,75,1.0
2,68,76,1.0
2,68,77,1.0
2,68,78,1.0
2,68,79,1.0
2,68,80,1.0
2,68,81,1.0
2,68,82,1.0
2,68,83,1.0
2,68,84,1.0
2,68,85,1.0
2,68,86,1.0
2,68,87,1.0
2,68,88,1.0
2,68,89,1.0
2,68,90,1.0
2,68,91,1.0
2,68,92,1.0
2,68,93,1.0
2,68,94,1.0
2,68,95,1.0
2,68,96,1.0
2,68,97,1.0
2,68,98,1.0
2,68,99,1.0
2,69,70,1.0
2,69,71,1.0
2,69,72,1.0
2,69,73,1.0
2,69,74,1.0
2,69,75,1.0
2,69,76,1.0
2,69,77,1.0
2,69,78,1.0
2,69,79,1.0
2,69,80,1.0
2,69,81,1.0
2,69,82,1.0
2,69,83,1.0
2,69,84,1.0
2,69,85,1.0
2,69,86,1.0
2,69,87,1.0
2,69,88,1.0
2,69,89,1.0
2,69,90,1.0
2,69,91,1.0
2,69,92,1.0
2,69,93,1.0
2,69,94,1.0
2,69,95,1.0
2,69,96,1.0
2,69,97,1.0
2,69,98,1.0
2,69,99,1.0
2,70,71,1.0
2,70,72,1.0
2,70,73,1.0
2,70,74,1.0
2,70,75,1.0
2,70,76,1.0
2,70,77,1.0
2,70,78,1.0
2,70,79,1.0
2,70,80,1.0
2,70,81,1.0
2,70,82,1.0
2,70,83,1.0
2,70,84,1.0
2,70,85,1.0
2,70,86,1.0
2,70,87,1.0
2,70,88,1.0
2,70,89,1.0
2,70,90,1.0
2,70,91,1.0
2,70,92,1.0
2,70,93,1.0
2,70,94,1.0
2,70,95,1.0
2,70,96,1.0
2,70,97,1.0
2,70,98,1.0
2,70,99,1.0
2,71,72,1.0
2,71,73,1.0
2,71,74,1.0
2,71,75,1.0
2,71,76,1.0
2,71,77,1.0
2,71,78,1.0
2,71,79,1.0
2,71,80,1.0
2,71,81,1.0
2,71,82,1.0
2,71,83,1.0
2,71,84,1.0
2,71,85,1.0
2,71,86,1.0
2,71,87,1.0
2,71,88,1.0
2,71,89,1.0
2,71,90,1.0
2,71,91,1.0
2,71,92,1.0
2,71,93,1.0
2,71,94,1.0
2,71,95,1.0
2,71,96,1.0
2,71,97,1.0
2,71,98,1.0
2,71,99,1.0
2,72,73,1.0
2,72,74,1.0
2,72,75,1.0
2,72,76,1.0
2,72,77,1.0
2,72,78,1.0
2,72,79,1.0
2,72,80,1.0
2,72,81,1.0
2,72,82,1.0
2,72,83,1.0
2,72,84,1.0
2,72,85,1.0
2,72,86,1.0
2,72,87,1.0
2,72,88,1.0
2,72,89,1.0
2,72,90,1.0
2,72,91,1.0
2,72,92,1.0
2,72,93,1.0
2,72,94,1.0
2,72,95,1.0
2,72,96,1.0
2,72,97,1.0
2,72,98,1.0
2,72,99,1.0
2,73,74,1.0
2,73,75,1.0
2,73,76,1.0
2,73,77,1.0
2,73,78,1.0
2,73,79,1.0
2,73,80,1.0
2,73,81,1.0
2,73,82,1.0
2,73,83,1.0
2,73,84,1.0
2,73,85,1.0
2,73,86,1.0
2,73,87,1.0
2,73,88,1.0
2,73,89,1.0
2,73,90,1.0
2,73,91,1.0
2,73,92,1.0
2,73,93,1.0
2,73,94,1.0
2,73,95,1.0
2,73,96,1.0
2,73,97,1.0
2,73,98,1.0
2,73,99,1.0
2,74,75,1.0
2,74,76,1.0
2,74,77,1.0
2,74,78,1.0
2,74,79,1.0
2,74,80,1.0
2,74,81,1.0
2,74,82,1.0
2,74,83,1.0
2,74,84,1.0
2,74,85,1.0
2,74,86,1.0
2,74,87,1.0
2,74,88,1.0
2,74,89,1.0
2,74,90,1.0
2,74,91,1.0
2,74,92,1.0
2,74,93,1.0
2,74,94,1.0
2,74,95,1.0
2,74,96,1.0
2,74,97,1.0
2,74,98,1.0
2,74,99,1.0
2,75,76,1.0
2,75,77,1.0
2,75,78,1.0
2,75,79,1.0
2,75,80,1.0
2,75,81,1.0
2,75,82,1.0
2,75,83,1.0
2,75,84,1.0
2,75,85,1.0
2,75,86,1.0
2,75,87,1.0
2,75,88,1.0
2,75,89,1.0
2,75,90,1.0
2,75,91,1.0
2,75,92,1.0
2,75,93,1.0
2,75,94,1.0
2,75,95,1.0
2,75,96,1.0
2,75,97,1.0
2,75,98,1.0
2,75,99,1.0
2,76,77,1.0
2,76,78,1.0
2,76,79,1.0
2,76,80,1.0
2,76,81,1.0
2,76,82,1.0
2,76,83,1.0
2,76,84,1.0
2,76,85,1.0
2,76,86,1.0
2,76,87,1.0
2,76,88,1.0
2,76,89,1.0
2,76,90,1.0
2,76,91,1.0
2,76,92,1.0
2,76,93,1.0
2,76,94,1.0
2,76,95,1.0
2,76,96,1.0
2,76,97,1.0
2,76,98,1.0
2,76,99,1.0
2,77,78,1.0
2,77,79,1.0
2,77,80,1.0
2,77,81,1.0
2,77,82,1.0
2,77,83,1.0
2,77,84,1.0
2,77,85,1.0
2,77,86,1.0
2,77,87,1.0
2,77,88,1.0
2,77,89,1.0
2,77,90,1.0
2,77,91,1.0
2,77,92,1.0
2,77,93,1.0
2,77,94,1.0
2,77,95,1.0
2,77,96,1.0
2,77,97,1.0
2,77,98,1.0
2,77,99,1.0
2,78,79,1.0
2,78,80,1.0
2,78,81,1.0
2,78,82,1.0
2,78,83,1.0
2,78,84,1.0
2,78,85,1.0
2,78,86,1.0
2,78,87,1.0
2,78,88,1.0
2,78,89,1.0
2,78,90,1.0
2,78,91,1.0
2,78,92,1.0
2,78,93,1.0
2,78,94,1.0
2,78,95,1.0
2,78,96,1.0
2,78,97,1.0
2,78,98,1.0
2,78,99,1.0
2,79,80,1.0
2,79,81,1.0
2,79,82,1.0
2,79,83,1.0
2,79,84,1.0
2,79,85,1.0
2,79,86,1.0
2,79,87,1.0
2,79,88,1.0
2,79,89,1.0
2,79,90,1.0
2,79,91,1.0
2,79,92,1.0
2,79,93,1.0
2,79,94,1.0
2,79,95,1.0
2,79,96,1.0
2,79,97,1.0
2,79,98,1.0
2,79,99,1.0
2,80,81,1.0
2,80,82,1.0
2,80,83,1.0
2,80,84,1.0
2,80,85,1.0
2,80,86,1.0
2,80,87,1.0
2,80,88,1.0
2,80,89,1.0
2,80,90,1.0
2,80,91,1.0
2,80,92,1.0
2,80,93,1.0
2,80,94,1.0
2,80,95,1.0
2,80,96,1.0
2,80,97,1.0
2,80,98,1.0
2,80,99,1.0
2,81,82,1.0
2,81,83,1.0
2,81,84,1.0
2,81,85,1.0
2,81,86,1.0
2,81,87,1.0
2,81,88,1.0
2,81,89,1.0
2,81,90,1.0
2,81,91,1.0
2,81,92,1.0
2,81,93,1.0
2,81,94,1.0
2,81,95,1.0
2,81,96,1.0
2,81,97,1.0
2,81,98,1.0
2,81,99,1.0
2,82,83,1.0
2,82,84,1.0
2,82,85,1.0
2,82,86,1.0
2,82,87,1.0
2,82,88,1.0
2,82,89,1.0
2,82,90,1.0
2,82,91,1.0
2,82,92,1.0
2,82,93,1.0
2,82,94,1.0
2,82,95,1.0
2,82,96,1.0
2,82,97,1.0
2,82,98,1.0
2,82,99,1.0
2,83,84,1.0
2,83,85,1.0
2,83,86,1.0
2,83,87,1.0
2,83,88,1.0
2,83,89,1.0
2,83,90,1.0
2,83,91,1.0
2,83,92,1.0
2,83,93,1.0
2,83,94,1.0
2,83,95,1.0
2,83,96,1.0
2,83,97,1.0
2,83,98,1.0
2,83,99,1.0
2,84,85,1.0
2,84,86,1.0
2,84,87,1.0
2,84,88,1.0
2,84,89,1.0
2,84,90,1.0
2,84,91,1.0
2,84,92,1.0
2,84,93,1.0
2,84,94,1.0
2,84,95,1.0
2,84,96,1.0
2,84,97,1.0
2,84,98,1.0
2,84,99,1.0
2,85,86,1.0
2,85,87,1.0
2,85,88,1.0
2,85,89,1.0
2,85,90,1.0
2,85,91,1.0
2,85,92,1.0
2,85,93,1.0
2,85,94,1.0
2,85,95,1.0
2,85,96,1.0
2,85,97,1.0
2,85,98,1.0
2,85,99,1.0
2,86,87,1.0
2,86,88,1.0
2,86,89,1.0
2,86,90,1.0
2,86,91,1.0
2,86,92,1.0
2,86,93,1.0
2,86,94,1.0
2,86,95,1.0
2,86,96,1.0
2,86,97,1.0
2,86,98,1.0
2,86,99,1.0
2,87,88,1.0
2,87,89,1.0
2,87,90,1.0
2,87,91,1.0
2,87,92,1.0
2,87,93,1.0
2,87,94,1.0
2,87,95,1.0
2,87,96,1.0
2,87,97,1.0
2,87,98,1.0
2,87,99,1.0
2,88,89,1.0
2,88,90,1.0
2,88,91,1.0
2,88,92,1.0
2,88,93,1.0
2,88,94,1.0
2,88,95,1.0
2,88,96,1.0
2,88,97,1.0
2,88,98,1.0
2,88,99,1.0
2,89,90,1.0
2,89,91,1.0
2,89,92,1.0
2,89,93,1.0
2,89,94,1.0
2,89,95,1.0
2,89,96,1.0
2,89,97,1.0
2,89,98,1.0
2,89,99,1.0
2,90,91,1.0
2,90,92,1.0
2,90,93,1.0
2,90,94,1.0
2,90,95,1.0
2,90,96,1.0
2,90,97,1.0
2,90,98,1.0
2,90,99,1.0
2,91,92,1.0
2,91,93,1.0
2,91,94,1.0
2,91,95,1.0
2,91,96,1.0
2,91,97,1.0
2,91,98,1.0
2,91,99,1.0
2,92,93,1.0
2,92,94,1.0
2,92,95,1.0
2,92,96,1.0
2,92,97,1.0
2,92,98,1.0
2,92,99,1.0
2,93,94,1.0
2,93,95,1.0
2,93,96,1.0
2,93,97,1.0
2,93,98,1.0
2,93,99,1.0
2,94,95,1.0
2,94,96,1.0
2,94,97,1.0
2,94,98,1.0
2,94,99,1.0
2,95,96,1.0
2,95,97,1.0
2,95,98,1.0
2,95,99,1.0
2,96,97,1.0
2,96,98,1.0
2,96,99,1.0
2,97,98,1.0
2,97,99,1.0
2,98,99,1.0
3,0,1,0.9680522705200401
3,0,2,0.9680522705200401
3,0,3,0.9730286252606724
3,0,4,0.9680522705200401
3,0,5,0.989001849164419
3,0,6,0.9680522705200401
3,0,7,0.9839521595196257
3,0,8,0.9839636843303907
3,0,9,0.9839636843303907
3,0,10,0.968098138888714
3,0,11,0.9680522705200401
3,0,12,0.9839636843303907
3,0,13,0.9839636843303907
3,0,14,0.9839636843303907
3,0,15,0.968098138888714
3,0,16,0.9839636843303907
3,0,17,0.9680522705200401
3,0,18,0.9680522705200401
3,0,19,0.9839521595196257
3,0,20,0.9680522705200401
3,0,21,0.9839636843303907
3,0,22,0.9571669924428874
3,0,23,0.9571669924428874
3,0,24,0.9839636843303907
3,0,25,0.9680522705200401
3,0,26,0.9680522705200401
3,0,27,0.989001849164419
3,0,28,0.9410220505970287
3,0,29,0.968098138888714
3,0,30,0.9464154898446295
3,0,31,0.597388954850236
3,0,32,0.9680522705200401
3,0,33,0.9839636843303907
3,0,34,0.9680522705200401
3,0,35,0.9410220505970287
3,0,36,0.968098138888714
3,0,37,0.968098138888714
3,0,38,0.597388954850236
3,0,39,0.9680522705200401
3,0,40,0.9680522705200401
3,0,41,1.0
3,0,42,0.9680522705200401
3,0,43,0.9680522705200401
3,0,44,0.9571669924428874
3,0,45,0.9839636843303907
3,0,46,0.9680522705200401
3,0,47,0.9680522705200401
3,0,48,0.9680522705200401
3,0,49,0.9680522705200401
3,0,50,0.9839636843303907
3,0,51,0.9680522705200401
3,0,52,0.968098138888714
3,0,53,0.9680522705200401
3,0,54,0.9839636843303907
3,0,55,0.9680522705200401
3,0,56,0.9680522705200401
3,0,57,0.9680522705200401
3,0,58,0.9680522705200401
3,0,59,0.9680522705200401
3,0,60,0.9680522705200401
3,0,61,0.904880277247207
3,0,62,0.9839636843303907
3,0,63,0.9839636843303907
3,0,64,0.9680522705200401
3,0,65,0.9839636843303907
3,0,66,0.9571669924428874
3,0,67,0.9839636843303907
3,0,68,0.968098138888714
3,0,69,0.968098138888714
3,0,70,0.6142503785297339
3,0,71,0.9680522705200401
3,0,72,0.9253192680082887
3,0,73,0.9680522705200401
3,0,74,0.9680522705200401
3,0,75,0.9680522705200401
3,0,76,0.9680522705200401
3,0,77,0.9839636843303907
3,0,78,0.9622257477813194
3,0,79,0.9571669924428874
3,0,80,0.9680522705200401
3,0,81,0.9839636843303907
3,0,82,0.9680522705200401
3,0,83,1.0
3,0,84,0.9680522705200401
3,0,85,0.9680522705200401
3,0,86,0.6142503785297339
3,0,87,0.597388954850236
3,0,88,0.9839636843303907
3,0,89,0.9839636843303907
3,0,90,0.9839636843303907
3,0,91,0.9680522705200401
3,0,92,0.9680522705200401
3,0,93,0.9102419044737843
3,0,94,0.9680522705200401
3,0,95,0.9680522705200401
3,0,96,0.9680522705200401
3,0,97,1.0
3,0,98,0.9680522705200401
3,0,99,0.9680522705200401
3,1,2,1.0
3,1,3,0.9416672423604415
3,1,4,1.0
3,1,5,0.9573230526918222
3,1,6,1.0
3,1,7,0.9839413897351384
3,1,8,0.9523338081950777
3,1,9,0.9523338081950777
3,1,10,0.9367871380058924
3,1,11,1.0
3,1,12,0.9523338081950777
3,1,13,0.9523338081950777
3,1,14,0.9523338081950777
3,1,15,0.9367871380058924
3,1,16,0.9523338081950777
3,1,17,1.0
3,1,18,1.0
3,1,19,0.9839413897351384
3,1,20,1.0
3,1,21,0.9523338081950777
3,1,22,0.9891455557243711
3,1,23,0.9891455557243711
3,1,24,0.9523338081950777
3,1,25,1.0
3,1,26,1.0
3,1,27,0.9573230526918222
3,1,28,0.9104728255044026
3,1,29,0.9367871380058924
3,1,30,0.9784236328851159
3,1,31,0.6037074618114247
3,1,32,1.0
3,1,33,0.9523338081950777
3,1,34,1.0
3,1,35,0.9104728255044026
3,1,36,0.9367871380058924
3,1,37,0.9367871380058924
3,1,38,0.6037074618114247
3,1,39,1.0
3,1,40,1.0
3,1,41,0.9680522705200401
3,1,42,1.0
3,1,43,1.0
3,1,44,0.9891455557243711
3,1,45,0.9523338081950777
3,1,46,1.0
3,1,47,1.0
3,1,48,1.0
3,1,49,1.0
3,1,50,0.9523338081950777
3,1,51,1.0
3,1,52,0.9367871380058924
3,1,53,1.0
3,1,54,0.9523338081950777
3,1,55,1.0
3,1,56,1.0
3,1,57,1.0
3,1,58,1.0
3,1,59,1.0
3,1,60,1.0
3,1,61,0.8751944584791781
3,1,62,0.9523338081950777
3,1,63,0.9523338081950777
3,1,64,1.0
3,1,65,0.9523338081950777
3,1,66,0.9891455557243711
3,1,67,0.9523338081950777
3,1,68,0.9367871380058924
3,1,69,0.9367871380058924
3,1,70,0.6204283763994645
3,1,71,1.0
3,1,72,0.9573828995480018
3,1,73,1.0
3,1,74,1.0
3,1,75,1.0
3,1,76,1.0
3,1,77,0.9523338081950777
3,1,78,0.9311339636568742
3,1,79,0.9891455557243711
3,1,80,1.0
3,1,81,0.9523338081950777
3,1,82,1.0
3,1,83,0.9680522705200401
3,1,84,1.0
3,1,85,1.0
3,1,86,0.6204283763994645
3,1,87,0.6037074618114247
3,1,88,0.9523338081950777
3,1,89,0.9523338081950777
3,1,90,0.9523338081950777
3,1,91,1.0
3,1,92,1.0
3,1,93,0.8805150770730067
3,1,94,1.0
3,1,95,1.0
3,1,96,1.0
3,1,97,0.9680522705200401
3,1,98,1.0
3,1,99,1.0
3,2,3,0.9416672423604415
3,2,4,1.0
3,2,5,0.9573230526918222
3,2,6,1.0
3,2,7,0.9839413897351384
3,2,8,0.9523338081950777
3,2,9,0.9523338081950777
3,2,10,0.9367871380058924
3,2,11,1.0
3,2,12,0.9523338081950777
3,2,13,0.9523338081950777
3,2,14,0.9523338081950777
3,2,15,0.9367871380058924
3,2,16,0.9523338081950777
3,2,17,1.0
3,2,18,1.0
3,2,19,0.9839413897351384
3,2,20,1.0
3,2,21,0.9523338081950777
3,2,22,0.9891455557243711
3,2,23,0.9891455557243711
3,2,24,0.9523338081950777
3,2,25,1.0
3,2,26,1.0
3,2,27,0.9573230526918222
3,2,28,0.9104728255044026
3,2,29,0.9367871380058924
3,2,30,0.9784236328851159
3,2,31,0.6037074618114247
3,2,32,1.0
3,2,33,0.9523338081950777
3,2,34,1.0
3,2,35,0.9104728255044026
3,2,36,0.9367871380058924
3,2,37,0.9367871380058924
3,2,38,0.6037074618114247
3,2,39,1.0
3,2,40,1.0
3,2,41,0.9680522705200401
3,2,42,1.0
3,2,43,1.0
3,2,44,0.9891455557243711
3,2,45,0.9523338081950777
3,2,46,1.0
3,2,47,1.0
3,2,48,1.0
3,2,49,1.0
3,2,50,0.9523338081950777
3,2,51,1.0
3,2,52,0.9367871380058924
3,2,53,1.0
3,2,54,0.9523338081950777
3,2,55,1.0
3,2,56,1.0
3,2,57,1.0
3,2,58,1.0
3,2,59,1.0
3,2,60,1.0
3,2,61,0.8751944584791781
3,2,62,0.9523338081950777
3,2,63,0.9523338081950777
3,2,64,1.0
3,2,65,0.9523338081950777
3,2,66,0.9891455557243711
3,2,67,0.9523338081950777
3,2,68,0.9367871380058924
3,2,69,0.9367871380058924
3,2,70,0.6204283763994645
3,2,71,1.0
3,2,72,0.9573828995480018
3,2,73,1.0
3,2,74,1.0
3,2,75,1.0
3,2,76,1.0
3,2,77,0.9523338081950777
3,2,78,0.9311339636568742
3,2,79,0.9891455557243711
3,2,80,1.0
3,2,81,0.9523338081950777
3,2,82,1.0
3,2,83,0.9680522705200401
3,2,84,1.0
3,2,85,1.0
3,2,86,0.6204283763994645
3,2,87,0.6037074618114247
3,2,88,0.9523338081950777
3,2,89,0.9523338081950777
3,2,90,0.9523338081950777
3,2,91,1.0
3,2,92,1.0
3,2,93,0.8805150770730067
3,2,94,1.0
3,2,95,1.0
3,2,96,1.0
3,2,97,0.9680522705200401
3,2,98,1.0
3,2,99,1.0
3,3,4,0.9416672423604415
3,3,5,0.962144744655854
3,3,6,0.9416672423604415
3,3,7,0.9572735539640101
3,3,8,0.9889309550528401
3,3,9,0.9889309550528401
3,3,10,0.9728920061976677
3,3,11,0.9416672423604415
3,3,12,0.9889309550528401
3,3,13,0.9889309550528401
3,3,14,0.9889309550528401
3,3,15,0.9728920061976677
3,3,16,0.9889309550528401
3,3,17,0.9416672423604415
3,3,18,0.9416672423604415
3,3,19,0.9572735539640101
3,3,20,0.9416672423604415
3,3,21,0.9571469831331383
3,3,22,0.9308966513281434
3,3,23,0.9308966513281434
3,3,24,0.9889309550528401
3,3,25,0.9416672423604415
3,3,26,0.9416672423604415
3,3,27,0.962144744655854
3,3,28,0.9671046498636502
3,3,29,0.9728920061976677
3,3,30,0.94152422724346
3,3,31,0.6059093588481231
3,3,32,0.9416672423604415
3,3,33,0.9889309550528401
3,3,34,0.9416672423604415
3,3,35,0.9671046498636502
3,3,36,0.9728920061976677
3,3,37,0.9728920061976677
3,3,38,0.6059093588481231
3,3,39,0.9416672423604415
3,3,40,0.9416672423604415
3,3,41,0.9730286252606724
3,3,42,0.9416672423604415
3,3,43,0.9416672423604415
3,3,44,0.9308966513281434
3,3,45,0.9889309550528401
3,3,46,0.9416672423604415
3,3,47,0.9416672423604415
3,3,48,0.9416672423604415
3,3,49,0.9416672423604415
3,3,50,0.9889309550528401
3,3,51,0.9416672423604415
3,3,52,0.9728920061976677
3,3,53,0.9416672423604415
3,3,54,0.9889309550528401
3,3,55,0.9416672423604415
3,3,56,0.9416672423604415
3,3,57,0.9416672423604415
3,3,58,0.9416672423604415
3,3,59,0.9416672423604415
3,3,60,0.9416672423604415
3,3,61,0.9301773478789392
3,3,62,0.9889309550528401
3,3,63,0.9889309550528401
3,3,64,0.9416672423604415
3,3,65,0.9889309550528401
3,3,66,0.9308966513281434
3,3,67,0.9889309550528401
3,3,68,0.9728920061976677
3,3,69,0.9728920061976677
3,3,70,0.6227999710075984
3,3,71,0.9416672423604415
3,3,72,0.9200734673161646
3,3,73,0.9416672423604415
3,3,74,0.9416672423604415
3,3,75,0.9416672423604415
3,3,76,0.9416672423604415
3,3,77,0.9889309550528401
3,3,78,0.9571968917474899
3,3,79,0.9308966513281434
3,3,80,0.9416672423604415
3,3,81,0.9889309550528401
3,3,82,0.9416672423604415
3,3,83,0.9730286252606724
3,3,84,0.9416672423604415
3,3,85,0.9416672423604415
3,3,86,0.6227999710075984
3,3,87,0.6059093588481231
3,3,88,0.9889309550528401
3,3,89,0.9889309550528401
3,3,90,0.9889309550528401
3,3,91,0.9416672423604415
3,3,92,0.9416672423604415
3,3,93,0.935418280176865
3,3,94,0.9416672423604415
3,3,95,0.9416672423604415
3,3,96,0.9416672423604415
3,3,97,0.9730286252606724
3,3,98,0.9416672423604415
3,3,99,0.9416672423604415
3,4,5,0.9573230526918222
3,4,6,1.0
3,4,7,0.9839413897351384
3,4,8,0.9523338081950777
3,4,9,0.9523338081950777
3,4,10,0.9367871380058924
3,4,11,1.0
3,4,12,0.9523338081950777
3,4,13,0.9523338081950777
3,4,14,0.9523338081950777
3,4,15,0.9367871380058924
3,4,16,0.9523338081950777
3,4,17,1.0
3,4,18,1.0
3,4,19,0.9839413897351384
3,4,20,1.0
3,4,21,0.9523338081950777
3,4,22,0.9891455557243711
3,4,23,0.9891455557243711
3,4,24,0.9523338081950777
3,4,25,1.0
3,4,26,1.0
3,4,27,0.9573230526918222
3,4,28,0.9104728255044026
3,4,29,0.9367871380058924
3,4,30,0.9784236328851159
3,4,31,0.6037074618114247
3,4,32,1.0
3,4,33,0.9523338081950777
3,4,34,1.0
3,4,35,0.9104728255044026
3,4,36,0.9367871380058924
3,4,37,0.9367871380058924
3,4,38,0.6037074618114247
3,4,39,1.0
3,4,40,1.0
3,4,41,0.9680522705200401
3,4,42,1.0
3,4,43,1.0
3,4,44,0.9891455557243711
3,4,45,0.9523338081950777
3,4,46,1.0
3,4,47,1.0
3,4,48,1.0
3,4,49,1.0
3,4,50,0.9523338081950777
3,4,51,1.0
3,4,52,0.9367871380058924
3,4,53,1.0
3,4,54,0.9523338081950777
3,4,55,1.0
3,4,56,1.0
3,4,57,1.0
3,4,58,1.0
3,4,59,1.0
3,4,60,1.0
3,4,61,0.8751944584791781
3,4,62,0.9523338081950777
3,4,63,0.9523338081950777
3,4,64,1.0
3,4,65,0.9523338081950777
3,4,66,0.9891455557243711
3,4,67,0.9523338081950777
3,4,68,0.9367871380058924
3,4,69,0.9367871380058924
3,4,70,0.6204283763994645
3,4,71,1.0
3,4,72,0.9573828995480018
3,4,73,1.0
3,4,74,1.0
3,4,75,1.0
3,4,76,1.0
3,4,77,0.9523338081950777
3,4,78,0.9311339636568742
3,4,79,0.9891455557243711
3,4,80,1.0
3,4,81,0.9523338081950777
3,4,82,1.0
3,4,83,0.9680522705200401
3,4,84,1.0
3,4,85,1.0
3,4,86,0.6204283763994645
3,4,87,0.6037074618114247
3,4,88,0.9523338081950777
3,4,89,0.9523338081950777
3,4,90,0.9523338081950777
3,4,91,1.0
3,4,92,1.0
3,4,93,0.8805150770730067
3,4,94,1.0
3,4,95,1.0
3,4,96,1.0
3,4,97,0.9680522705200401
3,4,98,1.0
3,4,99,1.0
3,5,6,0.9573230526918222
3,5,7,0.9730883787726552
3,5,8,0.972950298230299
3,5,9,0.972950298230299
3,5,10,0.9570705523922063
3,5,11,0.9573230526918222
3,5,12,0.972950298230299
3,5,13,0.972950298230299
3,5,14,0.972950298230299
3,5,15,0.9570705523922063
3,5,16,0.972950298230299
3,5,17,0.9573230526918222
3,5,18,0.9573230526918222
3,5,19,0.9730883787726552
3,5,20,0.9573230526918222
3,5,21,0.972950298230299
3,5,22,0.9681305633202705
3,5,23,0.9681305633202705
3,5,24,0.972950298230299
3,5,25,0.9573230526918222
3,5,26,0.9573230526918222
3,5,27,1.0
3,5,28,0.9305256390912717
3,5,29,0.9570705523922063
3,5,30,0.9359448902950914
3,5,31,0.6009048992494744
3,5,32,0.9573230526918222
3,5,33,0.972950298230299
3,5,34,0.9573230526918222
3,5,35,0.9305256390912717
3,5,36,0.9570705523922063
3,5,37,0.9570705523922063
3,5,38,0.6009048992494744
3,5,39,0.9573230526918222
3,5,40,0.9573230526918222
3,5,41,0.989001849164419
3,5,42,0.9573230526918222
3,5,43,0.9573230526918222
3,5,44,0.9681305633202705
3,5,45,0.972950298230299
3,5,46,0.9573230526918222
3,5,47,0.9573230526918222
3,5,48,0.9573230526918222
3,5,49,0.9573230526918222
3,5,50,0.972950298230299
3,5,51,0.9573230526918222
3,5,52,0.9570705523922063
3,5,53,0.9573230526918222
3,5,54,0.972950298230299
3,5,55,0.9573230526918222
3,5,56,0.9573230526918222
3,5,57,0.9573230526918222
3,5,58,0.9573230526918222
3,5,59,0.9573230526918222
3,5,60,0.9573230526918222
3,5,61,0.8946230849201804
3,5,62,0.972950298230299
3,5,63,0.972950298230299
3,5,64,0.9573230526918222
3,5,65,0.972950298230299
3,5,66,0.9681305633202705
3,5,67,0.972950298230299
3,5,68,0.9570705523922063
3,5,69,0.9570705523922063
3,5,70,0.617973050498021
3,5,71,0.9573230526918222
3,5,72,0.9151068236291
3,5,73,0.9573230526918222
3,5,74,0.9573230526918222
3,5,75,0.9573230526918222
3,5,76,0.9573230526918222
3,5,77,0.972950298230299
3,5,78,0.9730395382805423
3,5,79,0.9681305633202705
3,5,80,0.9573230526918222
3,5,81,0.972950298230299
3,5,82,0.9573230526918222
3,5,83,0.989001849164419
3,5,84,0.9573230526918222
3,5,85,0.9573230526918222
3,5,86,0.617973050498021
3,5,87,0.6009048992494744
3,5,88,0.972950298230299
3,5,89,0.972950298230299
3,5,90,0.972950298230299
3,5,91,0.9573230526918222
3,5,92,0.9573230526918222
3,5,93,0.9202334665541791
3,5,94,0.9573230526918222
3,5,95,0.9573230526918222
3,5,96,0.9573230526918222
3,5,97,0.989001849164419
3,5,98,0.9573230526918222
3,5,99,0.9573230526918222
3,6,7,0.9839413897351384
3,6,8,0.9523338081950777
3,6,9,0.9523338081950777
3,6,10,0.9367871380058924
3,6,11,1.0
3,6,12,0.9523338081950777
3,6,13,0.9523338081950777
3,6,14,0.9523338081950777
3,6,15,0.9367871380058924
3,6,16,0.9523338081950777
3,6,17,1.0
3,6,18,1.0
3,6,19,0.9839413897351384
3,6,20,1.0
3,6,21,0.9523338081950777
3,6,22,0.9891455557243711
3,6,23,0.9891455557243711
3,6,24,0.9523338081950777
3,6,25,1.0
3,6,26,1.0
3,6,27,0.9573230526918222
3,6,28,0.9104728255044026
3,6,29,0.9367871380058924
3,6,30,0.9784236328851159
3,6,31,0.6037074618114247
3,6,32,1.0
3,6,33,0.9523338081950777
3,6,34,1.0
3,6,35,0.9104728255044026
3,6,36,0.9367871380058924
3,6,37,0.9367871380058924
3,6,38,0.6037074618114247
3,6,39,1.0
3,6,40,1.0
3,6,41,0.9680522705200401
3,6,42,1.0
3,6,43,1.0
3,6,44,0.9891455557243711
3,6,45,0.9523338081950777
3,6,46,1.0
3,6,47,1.0
3,6,48,1.0
3,6,49,1.0
3,6,50,0.9523338081950777
3,6,51,1.0
3,6,52,0.9367871380058924
3,6,53,1.0
3,6,54,0.9523338081950777
3,6,55,1.0
3,6,56,1.0
3,6,57,1.0
3,6,58,1.0
3,6,59,1.0
3,6,60,1.0
3,6,61,0.8751944584791781
3,6,62,0.9523338081950777
3,6,63,0.9523338081950777
3,6,64,1.0
3,6,65,0.9523338081950777
3,6,66,0.9891455557243711
3,6,67,0.9523338081950777
3,6,68,0.9367871380058924
3,6,69,0.9367871380058924
3,6,70,0.6204283763994645
3,6,71,1.0
3,6,72,0.9573828995480018
3,6,73,1.0
3,6,74,1.0
3,6,75,1.0
3,6,76,1.0
3,6,77,0.9523338081950777
3,6,78,0.9311339636568742
3,6,79,0.9891455557243711
3,6,80,1.0
3,6,81,0.9523338081950777
3,6,82,1.0
3,6,83,0.9680522705200401
3,6,84,1.0
3,6,85,1.0
3,6,86,0.6204283763994645
3,6,87,0.6037074618114247
3,6,88,0.9523338081950777
3,6,89,0.9523338081950777
3,6,90,0.9523338081950777
3,6,91,1.0
3,6,92,1.0
3,6,93,0.8805150770730067
3,6,94,1.0
3,6,95,1.0
3,6,96,1.0
3,6,97,0.9680522705200401
3,6,98,1.0
3,6,99,1.0
3,7,8,0.9680744695357612
3,7,9,0.9680744695357612
3,7,10,0.9523680676500658
3,7,11,0.9839413897351384
3,7,12,0.9680744695357612
3,7,13,0.9680744695357612
3,7,14,0.9680744695357612
3,7,15,0.9523680676500658
3,7,16,0.9680744695357612
3,7,17,0.9839413897351384
3,7,18,0.9839413897351384
3,7,19,1.0
3,7,20,0.9839413897351384
3,7,21,0.9680744695357612
3,7,22,0.9730710496946114
3,7,23,0.9730710496946114
3,7,24,0.9680744695357612
3,7,25,0.9839413897351384
3,7,26,0.9839413897351384
3,7,27,0.9730883787726552
3,7,28,0.9256726578689666
3,7,29,0.9523680676500658
3,7,30,0.9623338548428441
3,7,31,0.58824793690635
3,7,32,0.9839413897351384
3,7,33,0.9680744695357612
3,7,34,0.9839413897351384
3,7,35,0.9256726578689666
3,7,36,0.9523680676500658
3,7,37,0.9523680676500658
3,7,38,0.58824793690635
3,7,39,0.9839413897351384
3,7,40,0.9839413897351384
3,7,41,0.9839521595196257
3,7,42,0.9839413897351384
3,7,43,0.9839413897351384
3,7,44,0.9730710496946114
3,7,45,0.9680744695357612
3,7,46,0.9839413897351384
3,7,47,0.9839413897351384
3,7,48,0.9839413897351384
3,7,49,0.9839413897351384
3,7,50,0.9680744695357612
3,7,51,0.9839413897351384
3,7,52,0.9523680676500658
3,7,53,0.9839413897351384
3,7,54,0.9680744695357612
3,7,55,0.9839413897351384
3,7,56,0.9839413897351384
3,7,57,0.9839413897351384
3,7,58,0.9839413897351384
3,7,59,0.9839413897351384
3,7,60,0.9839413897351384
3,7,61,0.8899619191769298
3,7,62,0.9680744695357612
3,7,63,0.9680744695357612
3,7,64,0.9839413897351384
3,7,65,0.9680744695357612
3,7,66,0.9730710496946114
3,7,67,0.9680744695357612
3,7,68,0.9523680676500658
3,7,69,0.9523680676500658
3,7,70,0.6047991462812956
3,7,71,0.9839413897351384
3,7,72,0.9412644059017911
3,7,73,0.9839413897351384
3,7,74,0.9839413897351384
3,7,75,0.9839413897351384
3,7,76,0.9839413897351384
3,7,77,0.9680744695357612
3,7,78,0.9466053571437025
3,7,79,0.9730710496946114
3,7,80,0.9839413897351384
3,7,81,0.9680744695357612
3,7,82,0.9839413897351384
3,7,83,0.9839521595196257
3,7,84,0.9839413897351384
3,7,85,0.9839413897351384
3,7,86,0.6047991462812956
3,7,87,0.58824793690635
3,7,88,0.9680744695357612
3,7,89,0.9680744695357612
3,7,90,0.9680744695357612
3,7,91,0.9839413897351384
3,7,92,0.9839413897351384
3,7,93,0.895303187835422
3,7,94,0.9839413897351384
3,7,95,0.9839413897351384
3,7,96,0.9839413897351384
3,7,97,0.9839521595196257
3,7,98,0.9839413897351384
3,7,99,0.9839413897351384
3,8,9,1.0
3,8,10,0.983975930650567
3,8,11,0.9523338081950777
3,8,12,1.0
3,8,13,1.0
3,8,14,1.0
3,8,15,0.983975930650567
3,8,16,1.0
3,8,17,0.9523338081950777
3,8,18,0.9523338081950777
3,8,19,0.9680744695357612
3,8,20,0.9523338081950777
3,8,21,0.9680971173469252
3,8,22,0.941434595040332
3,8,23,0.941434595040332
3,8,24,1.0
3,8,25,0.9523338081950777
3,8,26,0.9523338081950777
3,8,27,0.972950298230299
3,8,28,0.9565193689975002
3,8,29,0.983975930650567
3,8,30,0.9306697932161081
3,8,31,0.6024758485278354
3,8,32,0.9523338081950777
3,8,33,1.0
3,8,34,0.9523338081950777
3,8,35,0.9565193689975002
3,8,36,0.983975930650567
3,8,37,0.983975930650567
3,8,38,0.6024758485278354
3,8,39,0.9523338081950777
3,8,40,0.9523338081950777
3,8,41,0.9839636843303907
3,8,42,0.9523338081950777
3,8,43,0.9523338081950777
3,8,44,0.941434595040332
3,8,45,1.0
3,8,46,0.9523338081950777
3,8,47,0.9523338081950777
3,8,48,0.9523338081950777
3,8,49,0.9523338081950777
3,8,50,1.0
3,8,51,0.9523338081950777
3,8,52,0.983975930650567
3,8,53,0.9523338081950777
3,8,54,1.0
3,8,55,0.9523338081950777
3,8,56,0.9523338081950777
3,8,57,0.9523338081950777
3,8,58,0.9523338081950777
3,8,59,0.9523338081950777
3,8,60,0.9523338081950777
3,8,61,0.9199478489329189
3,8,62,1.0
3,8,63,1.0
3,8,64,0.9523338081950777
3,8,65,1.0
3,8,66,0.941434595040332
3,8,67,1.0
3,8,68,0.983975930650567
3,8,69,0.983975930650567
3,8,70,0.6191598248477086
3,8,71,0.9523338081950777
3,8,72,0.9095488267284303
3,8,73,0.9523338081950777
3,8,74,0.9523338081950777
3,8,75,0.9523338081950777
3,8,76,0.9523338081950777
3,8,77,1.0
3,8,78,0.9463296854106513
3,8,79,0.941434595040332
3,8,80,0.9523338081950777
3,8,81,1.0
3,8,82,0.9523338081950777
3,8,83,0.9839636843303907
3,8,84,0.9523338081950777
3,8,85,0.9523338081950777
3,8,86,0.6191598248477086
3,8,87,0.6024758485278354
3,8,88,1.0
3,8,89,1.0
3,8,90,1.0
3,8,91,0.9523338081950777
3,8,92,0.9523338081950777
3,8,93,0.9253294770470112
3,8,94,0.9523338081950777
3,8,95,0.9523338081950777
3,8,96,0.9523338081950777
3,8,97,0.9839636843303907
3,8,98,0.9523338081950777
3,8,99,0.9523338081950777
3,9,10,0.983975930650567
3,9,11,0.9523338081950777
3,9,12,1.0
3,9,13,1.0
3,9,14,1.0
3,9,15,0.983975930650567
3,9,16,1.0
3,9,17,0.9523338081950777
3,9,18,0.9523338081950777
3,9,19,0.9680744695357612
3,9,20,0.9523338081950777
3,9,21,0.9680971173469252
3,9,22,0.941434595040332
3,9,23,0.941434595040332
3,9,24,1.0
3,9,25,0.9523338081950777
3,9,26,0.9523338081950777
3,9,27,0.972950298230299
3,9,28,0.9565193689975002
3,9,29,0.983975930650567
3,9,30,0.9306697932161081
3,9,31,0.6024758485278354
3,9,32,0.9523338081950777
3,9,33,1.0
3,9,34,0.9523338081950777
3,9,35,0.9565193689975002
3,9,36,0.983975930650567
3,9,37,0.983975930650567
3,9,38,0.6024758485278354
3,9,39,0.9523338081950777
3,9,40,0.9523338081950777
3,9,41,0.9839636843303907
3,9,42,0.9523338081950777
3,9,43,0.9523338081950777
3,9,44,0.941434595040332
3,9,45,1.0
3,9,46,0.9523338081950777
3,9,47,0.9523338081950777
3,9,48,0.9523338081950777
3,9,49,0.9523338081950777
3,9,50,1.0
3,9,51,0.9523338081950777
3,9,52,0.983975930650567
3,9,53,0.9523338081950777
3,9,54,1.0
3,9,55,0.9523338081950777
3,9,56,0.9523338081950777
3,9,57,0.9523338081950777
3,9,58,0.9523338081950777
3,9,59,0.9523338081950777
3,9,60,0.9523338081950777
3,9,61,0.9199478489329189
3,9,62,1.0
3,9,63,1.0
3,9,64,0.9523338081950777
3,9,65,1.0
3,9,66,0.941434595040332
3,9,67,1.0
3,9,68,0.983975930650567
3,9,69,0.983975930650567
3,9,70,0.6191598248477086
3,9,71,0.9523338081950777
3,9,72,0.9095488267284303
3,9,73,0.9523338081950777
3,9,74,0.9523338081950777
3,9,75,0.9523338081950777
3,9,76,0.9523338081950777
3,9,77,1.0
3,9,78,0.9463296854106513
3,9,79,0.941434595040332
3,9,80,0.9523338081950777
3,9,81,1.0
3,9,82,0.9523338081950777
3,9,83,0.9839636843303907
3,9,84,0.9523338081950777
3,9,85,0.9523338081950777
3,9,86,0.6191598248477086
3,9,87,0.6024758485278354
3,9,88,1.0
3,9,89,1.0
3,9,90,1.0
3,9,91,0.9523338081950777
3,9,92,0.9523338081950777
3,9,93,0.9253294770470112
3,9,94,0.9523338081950777
3,9,95,0.9523338081950777
3,9,96,0.9523338081950777
3,9,97,0.9839636843303907
3,9,98,0.9523338081950777
3,9,99,0.9523338081950777
3,10,11,0.9367871380058924
3,10,12,0.983975930650567
3,10,13,0.983975930650567
3,10,14,0.983975930650567
3,10,15,1.0
3,10,16,0.983975930650567
3,10,17,0.9367871380058924
3,10,18,0.9367871380058924
3,10,19,0.9523680676500658
3,10,20,0.9367871380058924
3,10,21,0.983975930650567
3,10,22,0.9258750365385108
3,10,23,0.9258750365385108
3,10,24,0.983975930650567
3,10,25,0.9367871380058924
3,10,26,0.9367871380058924
3,10,27,0.9570705523922063
3,10,28,0.9404398225028511
3,10,29,1.0
3,10,30,0.9150979868456517
3,10,31,0.5869525058412247
3,10,32,0.9367871380058924
3,10,33,0.983975930650567
3,10,34,0.9367871380058924
3,10,35,0.9404398225028511
3,10,36,1.0
3,10,37,1.0
3,10,38,0.5869525058412247
3,10,39,0.9367871380058924
3,10,40,0.9367871380058924
3,10,41,0.968098138888714
3,10,42,0.9367871380058924
3,10,43,0.9367871380058924
3,10,44,0.9258750365385108
3,10,45,0.983975930650567
3,10,46,0.9367871380058924
3,10,47,0.9367871380058924
3,10,48,0.9367871380058924
3,10,49,0.9367871380058924
3,10,50,0.983975930650567
3,10,51,0.9367871380058924
3,10,52,1.0
3,10,53,0.9367871380058924
3,10,54,0.983975930650567
3,10,55,0.9367871380058924
3,10,56,0.9367871380058924
3,10,57,0.9367871380058924
3,10,58,0.9367871380058924
3,10,59,0.9367871380058924
3,10,60,0.9367871380058924
3,10,61,0.9351629235129565
3,10,62,0.983975930650567
3,10,63,0.983975930650567
3,10,64,0.9367871380058924
3,10,65,0.983975930650567
3,10,66,0.9258750365385108
3,10,67,0.983975930650567
3,10,68,1.0
3,10,69,1.0
3,10,70,0.6034640505304615
3,10,71,0.9367871380058924
3,10,72,0.8939543866762627
3,10,73,0.9367871380058924
3,10,74,0.9367871380058924
3,10,75,0.9367871380058924
3,10,76,0.9367871380058924
3,10,77,0.983975930650567
3,10,78,0.9619404427307713
3,10,79,0.9258750365385108
3,10,80,0.9367871380058924
3,10,81,0.983975930650567
3,10,82,0.9367871380058924
3,10,83,0.968098138888714
3,10,84,0.9367871380058924
3,10,85,0.9367871380058924
3,10,86,0.6034640505304615
3,10,87,0.5869525058412247
3,10,88,0.983975930650567
3,10,89,0.983975930650567
3,10,90,0.983975930650567
3,10,91,0.9367871380058924
3,10,92,0.9367871380058924
3,10,93,0.9092150867920522
3,10,94,0.9367871380058924
3,10,95,0.9367871380058924
3,10,96,0.9367871380058924
3,10,97,0.968098138888714
3,10,98,0.9367871380058924
3,10,99,0.9367871380058924
3,11,12,0.9523338081950777
3,11,13,0.9523338081950777
3,11,14,0.9523338081950777
3,11,15,0.9367871380058924
3,11,16,0.9523338081950777
3,11,17,1.0
3,11,18,1.0
3,11,19,0.9839413897351384
3,11,20,1.0
3,11,21,0.9523338081950777
3,11,22,0.9891455557243711
3,11,23,0.9891455557243711
3,11,24,0.9523338081950777
3,11,25,1.0
3,11,26,1.0
3,11,27,0.9573230526918222
3,11,28,0.9104728255044026
3,11,29,0.9367871380058924
3,11,30,0.9784236328851159
3,11,31,0.6037074618114247
3,11,32,1.0
3,11,33,0.9523338081950777
3,11,34,1.0
3,11,35,0.9104728255044026
3,11,36,0.9367871380058924
3,11,37,0.9367871380058924
3,11,38,0.6037074618114247
3,11,39,1.0
3,11,40,1.0
3,11,41,0.9680522705200401
3,11,42,1.0
3,11,43,1.0
3,11,44,0.9891455557243711
3,11,45,0.9523338081950777
3,11,46,1.0
3,11,47,1.0
3,11,48,1.0
3,11,49,1.0
3,11,50,0.9523338081950777
3,11,51,1.0
3,11,52,0.9367871380058924
3,11,53,1.0
3,11,54,0.9523338081950777
3,11,55,1.0
3,11,56,1.0
3,11,57,1.0
3,11,58,1.0
3,11,59,1.0
3,11,60,1.0
3,11,61,0.8751944584791781
3,11,62,0.9523338081950777
3,11,63,0.9523338081950777
3,11,64,1.0
3,11,65,0.9523338081950777
3,11,66,0.9891455557243711
3,11,67,0.9523338081950777
3,11,68,0.9367871380058924
3,11,69,0.9367871380058924
3,11,70,0.6204283763994645
3,11,71,1.0
3,11,72,0.9573828995480018
3,11,73,1.0
3,11,74,1.0
3,11,75,1.0
3,11,76,1.0
3,11,77,0.9523338081950777
3,11,78,0.9311339636568742
3,11,79,0.9891455557243711
3,11,80,1.0
3,11,81,0.9523338081950777
3,11,82,1.0
3,11,83,0.9680522705200401
3,11,84,1.0
3,11,85,1.0
3,11,86,0.6204283763994645
3,11,87,0.6037074618114247
3,11,88,0.9523338081950777
3,11,89,0.9523338081950777
3,11,90,0.9523338081950777
3,11,91,1.0
3,11,92,1.0
3,11,93,0.8805150770730067
3,11,94,1.0
3,11,95,1.0
3,11,96,1.0
3,11,97,0.9680522705200401
3,11,98,1.0
3,11,99,1.0
3,12,13,1.0
3,12,14,1.0
3,12,15,0.983975930650567
3,12,16,1.0
3,12,17,0.9523338081950777
3,12,18,0.9523338081950777
3,12,19,0.9680744695357612
3,12,20,0.9523338081950777
3,12,21,0.9680971173469252
3,12,22,0.941434595040332
3,12,23,0.941434595040332
3,12,24,1.0
3,12,25,0.9523338081950777
3,12,26,0.9523338081950777
3,12,27,0.972950298230299
3,12,28,0.9565193689975002
3,12,29,0.983975930650567
3,12,30,0.9306697932161081
3,12,31,0.6024758485278354
3,12,32,0.9523338081950777
3,12,33,1.0
3,12,34,0.9523338081950777
3,12,35,0.9565193689975002
3,12,36,0.983975930650567
3,12,37,0.983975930650567
3,12,38,0.6024758485278354
3,12,39,0.9523338081950777
3,12,40,0.9523338081950777
3,12,41,0.9839636843303907
3,12,42,0.9523338081950777
3,12,43,0.9523338081950777
3,12,44,0.941434595040332
3,12,45,1.0
3,12,46,0.9523338081950777
3,12,47,0.9523338081950777
3,12,48,0.9523338081950777
3,12,49,0.9523338081950777
3,12,50,1.0
3,12,51,0.9523338081950777
3,12,52,0.983975930650567
3,12,53,0.9523338081950777
3,12,54,1.0
3,12,55,0.9523338081950777
3,12,56,0.9523338081950777
3,12,57,0.9523338081950777
3,12,58,0.9523338081950777
3,12,59,0.9523338081950777
3,12,60,0.9523338081950777
3,12,61,0.9199478489329189
3,12,62,1.0
3,12,63,1.0
3,12,64,0.9523338081950777
3,12,65,1.0
3,12,66,0.941434595040332
3,12,67,1.0
3,12,68,0.983975930650567
3,12,69,0.983975930650567
3,12,70,0.6191598248477086
3,12,71,0.9523338081950777
3,12,72,0.9095488267284303
3,12,73,0.9523338081950777
3,12,74,0.9523338081950777
3,12,75,0.9523338081950777
3,12,76,0.9523338081950777
3,12,77,1.0
3,12,78,0.9463296854106513
3,12,79,0.941434595040332
3,12,80,0.9523338081950777
3,12,81,1.0
3,12,82,0.9523338081950777
3,12,83,0.9839636843303907
3,12,84,0.9523338081950777
3,12,85,0.9523338081950777
3,12,86,0.6191598248477086
3,12,87,0.6024758485278354
3,12,88,1.0
3,12,89,1.0
3,12,90,1.0
3,12,91,0.9523338081950777
3,12,92,0.9523338081950777
3,12,93,0.9253294770470112
3,12,94,0.9523338081950777
3,12,95,0.9523338081950777
3,12,96,0.9523338081950777
3,12,97,0.9839636843303907
3,12,98,0.9523338081950777
3,12,99,0.9523338081950777
3,13,14,1.0
3,13,15,0.983975930650567
3,13,16,1.0
3,13,17,0.9523338081950777
3,13,18,0.9523338081950777
3,13,19,0.9680744695357612
3,13,20,0.9523338081950777
3,13,21,0.9680971173469252
3,13,22,0.941434595040332
3,13,23,0.941434595040332
3,13,24,1.0
3,13,25,0.9523338081950777
3,13,26,0.9523338081950777
3,13,27,0.972950298230299
3,13,28,0.9565193689975002
3,13,29,0.983975930650567
3,13,30,0.9306697932161081
3,13,31,0.6024758485278354
3,13,32,0.9523338081950777
3,13,33,1.0
3,13,34,0.9523338081950777
3,13,35,0.9565193689975002
3,13,36,0.983975930650567
3,13,37,0.983975930650567
3,13,38,0.6024758485278354
3,13,39,0.9523338081950777
3,13,40,0.9523338081950777
3,13,41,0.9839636843303907
3,13,42,0.9523338081950777
3,13,43,0.9523338081950777
3,13,44,0.941434595040332
3,13,45,1.0
3,13,46,0.9523338081950777
3,13,47,0.9523338081950777
3,13,48,0.9523338081950777
3,13,49,0.9523338081950777
3,13,50,1.0
3,13,51,0.9523338081950777
3,13,52,0.983975930650567
3,13,53,0.9523338081950777
3,13,54,1.0
3,13,55,0.9523338081950777
3,13,56,0.9523338081950777
3,13,57,0.9523338081950777
3,13,58,0.9523338081950777
3,13,59,0.9523338081950777
3,13,60,0.9523338081950777
3,13,61,0.9199478489329189
3,13,62,1.0
3,13,63,1.0
3,13,64,0.9523338081950777
3,13,65,1.0
3,13,66,0.941434595040332
3,13,67,1.0
3,13,68,0.983975930650567
3,13,69,0.983975930650567
3,13,70,0.6191598248477086
3,13,71,0.9523338081950777
3,13,72,0.9095488267284303
3,13,73,0.9523338081950777
3,13,74,0.9523338081950777
3,13,75,0.9523338081950777
3,13,76,0.9523338081950777
3,13,77,1.0
3,13,78,0.9463296854106513
3,13,79,0.941434595040332
3,13,80,0.9523338081950777
3,13,81,1.0
3,13,82,0.9523338081950777
3,13,83,0.9839636843303907
3,13,84,0.9523338081950777
3,13,85,0.9523338081950777
3,13,86,0.6191598248477086
3,13,87,0.6024758485278354
3,13,88,1.0
3,13,89,1.0
3,13,90,1.0
3,13,91,0.9523338081950777
3,13,92,0.9523338081950777
3,13,93,0.9253294770470112
3,13,94,0.9523338081950777
3,13,95,0.9523338081950777
3,13,96,0.9523338081950777
3,13,97,0.9839636843303907
3,13,98,0.9523338081950777
3,13,99,0.9523338081950777
3,14,15,0.983975930650567
3,14,16,1.0
3,14,17,0.9523338081950777
3,14,18,0.9523338081950777
3,14,19,0.9680744695357612
3,14,20,0.9523338081950777
3,14,21,0.9680971173469252
3,14,22,0.941434595040332
3,14,23,0.941434595040332
3,14,24,1.0
3,14,25,0.9523338081950777
3,14,26,0.9523338081950777
3,14,27,0.972950298230299
3,14,28,0.9565193689975002
3,14,29,0.983975930650567
3,14,30,0.9306697932161081
3,14,31,0.6024758485278354
3,14,32,0.9523338081950777
3,14,33,1.0
3,14,34,0.9523338081950777
3,14,35,0.9565193689975002
3,14,36,0.983975930650567
3,14,37,0.983975930650567
3,14,38,0.6024758485278354
3,14,39,0.9523338081950777
3,14,40,0.9523338081950777
3,14,41,0.9839636843303907
3,14,42,0.9523338081950777
3,14,43,0.9523338081950777
3,14,44,0.941434595040332
3,14,45,1.0
3,14,46,0.9523338081950777
3,14,47,0.9523338081950777
3,14,48,0.9523338081950777
3,14,49,0.9523338081950777
3,14,50,1.0
3,14,51,0.9523338081950777
3,14,52,0.983975930650567
3,14,53,0.9523338081950777
3,14,54,1.0
3,14,55,0.9523338081950777
3,14,56,0.9523338081950777
3,14,57,0.9523338081950777
3,14,58,0.9523338081950777
3,14,59,0.9523338081950777
3,14,60,0.9523338081950777
3,14,61,0.9199478489329189
3,14,62,1.0
3,14,63,1.0
3,14,64,0.9523338081950777
3,14,65,1.0
3,14,66,0.941434595040332
3,14,67,1.0
3,14,68,0.983975930650567
3,14,69,0.983975930650567
3,14,70,0.6191598248477086
3,14,71,0.9523338081950777
3,14,72,0.9095488267284303
3,14,73,0.9523338081950777
3,14,74,0.9523338081950777
3,14,75,0.9523338081950777
3,14,76,0.9523338081950777
3,14,77,1.0
3,14,78,0.9463296854106513
3,14,79,0.941434595040332
3,14,80,0.9523338081950777
3,14,81,1.0
3,14,82,0.9523338081950777
3,14,83,0.9839636843303907
3,14,84,0.9523338081950777
3,14,85,0.9523338081950777
3,14,86,0.6191598248477086
3,14,87,0.6024758485278354
3,14,88,1.0
3,14,89,1.0
3,14,90,1.0
3,14,91,0.9523338081950777
3,14,92,0.9523338081950777
3,14,93,0.9253294770470112
3,14,94,0.9523338081950777
3,14,95,0.9523338081950777
3,14,96,0.9523338081950777
3,14,97,0.9839636843303907
3,14,98,0.9523338081950777
3,14,99,0.9523338081950777
3,15,16,0.983975930650567
3,15,17,0.9367871380058924
3,15,18,0.9367871380058924
3,15,19,0.9523680676500658
3,15,20,0.9367871380058924
3,15,21,0.983975930650567
3,15,22,0.9258750365385108
3,15,23,0.9258750365385108
3,15,24,0.983975930650567
3,15,25,0.9367871380058924
3,15,26,0.9367871380058924
3,15,27,0.9570705523922063
3,15,28,0.9404398225028511
3,15,29,1.0
3,15,30,0.9150979868456517
3,15,31,0.5869525058412247
3,15,32,0.9367871380058924
3,15,33,0.983975930650567
3,15,34,0.9367871380058924
3,15,35,0.9404398225028511
3,15,36,1.0
3,15,37,1.0
3,15,38,0.5869525058412247
3,15,39,0.9367871380058924
3,15,40,0.9367871380058924
3,15,41,0.968098138888714
3,15,42,0.9367871380058924
3,15,43,0.9367871380058924
3,15,44,0.9258750365385108
3,15,45,0.983975930650567
3,15,46,0.9367871380058924
3,15,47,0.9367871380058924
3,15,48,0.9367871380058924
3,15,49,0.9367871380058924
3,15,50,0.983975930650567
3,15,51,0.9367871380058924
3,15,52,1.0
3,15,53,0.9367871380058924
3,15,54,0.983975930650567
3,15,55,0.9367871380058924
3,15,56,0.9367871380058924
3,15,57,0.9367871380058924
3,15,58,0.9367871380058924
3,15,59,0.9367871380058924
3,15,60,0.9367871380058924
3,15,61,0.9351629235129565
3,15,62,0.983975930650567
3,15,63,0.983975930650567
3,15,64,0.9367871380058924
3,15,65,0.983975930650567
3,15,66,0.9258750365385108
3,15,67,0.983975930650567
3,15,68,1.0
3,15,69,1.0
3,15,70,0.6034640505304615
3,15,71,0.9367871380058924
3,15,72,0.8939543866762627
3,15,73,0.9367871380058924
3,15,74,0.9367871380058924
3,15,75,0.9367871380058924
3,15,76,0.9367871380058924
3,15,77,0.983975930650567
3,15,78,0.9619404427307713
3,15,79,0.9258750365385108
3,15,80,0.9367871380058924
3,15,81,0.983975930650567
3,15,82,0.9367871380058924
3,15,83,0.968098138888714
3,15,84,0.9367871380058924
3,15,85,0.9367871380058924
3,15,86,0.6034640505304615
3,15,87,0.5869525058412247
3,15,88,0.983975930650567
3,15,89,0.983975930650567
3,15,90,0.983975930650567
3,15,91,0.9367871380058924
3,15,92,0.9367871380058924
3,15,93,0.9092150867920522
3,15,94,0.9367871380058924
3,15,95,0.9367871380058924
3,15,96,0.9367871380058924
3,15,97,0.968098138888714
3,15,98,0.9367871380058924
3,15,99,0.9367871380058924
3,16,17,0.9523338081950777
3,16,18,0.9523338081950777
3,16,19,0.9680744695357612
3,16,20,0.9523338081950777
3,16,21,0.9680971173469252
3,16,22,0.941434595040332
3,16,23,0.941434595040332
3,16,24,1.0
3,16,25,0.9523338081950777
3,16,26,0.9523338081950777
3,16,27,0.972950298230299
3,16,28,0.9565193689975002
3,16,29,0.983975930650567
3,16,30,0.9306697932161081
3,16,31,0.6024758485278354
3,16,32,0.9523338081950777
3,16,33,1.0
3,16,34,0.9523338081950777
3,16,35,0.9565193689975002
3,16,36,0.983975930650567
3,16,37,0.983975930650567
3,16,38,0.6024758485278354
3,16,39,0.9523338081950777
3,16,40,0.9523338081950777
3,16,41,0.9839636843303907
3,16,42,0.9523338081950777
3,16,43,0.9523338081950777
3,16,44,0.941434595040332
3,16,45,1.0
3,16,46,0.9523338081950777
3,16,47,0.9523338081950777
3,16,48,0.9523338081950777
3,16,49,0.9523338081950777
3,16,50,1.0
3,16,51,0.9523338081950777
3,16,52,0.983975930650567
3,16,53,0.9523338081950777
3,16,54,1.0
3,16,55,0.9523338081950777
3,16,56,0.9523338081950777
3,16,57,0.9523338081950777
3,16,58,0.9523338081950777
3,16,59,0.9523338081950777
3,16,60,0.9523338081950777
3,16,61,0.9199478489329189
3,16,62,1.0
3,16,63,1.0
3,16,64,0.9523338081950777
3,16,65,1.0
3,16,66,0.941434595040332
3,16,67,1.0
3,16,68,0.983975930650567
3,16,69,0.983975930650567
3,16,70,0.6191598248477086
3,16,71,0.9523338081950777
3,16,72,0.9095488267284303
3,16,73,0.9523338081950777
3,16,74,0.9523338081950777
3,16,75,0.9523338081950777
3,16,76,0.9523338081950777
3,16,77,1.0
3,16,78,0.9463296854106513
3,16,79,0.941434595040332
3,16,80,0.9523338081950777
3,16,81,1.0
3,16,82,0.9523338081950777
3,16,83,0.9839636843303907
3,16,84,0.9523338081950777
3,16,85,0.9523338081950777
3,16,86,0.6191598248477086
3,16,87,0.6024758485278354
3,16,88,1.0
3,16,89,1.0
3,16,90,1.0
3,16,91,0.9523338081950777
3,16,92,0.9523338081950777
3,16,93,0.9253294770470112
3,16,94,0.9523338081950777
3,16,95,0.9523338081950777
3,16,96,0.9523338081950777
3,16,97,0.9839636843303907
3,16,98,0.9523338081950777
3,16,99,0.9523338081950777
3,17,18,1.0
3,17,19,0.9839413897351384
3,17,20,1.0
3,17,21,0.9523338081950777
3,17,22,0.9891455557243711
3,17,23,0.9891455557243711
3,17,24,0.9523338081950777
3,17,25,1.0
3,17,26,1.0
3,17,27,0.9573230526918222
3,17,28,0.9104728255044026
3,17,29,0.9367871380058924
3,17,30,0.9784236328851159
3,17,31,0.6037074618114247
3,17,32,1.0
3,17,33,0.9523338081950777
3,17,34,1.0
3,17,35,0.9104728255044026
3,17,36,0.9367871380058924
3,17,37,0.9367871380058924
3,17,38,0.6037074618114247
3,17,39,1.0
3,17,40,1.0
3,17,41,0.9680522705200401
3,17,42,1.0
3,17,43,1.0
3,17,44,0.9891455557243711
3,17,45,0.9523338081950777
3,17,46,1.0
3,17,47,1.0
3,17,48,1.0
3,17,49,1.0
3,17,50,0.9523338081950777
3,17,51,1.0
3,17,52,0.9367871380058924
3,17,53,1.0
3,17,54,0.9523338081950777
3,17,55,1.0
3,17,56,1.0
3,17,57,1.0
3,17,58,1.0
3,17,59,1.0
3,17,60,1.0
3,17,61,0.8751944584791781
3,17,62,0.9523338081950777
3,17,63,0.9523338081950777
3,17,64,1.0
3,17,65,0.9523338081950777
3,17,66,0.9891455557243711
3,17,67,0.9523338081950777
3,17,68,0.9367871380058924
3,17,69,0.9367871380058924
3,17,70,0.6204283763994645
3,17,71,1.0
3,17,72,0.9573828995480018
3,17,73,1.0
3,17,74,1.0
3,17,75,1.0
3,17,76,1.0
3,17,77,0.9523338081950777
3,17,78,0.9311339636568742
3,17,79,0.9891455557243711
3,17,80,1.0
3,17,81,0.9523338081950777
3,17,82,1.0
3,17,83,0.9680522705200401
3,17,84,1.0
3,17,85,1.0
3,17,86,0.6204283763994645
3,17,87,0.6037074618114247
3,17,88,0.9523338081950777
3,17,89,0.9523338081950777
3,17,90,0.9523338081950777
3,17,91,1.0
3,17,92,1.0
3,17,93,0.8805150770730067
3,17,94,1.0
3,17,95,1.0
3,17,96,1.0
3,17,97,0.9680522705200401
3,17,98,1.0
3,17,99,1.0
3,18,19,0.9839413897351384
3,18,20,1.0
3,18,21,0.9523338081950777
3,18,22,0.9891455557243711
3,18,23,0.9891455557243711
3,18,24,0.9523338081950777
3,18,25,1.0
3,18,26,1.0
3,18,27,0.9573230526918222
3,18,28,0.9104728255044026
3,18,29,0.9367871380058924
3,18,30,0.9784236328851159
3,18,31,0.6037074618114247
3,18,32,1.0
3,18,33,0.9523338081950777
3,18,34,1.0
3,18,35,0.9104728255044026
3,18,36,0.9367871380058924
3,18,37,0.9367871380058924
3,18,38,0.6037074618114247
3,18,39,1.0
3,18,40,1.0
3,18,41,0.9680522705200401
3,18,42,1.0
3,18,43,1.0
3,18,44,0.9891455557243711
3,18,45,0.9523338081950777
3,18,46,1.0
3,18,47,1.0
3,18,48,1.0
3,18,49,1.0
3,18,50,0.9523338081950777
3,18,51,1.0
3,18,52,0.9367871380058924
3,18,53,1.0
3,18,54,0.9523338081950777
3,18,55,1.0
3,18,56,1.0
3,18,57,1.0
3,18,58,1.0
3,18,59,1.0
3,18,60,1.0
3,18,61,0.8751944584791781
3,18,62,0.9523338081950777
3,18,63,0.9523338081950777
3,18,64,1.0
3,18,65,0.9523338081950777
3,18,66,0.9891455557243711
3,18,67,0.9523338081950777
3,18,68,0.9367871380058924
3,18,69,0.9367871380058924
3,18,70,0.6204283763994645
3,18,71,1.0
3,18,72,0.9573828995480018
3,18,73,1.0
3,18,74,1.0
3,18,75,1.0
3,18,76,1.0
3,18,77,0.9523338081950777
3,18,78,0.9311339636568742
3,18,79,0.9891455557243711
3,18,80,1.0
3,18,81,0.9523338081950777
3,18,82,1.0
3,18,83,0.9680522705200401
3,18,84,1.0
3,18,85,1.0
3,18,86,0.6204283763994645
3,18,87,0.6037074618114247
3,18,88,0.9523338081950777
3,18,89,0.9523338081950777
3,18,90,0.9523338081950777
3,18,91,1.0
3,18,92,1.0
3,18,93,0.8805150770730067
3,18,94,1.0
3,18,95,1.0
3,18,96,1.0
3,18,97,0.9680522705200401
3,18,98,1.0
3,18,99,1.0
3,19,20,0.9839413897351384
3,19,21,0.9680744695357612
3,19,22,0.9730710496946114
3,19,23,0.9730710496946114
3,19,24,0.9680744695357612
3,19,25,0.9839413897351384
3,19,26,0.9839413897351384
3,19,27,0.9730883787726552
3,19,28,0.9256726578689666
3,19,29,0.9523680676500658
3,19,30,0.9623338548428441
3,19,31,0.58824793690635
3,19,32,0.9839413897351384
3,19,33,0.9680744695357612
3,19,34,0.9839413897351384
3,19,35,0.9256726578689666
3,19,36,0.9523680676500658
3,19,37,0.9523680676500658
3,19,38,0.58824793690635
3,19,39,0.9839413897351384
3,19,40,0.9839413897351384
3,19,41,0.9839521595196257
3,19,42,0.9839413897351384
3,19,43,0.9839413897351384
3,19,44,0.9730710496946114
3,19,45,0.9680744695357612
3,19,46,0.9839413897351384
3,19,47,0.9839413897351384
3,19,48,0.9839413897351384
3,19,49,0.9839413897351384
3,19,50,0.9680744695357612
3,19,51,0.9839413897351384
3,19,52,0.9523680676500658
3,19,53,0.9839413897351384
3,19,54,0.9680744695357612
3,19,55,0.9839413897351384
3,19,56,0.9839413897351384
3,19,57,0.9839413897351384
3,19,58,0.9839413897351384
3,19,59,0.9839413897351384
3,19,60,0.9839413897351384
3,19,61,0.8899619191769298
3,19,62,0.9680744695357612
3,19,63,0.9680744695357612
3,19,64,0.9839413897351384
3,19,65,0.9680744695357612
3,19,66,0.9730710496946114
3,19,67,0.9680744695357612
3,19,68,0.9523680676500658
3,19,69,0.9523680676500658
3,19,70,0.6047991462812956
3,19,71,0.9839413897351384
3,19,72,0.9412644059017911
3,19,73,0.9839413897351384
3,19,74,0.9839413897351384
3,19,75,0.9839413897351384
3,19,76,0.9839413897351384
3,19,77,0.9680744695357612
3,19,78,0.9466053571437025
3,19,79,0.9730710496946114
3,19,80,0.9839413897351384
3,19,81,0.9680744695357612
3,19,82,0.9839413897351384
3,19,83,0.9839521595196257
3,19,84,0.9839413897351384
3,19,85,0.9839413897351384
3,19,86,0.6047991462812956
3,19,87,0.58824793690635
3,19,88,0.9680744695357612
3,19,89,0.9680744695357612
3,19,90,0.9680744695357612
3,19,91,0.9839413897351384
3,19,92,0.9839413897351384
3,19,93,0.895303187835422
3,19,94,0.9839413897351384
3,19,95,0.9839413897351384
3,19,96,0.9839413897351384
3,19,97,0.9839521595196257
3,19,98,0.9839413897351384
3,19,99,0.9839413897351384
3,20,21,0.9523338081950777
3,20,22,0.9891455557243711
3,20,23,0.9891455557243711
3,20,24,0.9523338081950777
3,20,25,1.0
3,20,26,1.0
3,20,27,0.9573230526918222
3,20,28,0.9104728255044026
3,20,29,0.9367871380058924
3,20,30,0.9784236328851159
3,20,31,0.6037074618114247
3,20,32,1.0
3,20,33,0.9523338081950777
3,20,34,1.0
3,20,35,0.9104728255044026
3,20,36,0.9367871380058924
3,20,37,0.9367871380058924
3,20,38,0.6037074618114247
3,20,39,1.0
3,20,40,1.0
3,20,41,0.9680522705200401
3,20,42,1.0
3,20,43,1.0
3,20,44,0.9891455557243711
3,20,45,0.9523338081950777
3,20,46,1.0
3,20,47,1.0
3,20,48,1.0
3,20,49,1.0
3,20,50,0.9523338081950777
3,20,51,1.0
3,20,52,0.9367871380058924
3,20,53,1.0
3,20,54,0.9523338081950777
3,20,55,1.0
3,20,56,1.0
3,20,57,1.0
3,20,58,1.0
3,20,59,1.0
3,20,60,1.0
3,20,61,0.8751944584791781
3,20,62,0.9523338081950777
3,20,63,0.9523338081950777
3,20,64,1.0
3,20,65,0.9523338081950777
3,20,66,0.9891455557243711
3,20,67,0.9523338081950777
3,20,68,0.9367871380058924
3,20,69,0.9367871380058924
3,20,70,0.6204283763994645
3,20,71,1.0
3,20,72,0.9573828995480018
3,20,73,1.0
3,20,74,1.0
3,20,75,1.0
3,20,76,1.0
3,20,77,0.9523338081950777
3,20,78,0.9311339636568742
3,20,79,0.9891455557243711
3,20,80,1.0
3,20,81,0.9523338081950777
3,20,82,1.0
3,20,83,0.9680522705200401
3,20,84,1.0
3,20,85,1.0
3,20,86,0.6204283763994645
3,20,87,0.6037074618114247
3,20,88,0.9523338081950777
3,20,89,0.9523338081950777
3,20,90,0.9523338081950777
3,20,91,1.0
3,20,92,1.0
3,20,93,0.8805150770730067
3,20,94,1.0
3,20,95,1.0
3,20,96,1.0
3,20,97,0.9680522705200401
3,20,98,1.0
3,20,99,1.0
3,21,22,0.941434595040332
3,21,23,0.941434595040332
3,21,24,0.9680971173469252
3,21,25,0.9523338081950777
3,21,26,0.9523338081950777
3,21,27,0.972950298230299
3,21,28,0.9250990590029932
3,21,29,0.983975930650567
3,21,30,0.9306697932161081
3,21,31,0.5819983166040853
3,21,32,0.9523338081950777
3,21,33,0.9680971173469252
3,21,34,0.9523338081950777
3,21,35,0.9250990590029932
3,21,36,0.983975930650567
3,21,37,0.983975930650567
3,21,38,0.5819983166040853
3,21,39,0.9523338081950777
3,21,40,0.9523338081950777
3,21,41,0.9839636843303907
3,21,42,0.9523338081950777
3,21,43,0.9523338081950777
3,21,44,0.941434595040332
3,21,45,0.9680971173469252
3,21,46,0.9523338081950777
3,21,47,0.9523338081950777
3,21,48,0.9523338081950777
3,21,49,0.9523338081950777
3,21,50,0.9680971173469252
3,21,51,0.9523338081950777
3,21,52,0.983975930650567
3,21,53,0.9523338081950777
3,21,54,0.9680971173469252
3,21,55,0.9523338081950777
3,21,56,0.9523338081950777
3,21,57,0.9523338081950777
3,21,58,0.9523338081950777
3,21,59,0.9523338081950777
3,21,60,0.9523338081950777
3,21,61,0.9199478489329189
3,21,62,0.9680971173469252
3,21,63,0.9680971173469252
3,21,64,0.9523338081950777
3,21,65,0.9680971173469252
3,21,66,0.941434595040332
3,21,67,0.9680971173469252
3,21,68,0.983975930650567
3,21,69,0.983975930650567
3,21,70,0.5986880406884985
3,21,71,0.9523338081950777
3,21,72,0.9095488267284303
3,21,73,0.9523338081950777
3,21,74,0.9523338081950777
3,21,75,0.9523338081950777
3,21,76,0.9523338081950777
3,21,77,0.9680971173469252
3,21,78,0.9779935878232464
3,21,79,0.941434595040332
3,21,80,0.9523338081950777
3,21,81,0.9680971173469252
3,21,82,0.9523338081950777
3,21,83,0.9839636843303907
3,21,84,0.9523338081950777
3,21,85,0.9523338081950777
3,21,86,0.5986880406884985
3,21,87,0.5819983166040853
3,21,88,0.9680971173469252
3,21,89,0.9680971173469252
3,21,90,0.9680971173469252
3,21,91,0.9523338081950777
3,21,92,0.9523338081950777
3,21,93,0.8942830975676235
3,21,94,0.9523338081950777
3,21,95,0.9523338081950777
3,21,96,0.9523338081950777
3,21,97,0.9839636843303907
3,21,98,0.9523338081950777
3,21,99,0.9523338081950777
3,22,23,1.0
3,22,24,0.941434595040332
3,22,25,0.9891455557243711
3,22,26,0.9891455557243711
3,22,27,0.9681305633202705
3,22,28,0.9000875608276803
3,22,29,0.9258750365385108
3,22,30,0.9678308695169989
3,22,31,0.6071011702602476
3,22,32,0.9891455557243711
3,22,33,0.941434595040332
3,22,34,0.9891455557243711
3,22,35,0.9000875608276803
3,22,36,0.9258750365385108
3,22,37,0.9258750365385108
3,22,38,0.6071011702602476
3,22,39,0.9891455557243711
3,22,40,0.9891455557243711
3,22,41,0.9571669924428874
3,22,42,0.9891455557243711
3,22,43,0.9891455557243711
3,22,44,1.0
3,22,45,0.941434595040332
3,22,46,0.9891455557243711
3,22,47,0.9891455557243711
3,22,48,0.9891455557243711
3,22,49,0.9891455557243711
3,22,50,0.941434595040332
3,22,51,0.9891455557243711
3,22,52,0.9258750365385108
3,22,53,0.9891455557243711
3,22,54,0.941434595040332
3,22,55,0.9891455557243711
3,22,56,0.9891455557243711
3,22,57,0.9891455557243711
3,22,58,0.9891455557243711
3,22,59,0.9891455557243711
3,22,60,0.9891455557243711
3,22,61,0.8650487276920273
3,22,62,0.941434595040332
3,22,63,0.941434595040332
3,22,64,0.9891455557243711
3,22,65,0.941434595040332
3,22,66,1.0
3,22,67,0.941434595040332
3,22,68,0.9258750365385108
3,22,69,0.9258750365385108
3,22,70,0.624027679680727
3,22,71,0.9891455557243711
3,22,72,0.9470513648934118
3,22,73,0.9891455557243711
3,22,74,0.9891455557243711
3,22,75,0.9891455557243711
3,22,76,0.9891455557243711
3,22,77,0.941434595040332
3,22,78,0.9417575224567443
3,22,79,1.0
3,22,80,0.9891455557243711
3,22,81,0.941434595040332
3,22,82,0.9891455557243711
3,22,83,0.9571669924428874
3,22,84,0.9891455557243711
3,22,85,0.9891455557243711
3,22,86,0.624027679680727
3,22,87,0.6071011702602476
3,22,88,0.941434595040332
3,22,89,0.941434595040332
3,22,90,0.941434595040332
3,22,91,0.9891455557243711
3,22,92,0.9891455557243711
3,22,93,0.8903131233935239
3,22,94,0.9891455557243711
3,22,95,0.9891455557243711
3,22,96,0.9891455557243711
3,22,97,0.9571669924428874
3,22,98,0.9891455557243711
3,22,99,0.9891455557243711
3,23,24,0.941434595040332
3,23,25,0.9891455557243711
3,23,26,0.9891455557243711
3,23,27,0.9681305633202705
3,23,28,0.9000875608276803
3,23,29,0.9258750365385108
3,23,30,0.9678308695169989
3,23,31,0.6071011702602476
3,23,32,0.9891455557243711
3,23,33,0.941434595040332
3,23,34,0.9891455557243711
3,23,35,0.9000875608276803
3,23,36,0.9258750365385108
3,23,37,0.9258750365385108
3,23,38,0.6071011702602476
3,23,39,0.9891455557243711
3,23,40,0.9891455557243711
3,23,41,0.9571669924428874
3,23,42,0.9891455557243711
3,23,43,0.9891455557243711
3,23,44,1.0
3,23,45,0.941434595040332
3,23,46,0.9891455557243711
3,23,47,0.9891455557243711
3,23,48,0.9891455557243711
3,23,49,0.9891455557243711
3,23,50,0.941434595040332
3,23,51,0.9891455557243711
3,23,52,0.9258750365385108
3,23,53,0.9891455557243711
3,23,54,0.941434595040332
3,23,55,0.9891455557243711
3,23,56,0.9891455557243711
3,23,57,0.9891455557243711
3,23,58,0.9891455557243711
3,23,59,0.9891455557243711
3,23,60,0.9891455557243711
3,23,61,0.8650487276920273
3,23,62,0.941434595040332
3,23,63,0.941434595040332
3,23,64,0.9891455557243711
3,23,65,0.941434595040332
3,23,66,1.0
3,23,67,0.941434595040332
3,23,68,0.9258750365385108
3,23,69,0.9258750365385108
3,23,70,0.624027679680727
3,23,71,0.9891455557243711
3,23,72,0.9470513648934118
3,23,73,0.9891455557243711
3,23,74,0.9891455557243711
3,23,75,0.9891455557243711
3,23,76,0.9891455557243711
3,23,77,0.941434595040332
3,23,78,0.9417575224567443
3,23,79,1.0
3,23,80,0.9891455557243711
3,23,81,0.941434595040332
3,23,82,0.9891455557243711
3,23,83,0.9571669924428874
3,23,84,0.9891455557243711
3,23,85,0.9891455557243711
3,23,86,0.624027679680727
3,23,87,0.6071011702602476
3,23,88,0.941434595040332
3,23,89,0.941434595040332
3,23,90,0.941434595040332
3,23,91,0.9891455557243711
3,23,92,0.9891455557243711
3,23,93,0.8903131233935239
3,23,94,0.9891455557243711
3,23,95,0.9891455557243711
3,23,96,0.9891455557243711
3,23,97,0.9571669924428874
3,23,98,0.9891455557243711
3,23,99,0.9891455557243711
3,24,25,0.9523338081950777
3,24,26,0.9523338081950777
3,24,27,0.972950298230299
3,24,28,0.9565193689975002
3,24,29,0.983975930650567
3,24,30,0.9306697932161081
3,24,31,0.6024758485278354
3,24,32,0.9523338081950777
3,24,33,1.0
3,24,34,0.9523338081950777
3,24,35,0.9565193689975002
3,24,36,0.983975930650567
3,24,37,0.983975930650567
3,24,38,0.6024758485278354
3,24,39,0.9523338081950777
3,24,40,0.9523338081950777
3,24,41,0.9839636843303907
3,24,42,0.9523338081950777
3,24,43,0.9523338081950777
3,24,44,0.941434595040332
3,24,45,1.0
3,24,46,0.9523338081950777
3,24,47,0.9523338081950777
3,24,48,0.9523338081950777
3,24,49,0.9523338081950777
3,24,50,1.0
3,24,51,0.9523338081950777
3,24,52,0.983975930650567
3,24,53,0.9523338081950777
3,24,54,1.0
3,24,55,0.9523338081950777
3,24,56,0.9523338081950777
3,24,57,0.9523338081950777
3,24,58,0.9523338081950777
3,24,59,0.9523338081950777
3,24,60,0.9523338081950777
3,24,61,0.9199478489329189
3,24,62,1.0
3,24,63,1.0
3,24,64,0.9523338081950777
3,24,65,1.0
3,24,66,0.941434595040332
3,24,67,1.0
3,24,68,0.983975930650567
3,24,69,0.983975930650567
3,24,70,0.6191598248477086
3,24,71,0.9523338081950777
3,24,72,0.9095488267284303
3,24,73,0.9523338081950777
3,24,74,0.9523338081950777
3,24,75,0.9523338081950777
3,24,76,0.9523338081950777
3,24,77,1.0
3,24,78,0.9463296854106513
3,24,79,0.941434595040332
3,24,80,0.9523338081950777
3,24,81,1.0
3,24,82,0.9523338081950777
3,24,83,0.9839636843303907
3,24,84,0.9523338081950777
3,24,85,0.9523338081950777
3,24,86,0.6191598248477086
3,24,87,0.6024758485278354
3,24,88,1.0
3,24,89,1.0
3,24,90,1.0
3,24,91,0.9523338081950777
3,24,92,0.9523338081950777
3,24,93,0.9253294770470112
3,24,94,0.9523338081950777
3,24,95,0.9523338081950777
3,24,96,0.9523338081950777
3,24,97,0.9839636843303907
3,24,98,0.9523338081950777
3,24,99,0.9523338081950777
3,25,26,1.0
3,25,27,0.9573230526918222
3,25,28,0.9104728255044026
3,25,29,0.9367871380058924
3,25,30,0.9784236328851159
3,25,31,0.6037074618114247
3,25,32,1.0
3,25,33,0.9523338081950777
3,25,34,1.0
3,25,35,0.9104728255044026
3,25,36,0.9367871380058924
3,25,37,0.9367871380058924
3,25,38,0.6037074618114247
3,25,39,1.0
3,25,40,1.0
3,25,41,0.9680522705200401
3,25,42,1.0
3,25,43,1.0
3,25,44,0.9891455557243711
3,25,45,0.9523338081950777
3,25,46,1.0
3,25,47,1.0
3,25,48,1.0
3,25,49,1.0
3,25,50,0.9523338081950777
3,25,51,1.0
3,25,52,0.9367871380058924
3,25,53,1.0
3,25,54,0.9523338081950777
3,25,55,1.0
3,25,56,1.0
3,25,57,1.0
3,25,58,1.0
3,25,59,1.0
3,25,60,1.0
3,25,61,0.8751944584791781
3,25,62,0.9523338081950777
3,25,63,0.9523338081950777
3,25,64,1.0
3,25,65,0.9523338081950777
3,25,66,0.9891455557243711
3,25,67,0.9523338081950777
3,25,68,0.9367871380058924
3,25,69,0.9367871380058924
3,25,70,0.6204283763994645
3,25,71,1.0
3,25,72,0.9573828995480018
3,25,73,1.0
3,25,74,1.0
3,25,75,1.0
3,25,76,1.0
3,25,77,0.9523338081950777
3,25,78,0.9311339636568742
3,25,79,0.9891455557243711
3,25,80,1.0
3,25,81,0.9523338081950777
3,25,82,1.0
3,25,83,0.9680522705200401
3,25,84,1.0
3,25,85,1.0
3,25,86,0.6204283763994645
3,25,87,0.6037074618114247
3,25,88,0.9523338081950777
3,25,89,0.9523338081950777
3,25,90,0.9523338081950777
3,25,91,1.0
3,25,92,1.0
3,25,93,0.8805150770730067
3,25,94,1.0
3,25,95,1.0
3,25,96,1.0
3,25,97,0.9680522705200401
3,25,98,1.0
3,25,99,1.0
3,26,27,0.9573230526918222
3,26,28,0.9104728255044026
3,26,29,0.9367871380058924
3,26,30,0.9784236328851159
3,26,31,0.6037074618114247
3,26,32,1.0
3,26,33,0.9523338081950777
3,26,34,1.0
3,26,35,0.9104728255044026
3,26,36,0.9367871380058924
3,26,37,0.9367871380058924
3,26,38,0.6037074618114247
3,26,39,1.0
3,26,40,1.0
3,26,41,0.9680522705200401
3,26,42,1.0
3,26,43,1.0
3,26,44,0.9891455557243711
3,26,45,0.9523338081950777
3,26,46,1.0
3,26,47,1.0
3,26,48,1.0
3,26,49,1.0
3,26,50,0.9523338081950777
3,26,51,1.0
3,26,52,0.9367871380058924
3,26,53,1.0
3,26,54,0.9523338081950777
3,26,55,1.0
3,26,56,1.0
3,26,57,1.0
3,26,58,1.0
3,26,59,1.0
3,26,60,1.0
3,26,61,0.8751944584791781
3,26,62,0.9523338081950777
3,26,63,0.9523338081950777
3,26,64,1.0
3,26,65,0.9523338081950777
3,26,66,0.9891455557243711
3,26,67,0.9523338081950777
3,26,68,0.9367871380058924
3,26,69,0.9367871380058924
3,26,70,0.6204283763994645
3,26,71,1.0
3,26,72,0.9573828995480018
3,26,73,1.0
3,26,74,1.0
3,26,75,1.0
3,26,76,1.0
3,26,77,0.9523338081950777
3,26,78,0.9311339636568742
3,26,79,0.9891455557243711
3,26,80,1.0
3,26,81,0.9523338081950777
3,26,82,1.0
3,26,83,0.9680522705200401
3,26,84,1.0
3,26,85,1.0
3,26,86,0.6204283763994645
3,26,87,0.6037074618114247
3,26,88,0.9523338081950777
3,26,89,0.9523338081950777
3,26,90,0.9523338081950777
3,26,91,1.0
3,26,92,1.0
3,26,93,0.8805150770730067
3,26,94,1.0
3,26,95,1.0
3,26,96,1.0
3,26,97,0.9680522705200401
3,26,98,1.0
3,26,99,1.0
3,27,28,0.9305256390912717
3,27,29,0.9570705523922063
3,27,30,0.9359448902950914
3,27,31,0.6009048992494744
3,27,32,0.9573230526918222
3,27,33,0.972950298230299
3,27,34,0.9573230526918222
3,27,35,0.9305256390912717
3,27,36,0.9570705523922063
3,27,37,0.9570705523922063
3,27,38,0.6009048992494744
3,27,39,0.9573230526918222
3,27,40,0.9573230526918222
3,27,41,0.989001849164419
3,27,42,0.9573230526918222
3,27,43,0.9573230526918222
3,27,44,0.9681305633202705
3,27,45,0.972950298230299
3,27,46,0.9573230526918222
3,27,47,0.9573230526918222
3,27,48,0.9573230526918222
3,27,49,0.9573230526918222
3,27,50,0.972950298230299
3,27,51,0.9573230526918222
3,27,52,0.9570705523922063
3,27,53,0.9573230526918222
3,27,54,0.972950298230299
3,27,55,0.9573230526918222
3,27,56,0.9573230526918222
3,27,57,0.9573230526918222
3,27,58,0.9573230526918222
3,27,59,0.9573230526918222
3,27,60,0.9573230526918222
3,27,61,0.8946230849201804
3,27,62,0.972950298230299
3,27,63,0.972950298230299
3,27,64,0.9573230526918222
3,27,65,0.972950298230299
3,27,66,0.9681305633202705
3,27,67,0.972950298230299
3,27,68,0.9570705523922063
3,27,69,0.9570705523922063
3,27,70,0.617973050498021
3,27,71,0.9573230526918222
3,27,72,0.9151068236291
3,27,73,0.9573230526918222
3,27,74,0.9573230526918222
3,27,75,0.9573230526918222
3,27,76,0.9573230526918222
3,27,77,0.972950298230299
3,27,78,0.9730395382805423
3,27,79,0.9681305633202705
3,27,80,0.9573230526918222
3,27,81,0.972950298230299
3,27,82,0.9573230526918222
3,27,83,0.989001849164419
3,27,84,0.9573230526918222
3,27,85,0.9573230526918222
3,27,86,0.617973050498021
3,27,87,0.6009048992494744
3,27,88,0.972950298230299
3,27,89,0.972950298230299
3,27,90,0.972950298230299
3,27,91,0.9573230526918222
3,27,92,0.9573230526918222
3,27,93,0.9202334665541791
3,27,94,0.9573230526918222
3,27,95,0.9573230526918222
3,27,96,0.9573230526918222
3,27,97,0.989001849164419
3,27,98,0.9573230526918222
3,27,99,0.9573230526918222
3,28,29,0.9404398225028511
3,28,30,0.9312572807412068
3,28,31,0.6174200851088218
3,28,32,0.9104728255044026
3,28,33,0.9565193689975002
3,28,34,0.9104728255044026
3,28,35,1.0
3,28,36,0.9404398225028511
3,28,37,0.9404398225028511
3,28,38,0.6174200851088218
3,28,39,0.9104728255044026
3,28,40,0.9104728255044026
3,28,41,0.9410220505970287
3,28,42,0.9104728255044026
3,28,43,0.9104728255044026
3,28,44,0.9000875608276803
3,28,45,0.9565193689975002
3,28,46,0.9104728255044026
3,28,47,0.9104728255044026
3,28,48,0.9104728255044026
3,28,49,0.9104728255044026
3,28,50,0.9565193689975002
3,28,51,0.9104728255044026
3,28,52,0.9404398225028511
3,28,53,0.9104728255044026
3,28,54,0.9565193689975002
3,28,55,0.9104728255044026
3,28,56,0.9104728255044026
3,28,57,0.9104728255044026
3,28,58,0.9104728255044026
3,28,59,0.9104728255044026
3,28,60,0.9104728255044026
3,28,61,0.9620188280464637
3,28,62,0.9565193689975002
3,28,63,0.9565193689975002
3,28,64,0.9104728255044026
3,28,65,0.9565193689975002
3,28,66,0.9000875608276803
3,28,67,0.9565193689975002
3,28,68,0.9404398225028511
3,28,69,0.9404398225028511
3,28,70,0.6349295169433867
3,28,71,0.9104728255044026
3,28,72,0.9528006250516585
3,28,73,0.9104728255044026
3,28,74,0.9104728255044026
3,28,75,0.9104728255044026
3,28,76,0.9104728255044026
3,28,77,0.9565193689975002
3,28,78,0.9250466464908288
3,28,79,0.9000875608276803
3,28,80,0.9104728255044026
3,28,81,0.9565193689975002
3,28,82,0.9104728255044026
3,28,83,0.9410220505970287
3,28,84,0.9104728255044026
3,28,85,0.9104728255044026
3,28,86,0.6349295169433867
3,28,87,0.6174200851088218
3,28,88,0.9565193689975002
3,28,89,0.9565193689975002
3,28,90,0.9565193689975002
3,28,91,0.9104728255044026
3,28,92,0.9104728255044026
3,28,93,0.9668430108930837
3,28,94,0.9104728255044026
3,28,95,0.9104728255044026
3,28,96,0.9104728255044026
3,28,97,0.9410220505970287
3,28,98,0.9104728255044026
3,28,99,0.9104728255044026
3,29,30,0.9150979868456517
3,29,31,0.5869525058412247
3,29,32,0.9367871380058924
3,29,33,0.983975930650567
3,29,34,0.9367871380058924
3,29,35,0.9404398225028511
3,29,36,1.0
3,29,37,1.0
3,29,38,0.5869525058412247
3,29,39,0.9367871380058924
3,29,40,0.9367871380058924
3,29,41,0.968098138888714
3,29,42,0.9367871380058924
3,29,43,0.9367871380058924
3,29,44,0.9258750365385108
3,29,45,0.983975930650567
3,29,46,0.9367871380058924
3,29,47,0.9367871380058924
3,29,48,0.9367871380058924
3,29,49,0.9367871380058924
3,29,50,0.983975930650567
3,29,51,0.9367871380058924
3,29,52,1.0
3,29,53,0.9367871380058924
3,29,54,0.983975930650567
3,29,55,0.9367871380058924
3,29,56,0.9367871380058924
3,29,57,0.9367871380058924
3,29,58,0.9367871380058924
3,29,59,0.9367871380058924
3,29,60,0.9367871380058924
3,29,61,0.9351629235129565
3,29,62,0.983975930650567
3,29,63,0.983975930650567
3,29,64,0.9367871380058924
3,29,65,0.983975930650567
3,29,66,0.9258750365385108
3,29,67,0.983975930650567
3,29,68,1.0
3,29,69,1.0
3,29,70,0.6034640505304615
3,29,71,0.9367871380058924
3,29,72,0.8939543866762627
3,29,73,0.9367871380058924
3,29,74,0.9367871380058924
3,29,75,0.9367871380058924
3,29,76,0.9367871380058924
3,29,77,0.983975930650567
3,29,78,0.9619404427307713
3,29,79,0.9258750365385108
3,29,80,0.9367871380058924
3,29,81,0.983975930650567
3,29,82,0.9367871380058924
3,29,83,0.968098138888714
3,29,84,0.9367871380058924
3,29,85,0.9367871380058924
3,29,86,0.6034640505304615
3,29,87,0.5869525058412247
3,29,88,0.983975930650567
3,29,89,0.983975930650567
3,29,90,0.983975930650567
3,29,91,0.9367871380058924
3,29,92,0.9367871380058924
3,29,93,0.9092150867920522
3,29,94,0.9367871380058924
3,29,95,0.9367871380058924
3,29,96,0.9367871380058924
3,29,97,0.968098138888714
3,29,98,0.9367871380058924
3,29,99,0.9367871380058924
3,30,31,0.6106955899126613
3,30,32,0.9784236328851159
3,30,33,0.9306697932161081
3,30,34,0.9784236328851159
3,30,35,0.9312572807412068
3,30,36,0.9150979868456517
3,30,37,0.9150979868456517
3,30,38,0.6106955899126613
3,30,39,0.9784236328851159
3,30,40,0.9784236328851159
3,30,41,0.9464154898446295
3,30,42,0.9784236328851159
3,30,43,0.9784236328851159
3,30,44,0.9678308695169989
3,30,45,0.9306697932161081
3,30,46,0.9784236328851159
3,30,47,0.9784236328851159
3,30,48,0.9784236328851159
3,30,49,0.9784236328851159
3,30,50,0.9306697932161081
3,30,51,0.9784236328851159
3,30,52,0.9150979868456517
3,30,53,0.9784236328851159
3,30,54,0.9306697932161081
3,30,55,0.9784236328851159
3,30,56,0.9784236328851159
3,30,57,0.9784236328851159
3,30,58,0.9784236328851159
3,30,59,0.9784236328851159
3,30,60,0.9784236328851159
3,30,61,0.8952696797783395
3,30,62,0.9306697932161081
3,30,63,0.9306697932161081
3,30,64,0.9784236328851159
3,30,65,0.9306697932161081
3,30,66,0.9678308695169989
3,30,67,0.9306697932161081
3,30,68,0.9150979868456517
3,30,69,0.9150979868456517
3,30,70,0.6278275003274605
3,30,71,0.9784236328851159
3,30,72,0.9783128357753181
3,30,73,0.9784236328851159
3,30,74,0.9784236328851159
3,30,75,0.9784236328851159
3,30,76,0.9784236328851159
3,30,77,0.9306697932161081
3,30,78,0.9309585532272276
3,30,79,0.9678308695169989
3,30,80,0.9784236328851159
3,30,81,0.9306697932161081
3,30,82,0.9784236328851159
3,30,83,0.9464154898446295
3,30,84,0.9784236328851159
3,30,85,0.9784236328851159
3,30,86,0.6278275003274605
3,30,87,0.6106955899126613
3,30,88,0.9306697932161081
3,30,89,0.9306697932161081
3,30,90,0.9306697932161081
3,30,91,0.9784236328851159
3,30,92,0.9784236328851159
3,30,93,0.9003042323951761
3,30,94,0.9784236328851159
3,30,95,0.9784236328851159
3,30,96,0.9784236328851159
3,30,97,0.9464154898446295
3,30,98,0.9784236328851159
3,30,99,0.9784236328851159
3,31,32,0.6037074618114247
3,31,33,0.6024758485278354
3,31,34,0.6037074618114247
3,31,35,0.6174200851088218
3,31,36,0.5869525058412247
3,31,37,0.5869525058412247
3,31,38,1.0
3,31,39,0.6037074618114247
3,31,40,0.6037074618114247
3,31,41,0.597388954850236
3,31,42,0.6037074618114247
3,31,43,0.6037074618114247
3,31,44,0.6071011702602476
3,31,45,0.6024758485278354
3,31,46,0.6037074618114247
3,31,47,0.6037074618114247
3,31,48,0.6037074618114247
3,31,49,0.6037074618114247
3,31,50,0.6024758485278354
3,31,51,0.6037074618114247
3,31,52,0.5869525058412247
3,31,53,0.6037074618114247
3,31,54,0.6024758485278354
3,31,55,0.6037074618114247
3,31,56,0.6037074618114247
3,31,57,0.6037074618114247
3,31,58,0.6037074618114247
3,31,59,0.6037074618114247
3,31,60,0.6037074618114247
3,31,61,0.6107825459265358
3,31,62,0.6024758485278354
3,31,63,0.6024758485278354
3,31,64,0.6037074618114247
3,31,65,0.6024758485278354
3,31,66,0.6071011702602476
3,31,67,0.6024758485278354
3,31,68,0.5869525058412247
3,31,69,0.5869525058412247
3,31,70,0.9743719780886597
3,31,71,0.6037074618114247
3,31,72,0.6184897209631602
3,31,73,0.6037074618114247
3,31,74,0.6037074618114247
3,31,75,0.6037074618114247
3,31,76,0.6037074618114247
3,31,77,0.6024758485278354
3,31,78,0.5892945175852191
3,31,79,0.6071011702602476
3,31,80,0.6037074618114247
3,31,81,0.6024758485278354
3,31,82,0.6037074618114247
3,31,83,0.597388954850236
3,31,84,0.6037074618114247
3,31,85,0.6037074618114247
3,31,86,0.9743719780886597
3,31,87,1.0
3,31,88,0.6024758485278354
3,31,89,0.6024758485278354
3,31,90,0.6024758485278354
3,31,91,0.6037074618114247
3,31,92,0.6037074618114247
3,31,93,0.6307620722608794
3,31,94,0.6037074618114247
3,31,95,0.6037074618114247
3,31,96,0.6037074618114247
3,31,97,0.597388954850236
3,31,98,0.6037074618114247
3,31,99,0.6037074618114247
3,32,33,0.9523338081950777
3,32,34,1.0
3,32,35,0.9104728255044026
3,32,36,0.9367871380058924
3,32,37,0.9367871380058924
3,32,38,0.6037074618114247
3,32,39,1.0
3,32,40,1.0
3,32,41,0.9680522705200401
3,32,42,1.0
3,32,43,1.0
3,32,44,0.9891455557243711
3,32,45,0.9523338081950777
3,32,46,1.0
3,32,47,1.0
3,32,48,1.0
3,32,49,1.0
3,32,50,0.9523338081950777
3,32,51,1.0
3,32,52,0.9367871380058924
3,32,53,1.0
3,32,54,0.9523338081950777
3,32,55,1.0
3,32,56,1.0
3,32,57,1.0
3,32,58,1.0
3,32,59,1.0
3,32,60,1.0
3,32,61,0.8751944584791781
3,32,62,0.9523338081950777
3,32,63,0.9523338081950777
3,32,64,1.0
3,32,65,0.9523338081950777
3,32,66,0.9891455557243711
3,32,67,0.9523338081950777
3,32,68,0.9367871380058924
3,32,69,0.9367871380058924
3,32,70,0.6204283763994645
3,32,71,1.0
3,32,72,0.9573828995480018
3,32,73,1.0
3,32,74,1.0
3,32,75,1.0
3,32,76,1.0
3,32,77,0.9523338081950777
3,32,78,0.9311339636568742
3,32,79,0.9891455557243711
3,32,80,1.0
3,32,81,0.9523338081950777
3,32,82,1.0
3,32,83,0.9680522705200401
3,32,84,1.0
3,32,85,1.0
3,32,86,0.6204283763994645
3,32,87,0.6037074618114247
3,32,88,0.9523338081950777
3,32,89,0.9523338081950777
3,32,90,0.9523338081950777
3,32,91,1.0
3,32,92,1.0
3,32,93,0.8805150770730067
3,32,94,1.0
3,32,95,1.0
3,32,96,1.0
3,32,97,0.9680522705200401
3,32,98,1.0
3,32,99,1.0
3,33,34,0.9523338081950777
3,33,35,0.9565193689975002
3,33,36,0.983975930650567
3,33,37,0.983975930650567
3,33,38,0.6024758485278354
3,33,39,0.9523338081950777
3,33,40,0.9523338081950777
3,33,41,0.9839636843303907
3,33,42,0.9523338081950777
3,33,43,0.9523338081950777
3,33,44,0.941434595040332
3,33,45,1.0
3,33,46,0.9523338081950777
3,33,47,0.9523338081950777
3,33,48,0.9523338081950777
3,33,49,0.9523338081950777
3,33,50,1.0
3,33,51,0.9523338081950777
3,33,52,0.983975930650567
3,33,53,0.9523338081950777
3,33,54,1.0
3,33,55,0.9523338081950777
3,33,56,0.9523338081950777
3,33,57,0.9523338081950777
3,33,58,0.9523338081950777
3,33,59,0.9523338081950777
3,33,60,0.9523338081950777
3,33,61,0.9199478489329189
3,33,62,1.0
3,33,63,1.0
3,33,64,0.9523338081950777
3,33,65,1.0
3,33,66,0.941434595040332
3,33,67,1.0
3,33,68,0.983975930650567
3,33,69,0.983975930650567
3,33,70,0.6191598248477086
3,33,71,0.9523338081950777
3,33,72,0.9095488267284303
3,33,73,0.9523338081950777
3,33,74,0.9523338081950777
3,33,75,0.9523338081950777
3,33,76,0.9523338081950777
3,33,77,1.0
3,33,78,0.9463296854106513
3,33,79,0.941434595040332
3,33,80,0.9523338081950777
3,33,81,1.0
3,33,82,0.9523338081950777
3,33,83,0.9839636843303907
3,33,84,0.9523338081950777
3,33,85,0.9523338081950777
3,33,86,0.6191598248477086
3,33,87,0.6024758485278354
3,33,88,1.0
3,33,89,1.0
3,33,90,1.0
3,33,91,0.9523338081950777
3,33,92,0.9523338081950777
3,33,93,0.9253294770470112
3,33,94,0.9523338081950777
3,33,95,0.9523338081950777
3,33,96,0.9523338081950777
3,33,97,0.9839636843303907
3,33,98,0.9523338081950777
3,33,99,0.9523338081950777
3,34,35,0.9104728255044026
3,34,36,0.9367871380058924
3,34,37,0.9367871380058924
3,34,38,0.6037074618114247
3,34,39,1.0
3,34,40,1.0
3,34,41,0.9680522705200401
3,34,42,1.0
3,34,43,1.0
3,34,44,0.9891455557243711
3,34,45,0.9523338081950777
3,34,46,1.0
3,34,47,1.0
3,34,48,1.0
3,34,49,1.0
3,34,50,0.9523338081950777
3,34,51,1.0
3,34,52,0.9367871380058924
3,34,53,1.0
3,34,54,0.9523338081950777
3,34,55,1.0
3,34,56,1.0
3,34,57,1.0
3,34,58,1.0
3,34,59,1.0
3,34,60,1.0
3,34,61,0.8751944584791781
3,34,62,0.9523338081950777
3,34,63,0.9523338081950777
3,34,64,1.0
3,34,65,0.9523338081950777
3,34,66,0.9891455557243711
3,34,67,0.9523338081950777
3,34,68,0.9367871380058924
3,34,69,0.9367871380058924
3,34,70,0.6204283763994645
3,34,71,1.0
3,34,72,0.9573828995480018
3,34,73,1.0
3,34,74,1.0
3,34,75,1.0
3,34,76,1.0
3,34,77,0.9523338081950777
3,34,78,0.9311339636568742
3,34,79,0.9891455557243711
3,34,80,1.0
3,34,81,0.9523338081950777
3,34,82,1.0
3,34,83,0.9680522705200401
3,34,84,1.0
3,34,85,1.0
3,34,86,0.6204283763994645
3,34,87,0.6037074618114247
3,34,88,0.9523338081950777
3,34,89,0.9523338081950777
3,34,90,0.9523338081950777
3,34,91,1.0
3,34,92,1.0
3,34,93,0.8805150770730067
3,34,94,1.0
3,34,95,1.0
3,34,96,1.0
3,34,97,0.9680522705200401
3,34,98,1.0
3,34,99,1.0
3,35,36,0.9404398225028511
3,35,37,0.9404398225028511
3,35,38,0.6174200851088218
3,35,39,0.9104728255044026
3,35,40,0.9104728255044026
3,35,41,0.9410220505970287
3,35,42,0.9104728255044026
3,35,43,0.9104728255044026
3,35,44,0.9000875608276803
3,35,45,0.9565193689975002
3,35,46,0.9104728255044026
3,35,47,0.9104728255044026
3,35,48,0.9104728255044026
3,35,49,0.9104728255044026
3,35,50,0.9565193689975002
3,35,51,0.9104728255044026
3,35,52,0.9404398225028511
3,35,53,0.9104728255044026
3,35,54,0.9565193689975002
3,35,55,0.9104728255044026
3,35,56,0.9104728255044026
3,35,57,0.9104728255044026
3,35,58,0.9104728255044026
3,35,59,0.9104728255044026
3,35,60,0.9104728255044026
3,35,61,0.9620188280464637
3,35,62,0.9565193689975002
3,35,63,0.9565193689975002
3,35,64,0.9104728255044026
3,35,65,0.9565193689975002
3,35,66,0.9000875608276803
3,35,67,0.9565193689975002
3,35,68,0.9404398225028511
3,35,69,0.9404398225028511
3,35,70,0.6349295169433867
3,35,71,0.9104728255044026
3,35,72,0.9528006250516585
3,35,73,0.9104728255044026
3,35,74,0.9104728255044026
3,35,75,0.9104728255044026
3,35,76,0.9104728255044026
3,35,77,0.9565193689975002
3,35,78,0.9250466464908288
3,35,79,0.9000875608276803
3,35,80,0.9104728255044026
3,35,81,0.9565193689975002
3,35,82,0.9104728255044026
3,35,83,0.9410220505970287
3,35,84,0.9104728255044026
3,35,85,0.9104728255044026
3,35,86,0.6349295169433867
3,35,87,0.6174200851088218
3,35,88,0.9565193689975002
3,35,89,0.9565193689975002
3,35,90,0.9565193689975002
3,35,91,0.9104728255044026
3,35,92,0.9104728255044026
3,35,93,0.9668430108930837
3,35,94,0.9104728255044026
3,35,95,0.9104728255044026
3,35,96,0.9104728255044026
3,35,97,0.9410220505970287
3,35,98,0.9104728255044026
3,35,99,0.9104728255044026
3,36,37,1.0
3,36,38,0.5869525058412247
3,36,39,0.9367871380058924
3,36,40,0.9367871380058924
3,36,41,0.968098138888714
3,36,42,0.9367871380058924
3,36,43,0.9367871380058924
3,36,44,0.9258750365385108
3,36,45,0.983975930650567
3,36,46,0.9367871380058924
3,36,47,0.9367871380058924
3,36,48,0.9367871380058924
3,36,49,0.9367871380058924
3,36,50,0.983975930650567
3,36,51,0.9367871380058924
3,36,52,1.0
3,36,53,0.9367871380058924
3,36,54,0.983975930650567
3,36,55,0.9367871380058924
3,36,56,0.9367871380058924
3,36,57,0.9367871380058924
3,36,58,0.9367871380058924
3,36,59,0.9367871380058924
3,36,60,0.9367871380058924
3,36,61,0.9351629235129565
3,36,62,0.983975930650567
3,36,63,0.983975930650567
3,36,64,0.9367871380058924
3,36,65,0.983975930650567
3,36,66,0.9258750365385108
3,36,67,0.983975930650567
3,36,68,1.0
3,36,69,1.0
3,36,70,0.6034640505304615
3,36,71,0.9367871380058924
3,36,72,0.8939543866762627
3,36,73,0.9367871380058924
3,36,74,0.9367871380058924
3,36,75,0.9367871380058924
3,36,76,0.9367871380058924
3,36,77,0.983975930650567
3,36,78,0.9619404427307713
3,36,79,0.9258750365385108
3,36,80,0.9367871380058924
3,36,81,0.983975930650567
3,36,82,0.9367871380058924
3,36,83,0.968098138888714
3,36,84,0.9367871380058924
3,36,85,0.9367871380058924
3,36,86,0.6034640505304615
3,36,87,0.5869525058412247
3,36,88,0.983975930650567
3,36,89,0.983975930650567
3,36,90,0.983975930650567
3,36,91,0.9367871380058924
3,36,92,0.9367871380058924
3,36,93,0.9092150867920522
3,36,94,0.9367871380058924
3,36,95,0.9367871380058924
3,36,96,0.9367871380058924
3,36,97,0.968098138888714
3,36,98,0.9367871380058924
3,36,99,0.9367871380058924
3,37,38,0.5869525058412247
3,37,39,0.9367871380058924
3,37,40,0.9367871380058924
3,37,41,0.968098138888714
3,37,42,0.9367871380058924
3,37,43,0.9367871380058924
3,37,44,0.9258750365385108
3,37,45,0.983975930650567
3,37,46,0.9367871380058924
3,37,47,0.9367871380058924
3,37,48,0.9367871380058924
3,37,49,0.9367871380058924
3,37,50,0.983975930650567
3,37,51,0.9367871380058924
3,37,52,1.0
3,37,53,0.9367871380058924
3,37,54,0.983975930650567
3,37,55,0.9367871380058924
3,37,56,0.9367871380058924
3,37,57,0.9367871380058924
3,37,58,0.9367871380058924
3,37,59,0.9367871380058924
3,37,60,0.9367871380058924
3,37,61,0.9351629235129565
3,37,62,0.983975930650567
3,37,63,0.983975930650567
3,37,64,0.9367871380058924
3,37,65,0.983975930650567
3,37,66,0.9258750365385108
3,37,67,0.983975930650567
3,37,68,1.0
3,37,69,1.0
3,37,70,0.6034640505304615
3,37,71,0.9367871380058924
3,37,72,0.8939543866762627
3,37,73,0.9367871380058924
3,37,74,0.9367871380058924
3,37,75,0.9367871380058924
3,37,76,0.9367871380058924
3,37,77,0.983975930650567
3,37,78,0.9619404427307713
3,37,79,0.9258750365385108
3,37,80,0.9367871380058924
3,37,81,0.983975930650567
3,37,82,0.9367871380058924
3,37,83,0.968098138888714
3,37,84,0.9367871380058924
3,37,85,0.9367871380058924
3,37,86,0.6034640505304615
3,37,87,0.5869525058412247
3,37,88,0.983975930650567
3,37,89,0.983975930650567
3,37,90,0.983975930650567
3,37,91,0.9367871380058924
3,37,92,0.9367871380058924
3,37,93,0.9092150867920522
3,37,94,0.9367871380058924
3,37,95,0.9367871380058924
3,37,96,0.9367871380058924
3,37,97,0.968098138888714
3,37,98,0.9367871380058924
3,37,99,0.9367871380058924
3,38,39,0.6037074618114247
3,38,40,0.6037074618114247
3,38,41,0.597388954850236
3,38,42,0.6037074618114247
3,38,43,0.6037074618114247
3,38,44,0.6071011702602476
3,38,45,0.6024758485278354
3,38,46,0.6037074618114247
3,38,47,0.6037074618114247
3,38,48,0.6037074618114247
3,38,49,0.6037074618114247
3,38,50,0.6024758485278354
3,38,51,0.6037074618114247
3,38,52,0.5869525058412247
3,38,53,0.6037074618114247
3,38,54,0.6024758485278354
3,38,55,0.6037074618114247
3,38,56,0.6037074618114247
3,38,57,0.6037074618114247
3,38,58,0.6037074618114247
3,38,59,0.6037074618114247
3,38,60,0.6037074618114247
3,38,61,0.6107825459265358
3,38,62,0.6024758485278354
3,38,63,0.6024758485278354
3,38,64,0.6037074618114247
3,38,65,0.6024758485278354
3,38,66,0.6071011702602476
3,38,67,0.6024758485278354
3,38,68,0.5869525058412247
3,38,69,0.5869525058412247
3,38,70,0.9743719780886597
3,38,71,0.6037074618114247
3,38,72,0.6184897209631602
3,38,73,0.6037074618114247
3,38,74,0.6037074618114247
3,38,75,0.6037074618114247
3,38,76,0.6037074618114247
3,38,77,0.6024758485278354
3,38,78,0.5892945175852191
3,38,79,0.6071011702602476
3,38,80,0.6037074618114247
3,38,81,0.6024758485278354
3,38,82,0.6037074618114247
3,38,83,0.597388954850236
3,38,84,0.6037074618114247
3,38,85,0.6037074618114247
3,38,86,0.9743719780886597
3,38,87,1.0
3,38,88,0.6024758485278354
3,38,89,0.6024758485278354
3,38,90,0.6024758485278354
3,38,91,0.6037074618114247
3,38,92,0.6037074618114247
3,38,93,0.6307620722608794
3,38,94,0.6037074618114247
3,38,95,0.6037074618114247
3,38,96,0.6037074618114247
3,38,97,0.597388954850236
3,38,98,0.6037074618114247
3,38,99,0.6037074618114247
3,39,40,1.0
3,39,41,0.9680522705200401
3,39,42,1.0
3,39,43,1.0
3,39,44,0.9891455557243711
3,39,45,0.9523338081950777
3,39,46,1.0
3,39,47,1.0
3,39,48,1.0
3,39,49,1.0
3,39,50,0.9523338081950777
3,39,51,1.0
3,39,52,0.9367871380058924
3,39,53,1.0
3,39,54,0.9523338081950777
3,39,55,1.0
3,39,56,1.0
3,39,57,1.0
3,39,58,1.0
3,39,59,1.0
3,39,60,1.0
3,39,61,0.8751944584791781
3,39,62,0.9523338081950777
3,39,63,0.9523338081950777
3,39,64,1.0
3,39,65,0.9523338081950777
3,39,66,0.9891455557243711
3,39,67,0.9523338081950777
3,39,68,0.9367871380058924
3,39,69,0.9367871380058924
3,39,70,0.6204283763994645
3,39,71,1.0
3,39,72,0.9573828995480018
3,39,73,1.0
3,39,74,1.0
3,39,75,1.0
3,39,76,1.0
3,39,77,0.9523338081950777
3,39,78,0.9311339636568742
3,39,79,0.9891455557243711
3,39,80,1.0
3,39,81,0.9523338081950777
3,39,82,1.0
3,39,83,0.9680522705200401
3,39,84,1.0
3,39,85,1.0
3,39,86,0.6204283763994645
3,39,87,0.6037074618114247
3,39,88,0.9523338081950777
3,39,89,0.9523338081950777
3,39,90,0.9523338081950777
3,39,91,1.0
3,39,92,1.0
3,39,93,0.8805150770730067
3,39,94,1.0
3,39,95,1.0
3,39,96,1.0
3,39,97,0.9680522705200401
3,39,98,1.0
3,39,99,1.0
3,40,41,0.9680522705200401
3,40,42,1.0
3,40,43,1.0
3,40,44,0.9891455557243711
3,40,45,0.9523338081950777
3,40,46,1.0
3,40,47,1.0
3,40,48,1.0
3,40,49,1.0
3,40,50,0.9523338081950777
3,40,51,1.0
3,40,52,0.9367871380058924
3,40,53,1.0
3,40,54,0.9523338081950777
3,40,55,1.0
3,40,56,1.0
3,40,57,1.0
3,40,58,1.0
3,40,59,1.0
3,40,60,1.0
3,40,61,0.8751944584791781
3,40,62,0.9523338081950777
3,40,63,0.9523338081950777
3,40,64,1.0
3,40,65,0.9523338081950777
3,40,66,0.9891455557243711
3,40,67,0.9523338081950777
3,40,68,0.9367871380058924
3,40,69,0.9367871380058924
3,40,70,0.6204283763994645
3,40,71,1.0
3,40,72,0.9573828995480018
3,40,73,1.0
3,40,74,1.0
3,40,75,1.0
3,40,76,1.0
3,40,77,0.9523338081950777
3,40,78,0.9311339636568742
3,40,79,0.9891455557243711
3,40,80,1.0
3,40,81,0.9523338081950777
3,40,82,1.0
3,40,83,0.9680522705200401
3,40,84,1.0
3,40,85,1.0
3,40,86,0.6204283763994645
3,40,87,0.6037074618114247
3,40,88,0.9523338081950777
3,40,89,0.9523338081950777
3,40,90,0.9523338081950777
3,40,91,1.0
3,40,92,1.0
3,40,93,0.8805150770730067
3,40,94,1.0
3,40,95,1.0
3,40,96,1.0
3,40,97,0.9680522705200401
3,40,98,1.0
3,40,99,1.0
3,41,42,0.9680522705200401
3,41,43,0.9680522705200401
3,41,44,0.9571669924428874
3,41,45,0.9839636843303907
3,41,46,0.9680522705200401
3,41,47,0.9680522705200401
3,41,48,0.9680522705200401
3,41,49,0.9680522705200401
3,41,50,0.9839636843303907
3,41,51,0.9680522705200401
3,41,52,0.968098138888714
3,41,53,0.9680522705200401
3,41,54,0.9839636843303907
3,41,55,0.9680522705200401
3,41,56,0.9680522705200401
3,41,57,0.9680522705200401
3,41,58,0.9680522705200401
3,41,59,0.9680522705200401
3,41,60,0.9680522705200401
3,41,61,0.904880277247207
3,41,62,0.9839636843303907
3,41,63,0.9839636843303907
3,41,64,0.9680522705200401
3,41,65,0.9839636843303907
3,41,66,0.9571669924428874
3,41,67,0.9839636843303907
3,41,68,0.968098138888714
3,41,69,0.968098138888714
3,41,70,0.6142503785297339
3,41,71,0.9680522705200401
3,41,72,0.9253192680082887
3,41,73,0.9680522705200401
3,41,74,0.9680522705200401
3,41,75,0.9680522705200401
3,41,76,0.9680522705200401
3,41,77,0.9839636843303907
3,41,78,0.9622257477813194
3,41,79,0.9571669924428874
3,41,80,0.9680522705200401
3,41,81,0.9839636843303907
3,41,82,0.9680522705200401
3,41,83,1.0
3,41,84,0.9680522705200401
3,41,85,0.9680522705200401
3,41,86,0.6142503785297339
3,41,87,0.597388954850236
3,41,88,0.9839636843303907
3,41,89,0.9839636843303907
3,41,90,0.9839636843303907
3,41,91,0.9680522705200401
3,41,92,0.9680522705200401
3,41,93,0.9102419044737843
3,41,94,0.9680522705200401
3,41,95,0.9680522705200401
3,41,96,0.9680522705200401
3,41,97,1.0
3,41,98,0.9680522705200401
3,41,99,0.9680522705200401
3,42,43,1.0
3,42,44,0.9891455557243711
3,42,45,0.9523338081950777
3,42,46,1.0
3,42,47,1.0
3,42,48,1.0
3,42,49,1.0
3,42,50,0.9523338081950777
3,42,51,1.0
3,42,52,0.9367871380058924
3,42,53,1.0
3,42,54,0.9523338081950777
3,42,55,1.0
3,42,56,1.0
3,42,57,1.0
3,42,58,1.0
3,42,59,1.0
3,42,60,1.0
3,42,61,0.8751944584791781
3,42,62,0.9523338081950777
3,42,63,0.9523338081950777
3,42,64,1.0
3,42,65,0.9523338081950777
3,42,66,0.9891455557243711
3,42,67,0.9523338081950777
3,42,68,0.9367871380058924
3,42,69,0.9367871380058924
3,42,70,0.6204283763994645
3,42,71,1.0
3,42,72,0.9573828995480018
3,42,73,1.0
3,42,74,1.0
3,42,75,1.0
3,42,76,1.0
3,42,77,0.9523338081950777
3,42,78,0.9311339636568742
3,42,79,0.9891455557243711
3,42,80,1.0
3,42,81,0.9523338081950777
3,42,82,1.0
3,42,83,0.9680522705200401
3,42,84,1.0
3,42,85,1.0
3,42,86,0.6204283763994645
3,42,87,0.6037074618114247
3,42,88,0.9523338081950777
3,42,89,0.9523338081950777
3,42,90,0.9523338081950777
3,42,91,1.0
3,42,92,1.0
3,42,93,0.8805150770730067
3,42,94,1.0
3,42,95,1.0
3,42,96,1.0
3,42,97,0.9680522705200401
3,42,98,1.0
3,42,99,1.0
3,43,44,0.9891455557243711
3,43,45,0.9523338081950777
3,43,46,1.0
3,43,47,1.0
3,43,48,1.0
3,43,49,1.0
3,43,50,0.9523338081950777
3,43,51,1.0
3,43,52,0.9367871380058924
3,43,53,1.0
3,43,54,0.9523338081950777
3,43,55,1.0
3,43,56,1.0
3,43,57,1.0
3,43,58,1.0
3,43,59,1.0
3,43,60,1.0
3,43,61,0.8751944584791781
3,43,62,0.9523338081950777
3,43,63,0.9523338081950777
3,43,64,1.0
3,43,65,0.9523338081950777
3,43,66,0.9891455557243711
3,43,67,0.9523338081950777
3,43,68,0.9367871380058924
3,43,69,0.9367871380058924
3,43,70,0.6204283763994645
3,43,71,1.0
3,43,72,0.9573828995480018
3,43,73,1.0
3,43,74,1.0
3,43,75,1.0
3,43,76,1.0
3,43,77,0.9523338081950777
3,43,78,0.9311339636568742
3,43,79,0.9891455557243711
3,43,80,1.0
3,43,81,0.9523338081950777
3,43,82,1.0
3,43,83,0.9680522705200401
3,43,84,1.0
3,43,85,1.0
3,43,86,0.6204283763994645
3,43,87,0.6037074618114247
3,43,88,0.9523338081950777
3,43,89,0.9523338081950777
3,43,90,0.9523338081950777
3,43,91,1.0
3,43,92,1.0
3,43,93,0.8805150770730067
3,43,94,1.0
3,43,95,1.0
3,43,96,1.0
3,43,97,0.9680522705200401
3,43,98,1.0
3,43,99,1.0
3,44,45,0.941434595040332
3,44,46,0.9891455557243711
3,44,47,0.9891455557243711
3,44,48,0.9891455557243711
3,44,49,0.9891455557243711
3,44,50,0.941434595040332
3,44,51,0.9891455557243711
3,44,52,0.9258750365385108
3,44,53,0.9891455557243711
3,44,54,0.941434595040332
3,44,55,0.9891455557243711
3,44,56,0.9891455557243711
3,44,57,0.9891455557243711
3,44,58,0.9891455557243711
3,44,59,0.9891455557243711
3,44,60,0.9891455557243711
3,44,61,0.8650487276920273
3,44,62,0.941434595040332
3,44,63,0.941434595040332
3,44,64,0.9891455557243711
3,44,65,0.941434595040332
3,44,66,1.0
3,44,67,0.941434595040332
3,44,68,0.9258750365385108
3,44,69,0.9258750365385108
3,44,70,0.624027679680727
3,44,71,0.9891455557243711
3,44,72,0.9470513648934118
3,44,73,0.9891455557243711
3,44,74,0.9891455557243711
3,44,75,0.9891455557243711
3,44,76,0.9891455557243711
3,44,77,0.941434595040332
3,44,78,0.9417575224567443
3,44,79,1.0
3,44,80,0.9891455557243711
3,44,81,0.941434595040332
3,44,82,0.9891455557243711
3,44,83,0.9571669924428874
3,44,84,0.9891455557243711
3,44,85,0.9891455557243711
3,44,86,0.624027679680727
3,44,87,0.6071011702602476
3,44,88,0.941434595040332
3,44,89,0.941434595040332
3,44,90,0.941434595040332
3,44,91,0.9891455557243711
3,44,92,0.9891455557243711
3,44,93,0.8903131233935239
3,44,94,0.9891455557243711
3,44,95,0.9891455557243711
3,44,96,0.9891455557243711
3,44,97,0.9571669924428874
3,44,98,0.9891455557243711
3,44,99,0.9891455557243711
3,45,46,0.9523338081950777
3,45,47,0.9523338081950777
3,45,48,0.9523338081950777
3,45,49,0.9523338081950777
3,45,50,1.0
3,45,51,0.9523338081950777
3,45,52,0.983975930650567
3,45,53,0.9523338081950777
3,45,54,1.0
3,45,55,0.9523338081950777
3,45,56,0.9523338081950777
3,45,57,0.9523338081950777
3,45,58,0.9523338081950777
3,45,59,0.9523338081950777
3,45,60,0.9523338081950777
3,45,61,0.9199478489329189
3,45,62,1.0
3,45,63,1.0
3,45,64,0.9523338081950777
3,45,65,1.0
3,45,66,0.941434595040332
3,45,67,1.0
3,45,68,0.983975930650567
3,45,69,0.983975930650567
3,45,70,0.6191598248477086
3,45,71,0.9523338081950777
3,45,72,0.9095488267284303
3,45,73,0.9523338081950777
3,45,74,0.9523338081950777
3,45,75,0.9523338081950777
3,45,76,0.9523338081950777
3,45,77,1.0
3,45,78,0.9463296854106513
3,45,79,0.941434595040332
3,45,80,0.9523338081950777
3,45,81,1.0
3,45,82,0.9523338081950777
3,45,83,0.9839636843303907
3,45,84,0.9523338081950777
3,45,85,0.9523338081950777
3,45,86,0.6191598248477086
3,45,87,0.6024758485278354
3,45,88,1.0
3,45,89,1.0
3,45,90,1.0
3,45,91,0.9523338081950777
3,45,92,0.9523338081950777
3,45,93,0.9253294770470112
3,45,94,0.9523338081950777
3,45,95,0.9523338081950777
3,45,96,0.9523338081950777
3,45,97,0.9839636843303907
3,45,98,0.9523338081950777
3,45,99,0.9523338081950777
3,46,47,1.0
3,46,48,1.0
3,46,49,1.0
3,46,50,0.9523338081950777
3,46,51,1.0
3,46,52,0.9367871380058924
3,46,53,1.0
3,46,54,0.9523338081950777
3,46,55,1.0
3,46,56,1.0
3,46,57,1.0
3,46,58,1.0
3,46,59,1.0
3,46,60,1.0
3,46,61,0.8751944584791781
3,46,62,0.9523338081950777
3,46,63,0.9523338081950777
3,46,64,1.0
3,46,65,0.9523338081950777
3,46,66,0.9891455557243711
3,46,67,0.9523338081950777
3,46,68,0.9367871380058924
3,46,69,0.9367871380058924
3,46,70,0.6204283763994645
3,46,71,1.0
3,46,72,0.9573828995480018
3,46,73,1.0
3,46,74,1.0
3,46,75,1.0
3,46,76,1.0
3,46,77,0.9523338081950777
3,46,78,0.9311339636568742
3,46,79,0.9891455557243711
3,46,80,1.0
3,46,81,0.9523338081950777
3,46,82,1.0
3,46,83,0.9680522705200401
3,46,84,1.0
3,46,85,1.0
3,46,86,0.6204283763994645
3,46,87,0.6037074618114247
3,46,88,0.9523338081950777
3,46,89,0.9523338081950777
3,46,90,0.9523338081950777
3,46,91,1.0
3,46,92,1.0
3,46,93,0.8805150770730067
3,46,94,1.0
3,46,95,1.0
3,46,96,1.0
3,46,97,0.9680522705200401
3,46,98,1.0
3,46,99,1.0
3,47,48,1.0
3,47,49,1.0
3,47,50,0.9523338081950777
3,47,51,1.0
3,47,52,0.9367871380058924
3,47,53,1.0
3,47,54,0.9523338081950777
3,47,55,1.0
3,47,56,1.0
3,47,57,1.0
3,47,58,1.0
3,47,59,1.0
3,47,60,1.0
3,47,61,0.8751944584791781
3,47,62,0.9523338081950777
3,47,63,0.9523338081950777
3,47,64,1.0
3,47,65,0.9523338081950777
3,47,66,0.9891455557243711
3,47,67,0.9523338081950777
3,47,68,0.9367871380058924
3,47,69,0.9367871380058924
3,47,70,0.6204283763994645
3,47,71,1.0
3,47,72,0.9573828995480018
3,47,73,1.0
3,47,74,1.0
3,47,75,1.0
3,47,76,1.0
3,47,77,0.9523338081950777
3,47,78,0.9311339636568742
3,47,79,0.9891455557243711
3,47,80,1.0
3,47,81,0.9523338081950777
3,47,82,1.0
3,47,83,0.9680522705200401
3,47,84,1.0
3,47,85,1.0
3,47,86,0.6204283763994645
3,47,87,0.6037074618114247
3,47,88,0.9523338081950777
3,47,89,0.9523338081950777
3,47,90,0.9523338081950777
3,47,91,1.0
3,47,92,1.0
3,47,93,0.8805150770730067
3,47,94,1.0
3,47,95,1.0
3,47,96,1.0
3,47,97,0.9680522705200401
3,47,98,1.0
3,47,99,1.0
3,48,49,1.0
3,48,50,0.9523338081950777
3,48,51,1.0
3,48,52,0.9367871380058924
3,48,53,1.0
3,48,54,0.9523338081950777
3,48,55,1.0
3,48,56,1.0
3,48,57,1.0
3,48,58,1.0
3,48,59,1.0
3,48,60,1.0
3,48,61,0.8751944584791781
3,48,62,0.9523338081950777
3,48,63,0.9523338081950777
3,48,64,1.0
3,48,65,0.9523338081950777
3,48,66,0.9891455557243711
3,48,67,0.9523338081950777
3,48,68,0.9367871380058924
3,48,69,0.9367871380058924
3,48,70,0.6204283763994645
3,48,71,1.0
3,48,72,0.9573828995480018
3,48,73,1.0
3,48,74,1.0
3,48,75,1.0
3,48,76,1.0
3,48,77,0.9523338081950777
3,48,78,0.9311339636568742
3,48,79,0.9891455557243711
3,48,80,1.0
3,48,81,0.9523338081950777
3,48,82,1.0
3,48,83,0.9680522705200401
3,48,84,1.0
3,48,85,1.0
3,48,86,0.6204283763994645
3,48,87,0.6037074618114247
3,48,88,0.9523338081950777
3,48,89,0.9523338081950777
3,48,90,0.9523338081950777
3,48,91,1.0
3,48,92,1.0
3,48,93,0.8805150770730067
3,48,94,1.0
3,48,95,1.0
3,48,96,1.0
3,48,97,0.9680522705200401
3,48,98,1.0
3,48,99,1.0
3,49,50,0.9523338081950777
3,49,51,1.0
3,49,52,0.9367871380058924
3,49,53,1.0
3,49,54,0.9523338081950777
3,49,55,1.0
3,49,56,1.0
3,49,57,1.0
3,49,58,1.0
3,49,59,1.0
3,49,60,1.0
3,49,61,0.8751944584791781
3,49,62,0.9523338081950777
3,49,63,0.9523338081950777
3,49,64,1.0
3,49,65,0.9523338081950777
3,49,66,0.9891455557243711
3,49,67,0.9523338081950777
3,49,68,0.9367871380058924
3,49,69,0.9367871380058924
3,49,70,0.6204283763994645
3,49,71,1.0
3,49,72,0.9573828995480018
3,49,73,1.0
3,49,74,1.0
3,49,75,1.0
3,49,76,1.0
3,49,77,0.9523338081950777
3,49,78,0.9311339636568742
3,49,79,0.9891455557243711
3,49,80,1.0
3,49,81,0.9523338081950777
3,49,82,1.0
3,49,83,0.9680522705200401
3,49,84,1.0
3,49,85,1.0
3,49,86,0.6204283763994645
3,49,87,0.6037074618114247
3,49,88,0.9523338081950777
3,49,89,0.9523338081950777
3,49,90,0.9523338081950777
3,49,91,1.0
3,49,92,1.0
3,49,93,0.8805150770730067
3,49,94,1.0
3,49,95,1.0
3,49,96,1.0
3,49,97,0.9680522705200401
3,49,98,1.0
3,49,99,1.0
3,50,51,0.9523338081950777
3,50,52,0.983975930650567
3,50,53,0.9523338081950777
3,50,54,1.0
3,50,55,0.9523338081950777
3,50,56,0.9523338081950777
3,50,57,0.9523338081950777
3,50,58,0.9523338081950777
3,50,59,0.9523338081950777
3,50,60,0.9523338081950777
3,50,61,0.9199478489329189
3,50,62,1.0
3,50,63,1.0
3,50,64,0.9523338081950777
3,50,65,1.0
3,50,66,0.941434595040332
3,50,67,1.0
3,50,68,0.983975930650567
3,50,69,0.983975930650567
3,50,70,0.6191598248477086
3,50,71,0.9523338081950777
3,50,72,0.9095488267284303
3,50,73,0.9523338081950777
3,50,74,0.9523338081950777
3,50,75,0.9523338081950777
3,50,76,0.9523338081950777
3,50,77,1.0
3,50,78,0.9463296854106513
3,50,79,0.941434595040332
3,50,80,0.9523338081950777
3,50,81,1.0
3,50,82,0.9523338081950777
3,50,83,0.9839636843303907
3,50,84,0.9523338081950777
3,50,85,0.9523338081950777
3,50,86,0.6191598248477086
3,50,87,0.6024758485278354
3,50,88,1.0
3,50,89,1.0
3,50,90,1.0
3,50,91,0.9523338081950777
3,50,92,0.9523338081950777
3,50,93,0.9253294770470112
3,50,94,0.9523338081950777
3,50,95,0.9523338081950777
3,50,96,0.9523338081950777
3,50,97,0.9839636843303907
3,50,98,0.9523338081950777
3,50,99,0.9523338081950777
3,51,52,0.9367871380058924
3,51,53,1.0
3,51,54,0.9523338081950777
3,51,55,1.0
3,51,56,1.0
3,51,57,1.0
3,51,58,1.0
3,51,59,1.0
3,51,60,1.0
3,51,61,0.8751944584791781
3,51,62,0.9523338081950777
3,51,63,0.9523338081950777
3,51,64,1.0
3,51,65,0.9523338081950777
3,51,66,0.9891455557243711
3,51,67,0.9523338081950777
3,51,68,0.9367871380058924
3,51,69,0.9367871380058924
3,51,70,0.6204283763994645
3,51,71,1.0
3,51,72,0.9573828995480018
3,51,73,1.0
3,51,74,1.0
3,51,75,1.0
3,51,76,1.0
3,51,77,0.9523338081950777
3,51,78,0.9311339636568742
3,51,79,0.9891455557243711
3,51,80,1.0
3,51,81,0.9523338081950777
3,51,82,1.0
3,51,83,0.9680522705200401
3,51,84,1.0
3,51,85,1.0
3,51,86,0.6204283763994645
3,51,87,0.6037074618114247
3,51,88,0.9523338081950777
3,51,89,0.9523338081950777
3,51,90,0.9523338081950777
3,51,91,1.0
3,51,92,1.0
3,51,93,0.8805150770730067
3,51,94,1.0
3,51,95,1.0
3,51,96,1.0
3,51,97,0.9680522705200401
3,51,98,1.0
3,51,99,1.0
3,52,53,0.9367871380058924
3,52,54,0.983975930650567
3,52,55,0.9367871380058924
3,52,56,0.9367871380058924
3,52,57,0.9367871380058924
3,52,58,0.9367871380058924
3,52,59,0.9367871380058924
3,52,60,0.9367871380058924
3,52,61,0.9351629235129565
3,52,62,0.983975930650567
3,52,63,0.983975930650567
3,52,64,0.9367871380058924
3,52,65,0.983975930650567
3,52,66,0.9258750365385108
3,52,67,0.983975930650567
3,52,68,1.0
3,52,69,1.0
3,52,70,0.6034640505304615
3,52,71,0.9367871380058924
3,52,72,0.8939543866762627
3,52,73,0.9367871380058924
3,52,74,0.9367871380058924
3,52,75,0.9367871380058924
3,52,76,0.9367871380058924
3,52,77,0.983975930650567
3,52,78,0.9619404427307713
3,52,79,0.9258750365385108
3,52,80,0.9367871380058924
3,52,81,0.983975930650567
3,52,82,0.9367871380058924
3,52,83,0.968098138888714
3,52,84,0.9367871380058924
3,52,85,0.9367871380058924
3,52,86,0.6034640505304615
3,52,87,0.5869525058412247
3,52,88,0.983975930650567
3,52,89,0.983975930650567
3,52,90,0.983975930650567
3,52,91,0.9367871380058924
3,52,92,0.9367871380058924
3,52,93,0.9092150867920522
3,52,94,0.9367871380058924
3,52,95,0.9367871380058924
3,52,96,0.9367871380058924
3,52,97,0.968098138888714
3,52,98,0.9367871380058924
3,52,99,0.9367871380058924
3,53,54,0.9523338081950777
3,53,55,1.0
3,53,56,1.0
3,53,57,1.0
3,53,58,1.0
3,53,59,1.0
3,53,60,1.0
3,53,61,0.8751944584791781
3,53,62,0.9523338081950777
3,53,63,0.9523338081950777
3,53,64,1.0
3,53,65,0.9523338081950777
3,53,66,0.9891455557243711
3,53,67,0.9523338081950777
3,53,68,0.9367871380058924
3,53,69,0.9367871380058924
3,53,70,0.6204283763994645
3,53,71,1.0
3,53,72,0.9573828995480018
3,53,73,1.0
3,53,74,1.0
3,53,75,1.0
3,53,76,1.0
3,53,77,0.9523338081950777
3,53,78,0.9311339636568742
3,53,79,0.9891455557243711
3,53,80,1.0
3,53,81,0.9523338081950777
3,53,82,1.0
3,53,83,0.9680522705200401
3,53,84,1.0
3,53,85,1.0
3,53,86,0.6204283763994645
3,53,87,0.6037074618114247
3,53,88,0.9523338081950777
3,53,89,0.9523338081950777
3,53,90,0.9523338081950777
3,53,91,1.0
3,53,92,1.0
3,53,93,0.8805150770730067
3,53,94,1.0
3,53,95,1.0
3,53,96,1.0
3,53,97,0.9680522705200401
3,53,98,1.0
3,53,99,1.0
3,54,55,0.9523338081950777
3,54,56,0.9523338081950777
3,54,57,0.9523338081950777
3,54,58,0.9523338081950777
3,54,59,0.9523338081950777
3,54,60,0.9523338081950777
3,54,61,0.9199478489329189
3,54,62,1.0
3,54,63,1.0
3,54,64,0.9523338081950777
3,54,65,1.0
3,54,66,0.941434595040332
3,54,67,1.0
3,54,68,0.983975930650567
3,54,69,0.983975930650567
3,54,70,0.6191598248477086
3,54,71,0.9523338081950777
3,54,72,0.9095488267284303
3,54,73,0.9523338081950777
3,54,74,0.9523338081950777
3,54,75,0.9523338081950777
3,54,76,0.9523338081950777
3,54,77,1.0
3,54,78,0.9463296854106513
3,54,79,0.941434595040332
3,54,80,0.9523338081950777
3,54,81,1.0
3,54,82,0.9523338081950777
3,54,83,0.9839636843303907
3,54,84,0.9523338081950777
3,54,85,0.9523338081950777
3,54,86,0.6191598248477086
3,54,87,0.6024758485278354
3,54,88,1.0
3,54,89,1.0
3,54,90,1.0
3,54,91,0.9523338081950777
3,54,92,0.9523338081950777
3,54,93,0.9253294770470112
3,54,94,0.9523338081950777
3,54,95,0.9523338081950777
3,54,96,0.9523338081950777
3,54,97,0.9839636843303907
3,54,98,0.9523338081950777
3,54,99,0.9523338081950777
3,55,56,1.0
3,55,57,1.0
3,55,58,1.0
3,55,59,1.0
3,55,60,1.0
3,55,61,0.8751944584791781
3,55,62,0.9523338081950777
3,55,63,0.9523338081950777
3,55,64,1.0
3,55,65,0.9523338081950777
3,55,66,0.9891455557243711
3,55,67,0.9523338081950777
3,55,68,0.9367871380058924
3,55,69,0.9367871380058924
3,55,70,0.6204283763994645
3,55,71,1.0
3,55,72,0.9573828995480018
3,55,73,1.0
3,55,74,1.0
3,55,75,1.0
3,55,76,1.0
3,55,77,0.9523338081950777
3,55,78,0.9311339636568742
3,55,79,0.9891455557243711
3,55,80,1.0
3,55,81,0.9523338081950777
3,55,82,1.0
3,55,83,0.9680522705200401
3,55,84,1.0
3,55,85,1.0
3,55,86,0.6204283763994645
3,55,87,0.6037074618114247
3,55,88,0.9523338081950777
3,55,89,0.9523338081950777
3,55,90,0.9523338081950777
3,55,91,1.0
3,55,92,1.0
3,55,93,0.8805150770730067
3,55,94,1.0
3,55,95,1.0
3,55,96,1.0
3,55,97,0.9680522705200401
3,55,98,1.0
3,55,99,1.0
3,56,57,1.0
3,56,58,1.0
3,56,59,1.0
3,56,60,1.0
3,56,61,0.8751944584791781
3,56,62,0.9523338081950777
3,56,63,0.9523338081950777
3,56,64,1.0
3,56,65,0.9523338081950777
3,56,66,0.9891455557243711
3,56,67,0.9523338081950777
3,56,68,0.9367871380058924
3,56,69,0.9367871380058924
3,56,70,0.6204283763994645
3,56,71,1.0
3,56,72,0.9573828995480018
3,56,73,1.0
3,56,74,1.0
3,56,75,1.0
3,56,76,1.0
3,56,77,0.9523338081950777
3,56,78,0.9311339636568742
3,56,79,0.9891455557243711
3,56,80,1.0
3,56,81,0.9523338081950777
3,56,82,1.0
3,56,83,0.9680522705200401
3,56,84,1.0
3,56,85,1.0
3,56,86,0.6204283763994645
3,56,87,0.6037074618114247
3,56,88,0.9523338081950777
3,56,89,0.9523338081950777
3,56,90,0.9523338081950777
3,56,91,1.0
3,56,92,1.0
3,56,93,0.8805150770730067
3,56,94,1.0
3,56,95,1.0
3,56,96,1.0
3,56,97,0.9680522705200401
3,56,98,1.0
3,56,99,1.0
3,57,58,1.0
3,57,59,1.0
3,57,60,1.0
3,57,61,0.8751944584791781
3,57,62,0.9523338081950777
3,57,63,0.9523338081950777
3,57,64,1.0
3,57,65,0.9523338081950777
3,57,66,0.9891455557243711
3,57,67,0.9523338081950777
3,57,68,0.9367871380058924
3,57,69,0.9367871380058924
3,57,70,0.6204283763994645
3,57,71,1.0
3,57,72,0.9573828995480018
3,57,73,1.0
3,57,74,1.0
3,57,75,1.0
3,57,76,1.0
3,57,77,0.9523338081950777
3,57,78,0.9311339636568742
3,57,79,0.9891455557243711
3,57,80,1.0
3,57,81,0.9523338081950777
3,57,82,1.0
3,57,83,0.9680522705200401
3,57,84,1.0
3,57,85,1.0
3,57,86,0.6204283763994645
3,57,87,0.6037074618114247
3,57,88,0.9523338081950777
3,57,89,0.9523338081950777
3,57,90,0.9523338081950777
3,57,91,1.0
3,57,92,1.0
3,57,93,0.8805150770730067
3,57,94,1.0
3,57,95,1.0
3,57,96,1.0
3,57,97,0.9680522705200401
3,57,98,1.0
3,57,99,1.0
3,58,59,1.0
3,58,60,1.0
3,58,61,0.8751944584791781
3,58,62,0.9523338081950777
3,58,63,0.9523338081950777
3,58,64,1.0
3,58,65,0.9523338081950777
3,58,66,0.9891455557243711
3,58,67,0.9523338081950777
3,58,68,0.9367871380058924
3,58,69,0.9367871380058924
3,58,70,0.6204283763994645
3,58,71,1.0
3,58,72,0.9573828995480018
3,58,73,1.0
3,58,74,1.0
3,58,75,1.0
3,58,76,1.0
3,58,77,0.9523338081950777
3,58,78,0.9311339636568742
3,58,79,0.9891455557243711
3,58,80,1.0
3,58,81,0.9523338081950777
3,58,82,1.0
3,58,83,0.9680522705200401
3,58,84,1.0
3,58,85,1.0
3,58,86,0.6204283763994645
3,58,87,0.6037074618114247
3,58,88,0.9523338081950777
3,58,89,0.9523338081950777
3,58,90,0.9523338081950777
3,58,91,1.0
3,58,92,1.0
3,58,93,0.8805150770730067
3,58,94,1.0
3,58,95,1.0
3,58,96,1.0
3,58,97,0.9680522705200401
3,58,98,1.0
3,58,99,1.0
3,59,60,1.0
3,59,61,0.8751944584791781
3,59,62,0.9523338081950777
3,59,63,0.9523338081950777
3,59,64,1.0
3,59,65,0.9523338081950777
3,59,66,0.9891455557243711
3,59,67,0.9523338081950777
3,59,68,0.9367871380058924
3,59,69,0.9367871380058924
3,59,70,0.6204283763994645
3,59,71,1.0
3,59,72,0.9573828995480018
3,59,73,1.0
3,59,74,1.0
3,59,75,1.0
3,59,76,1.0
3,59,77,0.9523338081950777
3,59,78,0.9311339636568742
3,59,79,0.9891455557243711
3,59,80,1.0
3,59,81,0.9523338081950777
3,59,82,1.0
3,59,83,0.9680522705200401
3,59,84,1.0
3,59,85,1.0
3,59,86,0.6204283763994645
3,59,87,0.6037074618114247
3,59,88,0.9523338081950777
3,59,89,0.9523338081950777
3,59,90,0.9523338081950777
3,59,91,1.0
3,59,92,1.0
3,59,93,0.8805150770730067
3,59,94,1.0
3,59,95,1.0
3,59,96,1.0
3,59,97,0.9680522705200401
3,59,98,1.0
3,59,99,1.0
3,60,61,0.8751944584791781
3,60,62,0.9523338081950777
3,60,63,0.9523338081950777
3,60,64,1.0
3,60,65,0.9523338081950777
3,60,66,0.9891455557243711
3,60,67,0.9523338081950777
3,60,68,0.9367871380058924
3,60,69,0.9367871380058924
3,60,70,0.6204283763994645
3,60,71,1.0
3,60,72,0.9573828995480018
3,60,73,1.0
3,60,74,1.0
3,60,75,1.0
3,60,76,1.0
3,60,77,0.9523338081950777
3,60,78,0.9311339636568742
3,60,79,0.9891455557243711
3,60,80,1.0
3,60,81,0.9523338081950777
3,60,82,1.0
3,60,83,0.9680522705200401
3,60,84,1.0
3,60,85,1.0
3,60,86,0.6204283763994645
3,60,87,0.6037074618114247
3,60,88,0.9523338081950777
3,60,89,0.9523338081950777
3,60,90,0.9523338081950777
3,60,91,1.0
3,60,92,1.0
3,60,93,0.8805150770730067
3,60,94,1.0
3,60,95,1.0
3,60,96,1.0
3,60,97,0.9680522705200401
3,60,98,1.0
3,60,99,1.0
3,61,62,0.9199478489329189
3,61,63,0.9199478489329189
3,61,64,0.8751944584791781
3,61,65,0.9199478489329189
3,61,66,0.8650487276920273
3,61,67,0.9199478489329189
3,61,68,0.9351629235129565
3,61,69,0.9351629235129565
3,61,70,0.628531640949401
3,61,71,0.8751944584791781
3,61,72,0.9161127701978622
3,61,73,0.8751944584791781
3,61,74,0.8751944584791781
3,61,75,0.8751944584791781
3,61,76,0.8751944584791781
3,61,77,0.9199478489329189
3,61,78,0.9197091851522895
3,61,79,0.8650487276920273
3,61,80,0.8751944584791781
3,61,81,0.9199478489329189
3,61,82,0.8751944584791781
3,61,83,0.904880277247207
3,61,84,0.8751944584791781
3,61,85,0.8751944584791781
3,61,86,0.628531640949401
3,61,87,0.6107825459265358
3,61,88,0.9199478489329189
3,61,89,0.9199478489329189
3,61,90,0.9199478489329189
3,61,91,0.8751944584791781
3,61,92,0.8751944584791781
3,61,93,0.9729442888204969
3,61,94,0.8751944584791781
3,61,95,0.8751944584791781
3,61,96,0.8751944584791781
3,61,97,0.904880277247207
3,61,98,0.8751944584791781
3,61,99,0.8751944584791781
3,62,63,1.0
3,62,64,0.9523338081950777
3,62,65,1.0
3,62,66,0.941434595040332
3,62,67,1.0
3,62,68,0.983975930650567
3,62,69,0.983975930650567
3,62,70,0.6191598248477086
3,62,71,0.9523338081950777
3,62,72,0.9095488267284303
3,62,73,0.9523338081950777
3,62,74,0.9523338081950777
3,62,75,0.9523338081950777
3,62,76,0.9523338081950777
3,62,77,1.0
3,62,78,0.9463296854106513
3,62,79,0.941434595040332
3,62,80,0.9523338081950777
3,62,81,1.0
3,62,82,0.9523338081950777
3,62,83,0.9839636843303907
3,62,84,0.9523338081950777
3,62,85,0.9523338081950777
3,62,86,0.6191598248477086
3,62,87,0.6024758485278354
3,62,88,1.0
3,62,89,1.0
3,62,90,1.0
3,62,91,0.9523338081950777
3,62,92,0.9523338081950777
3,62,93,0.9253294770470112
3,62,94,0.9523338081950777
3,62,95,0.9523338081950777
3,62,96,0.9523338081950777
3,62,97,0.9839636843303907
3,62,98,0.9523338081950777
3,62,99,0.9523338081950777
3,63,64,0.9523338081950777
3,63,65,1.0
3,63,66,0.941434595040332
3,63,67,1.0
3,63,68,0.983975930650567
3,63,69,0.983975930650567
3,63,70,0.6191598248477086
3,63,71,0.9523338081950777
3,63,72,0.9095488267284303
3,63,73,0.9523338081950777
3,63,74,0.9523338081950777
3,63,75,0.9523338081950777
3,63,76,0.9523338081950777
3,63,77,1.0
3,63,78,0.9463296854106513
3,63,79,0.941434595040332
3,63,80,0.9523338081950777
3,63,81,1.0
3,63,82,0.9523338081950777
3,63,83,0.9839636843303907
3,63,84,0.9523338081950777
3,63,85,0.9523338081950777
3,63,86,0.6191598248477086
3,63,87,0.6024758485278354
3,63,88,1.0
3,63,89,1.0
3,63,90,1.0
3,63,91,0.9523338081950777
3,63,92,0.9523338081950777
3,63,93,0.9253294770470112
3,63,94,0.9523338081950777
3,63,95,0.9523338081950777
3,63,96,0.9523338081950777
3,63,97,0.9839636843303907
3,63,98,0.9523338081950777
3,63,99,0.9523338081950777
3,64,65,0.9523338081950777
3,64,66,0.9891455557243711
3,64,67,0.9523338081950777
3,64,68,0.9367871380058924
3,64,69,0.9367871380058924
3,64,70,0.6204283763994645
3,64,71,1.0
3,64,72,0.9573828995480018
3,64,73,1.0
3,64,74,1.0
3,64,75,1.0
3,64,76,1.0
3,64,77,0.9523338081950777
3,64,78,0.9311339636568742
3,64,79,0.9891455557243711
3,64,80,1.0
3,64,81,0.9523338081950777
3,64,82,1.0
3,64,83,0.9680522705200401
3,64,84,1.0
3,64,85,1.0
3,64,86,0.6204283763994645
3,64,87,0.6037074618114247
3,64,88,0.9523338081950777
3,64,89,0.9523338081950777
3,64,90,0.9523338081950777
3,64,91,1.0
3,64,92,1.0
3,64,93,0.8805150770730067
3,64,94,1.0
3,64,95,1.0
3,64,96,1.0
3,64,97,0.9680522705200401
3,64,98,1.0
3,64,99,1.0
3,65,66,0.941434595040332
3,65,67,1.0
3,65,68,0.983975930650567
3,65,69,0.983975930650567
3,65,70,0.6191598248477086
3,65,71,0.9523338081950777
3,65,72,0.9095488267284303
3,65,73,0.9523338081950777
3,65,74,0.9523338081950777
3,65,75,0.9523338081950777
3,65,76,0.9523338081950777
3,65,77,1.0
3,65,78,0.9463296854106513
3,65,79,0.941434595040332
3,65,80,0.9523338081950777
3,65,81,1.0
3,65,82,0.9523338081950777
3,65,83,0.9839636843303907
3,65,84,0.9523338081950777
3,65,85,0.9523338081950777
3,65,86,0.6191598248477086
3,65,87,0.6024758485278354
3,65,88,1.0
3,65,89,1.0
3,65,90,1.0
3,65,91,0.9523338081950777
3,65,92,0.9523338081950777
3,65,93,0.9253294770470112
3,65,94,0.9523338081950777
3,65,95,0.9523338081950777
3,65,96,0.9523338081950777
3,65,97,0.9839636843303907
3,65,98,0.9523338081950777
3,65,99,0.9523338081950777
3,66,67,0.941434595040332
3,66,68,0.9258750365385108
3,66,69,0.9258750365385108
3,66,70,0.624027679680727
3,66,71,0.9891455557243711
3,66,72,0.9470513648934118
3,66,73,0.9891455557243711
3,66,74,0.9891455557243711
3,66,75,0.9891455557243711
3,66,76,0.9891455557243711
3,66,77,0.941434595040332
3,66,78,0.9417575224567443
3,66,79,1.0
3,66,80,0.9891455557243711
3,66,81,0.941434595040332
3,66,82,0.9891455557243711
3,66,83,0.9571669924428874
3,66,84,0.9891455557243711
3,66,85,0.9891455557243711
3,66,86,0.624027679680727
3,66,87,0.6071011702602476
3,66,88,0.941434595040332
3,66,89,0.941434595040332
3,66,90,0.941434595040332
3,66,91,0.9891455557243711
3,66,92,0.9891455557243711
3,66,93,0.8903131233935239
3,66,94,0.9891455557243711
3,66,95,0.9891455557243711
3,66,96,0.9891455557243711
3,66,97,0.9571669924428874
3,66,98,0.9891455557243711
3,66,99,0.9891455557243711
3,67,68,0.983975930650567
3,67,69,0.983975930650567
3,67,70,0.6191598248477086
3,67,71,0.9523338081950777
3,67,72,0.9095488267284303
3,67,73,0.9523338081950777
3,67,74,0.9523338081950777
3,67,75,0.9523338081950777
3,67,76,0.9523338081950777
3,67,77,1.0
3,67,78,0.9463296854106513
3,67,79,0.941434595040332
3,67,80,0.9523338081950777
3,67,81,1.0
3,67,82,0.9523338081950777
3,67,83,0.9839636843303907
3,67,84,0.9523338081950777
3,67,85,0.9523338081950777
3,67,86,0.6191598248477086
3,67,87,0.6024758485278354
3,67,88,1.0
3,67,89,1.0
3,67,90,1.0
3,67,91,0.9523338081950777
3,67,92,0.9523338081950777
3,67,93,0.9253294770470112
3,67,94,0.9523338081950777
3,67,95,0.9523338081950777
3,67,96,0.9523338081950777
3,67,97,0.9839636843303907
3,67,98,0.9523338081950777
3,67,99,0.9523338081950777
3,68,69,1.0
3,68,70,0.6034640505304615
3,68,71,0.9367871380058924
3,68,72,0.8939543866762627
3,68,73,0.9367871380058924
3,68,74,0.9367871380058924
3,68,75,0.9367871380058924
3,68,76,0.9367871380058924
3,68,77,0.983975930650567
3,68,78,0.9619404427307713
3,68,79,0.9258750365385108
3,68,80,0.9367871380058924
3,68,81,0.983975930650567
3,68,82,0.9367871380058924
3,68,83,0.968098138888714
3,68,84,0.9367871380058924
3,68,85,0.9367871380058924
3,68,86,0.6034640505304615
3,68,87,0.5869525058412247
3,68,88,0.983975930650567
3,68,89,0.983975930650567
3,68,90,0.983975930650567
3,68,91,0.9367871380058924
3,68,92,0.9367871380058924
3,68,93,0.9092150867920522
3,68,94,0.9367871380058924
3,68,95,0.9367871380058924
3,68,96,0.9367871380058924
3,68,97,0.968098138888714
3,68,98,0.9367871380058924
3,68,99,0.9367871380058924
3,69,70,0.6034640505304615
3,69,71,0.9367871380058924
3,69,72,0.8939543866762627
3,69,73,0.9367871380058924
3,69,74,0.9367871380058924
3,69,75,0.9367871380058924
3,69,76,0.9367871380058924
3,69,77,0.983975930650567
3,69,78,0.9619404427307713
3,69,79,0.9258750365385108
3,69,80,0.9367871380058924
3,69,81,0.983975930650567
3,69,82,0.9367871380058924
3,69,83,0.968098138888714
3,69,84,0.9367871380058924
3,69,85,0.9367871380058924
3,69,86,0.6034640505304615
3,69,87,0.5869525058412247
3,69,88,0.983975930650567
3,69,89,0.983975930650567
3,69,90,0.983975930650567
3,69,91,0.9367871380058924
3,69,92,0.9367871380058924
3,69,93,0.9092150867920522
3,69,94,0.9367871380058924
3,69,95,0.9367871380058924
3,69,96,0.9367871380058924
3,69,97,0.968098138888714
3,69,98,0.9367871380058924
3,69,99,0.9367871380058924
3,70,71,0.6204283763994645
3,70,72,0.636031697409532
3,70,73,0.6204283763994645
3,70,74,0.6204283763994645
3,70,75,0.6204283763994645
3,70,76,0.6204283763994645
3,70,77,0.6191598248477086
3,70,78,0.6063977718690969
3,70,79,0.624027679680727
3,70,80,0.6204283763994645
3,70,81,0.6191598248477086
3,70,82,0.6204283763994645
3,70,83,0.6142503785297339
3,70,84,0.6204283763994645
3,70,85,0.6204283763994645
3,70,86,1.0
3,70,87,0.9743719780886597
3,70,88,0.6191598248477086
3,70,89,0.6191598248477086
3,70,90,0.6191598248477086
3,70,91,0.6204283763994645
3,70,92,0.6204283763994645
3,70,93,0.6488878791415956
3,70,94,0.6204283763994645
3,70,95,0.6204283763994645
3,70,96,0.6204283763994645
3,70,97,0.6142503785297339
3,70,98,0.6204283763994645
3,70,99,0.6204283763994645
3,71,72,0.9573828995480018
3,71,73,1.0
3,71,74,1.0
3,71,75,1.0
3,71,76,1.0
3,71,77,0.9523338081950777
3,71,78,0.9311339636568742
3,71,79,0.9891455557243711
3,71,80,1.0
3,71,81,0.9523338081950777
3,71,82,1.0
3,71,83,0.9680522705200401
3,71,84,1.0
3,71,85,1.0
3,71,86,0.6204283763994645
3,71,87,0.6037074618114247
3,71,88,0.9523338081950777
3,71,89,0.9523338081950777
3,71,90,0.9523338081950777
3,71,91,1.0
3,71,92,1.0
3,71,93,0.8805150770730067
3,71,94,1.0
3,71,95,1.0
3,71,96,1.0
3,71,97,0.9680522705200401
3,71,98,1.0
3,71,99,1.0
3,72,73,0.9573828995480018
3,72,74,0.9573828995480018
3,72,75,0.9573828995480018
3,72,76,0.9573828995480018
3,72,77,0.9095488267284303
3,72,78,0.9097647863337102
3,72,79,0.9470513648934118
3,72,80,0.9573828995480018
3,72,81,0.9095488267284303
3,72,82,0.9573828995480018
3,72,83,0.9253192680082887
3,72,84,0.9573828995480018
3,72,85,0.9573828995480018
3,72,86,0.636031697409532
3,72,87,0.6184897209631602
3,72,88,0.9095488267284303
3,72,89,0.9095488267284303
3,72,90,0.9095488267284303
3,72,91,0.9573828995480018
3,72,92,0.9573828995480018
3,72,93,0.9208648494735342
3,72,94,0.9573828995480018
3,72,95,0.9573828995480018
3,72,96,0.9573828995480018
3,72,97,0.9253192680082887
3,72,98,0.9573828995480018
3,72,99,0.9573828995480018
3,73,74,1.0
3,73,75,1.0
3,73,76,1.0
3,73,77,0.9523338081950777
3,73,78,0.9311339636568742
3,73,79,0.9891455557243711
3,73,80,1.0
3,73,81,0.9523338081950777
3,73,82,1.0
3,73,83,0.9680522705200401
3,73,84,1.0
3,73,85,1.0
3,73,86,0.6204283763994645
3,73,87,0.6037074618114247
3,73,88,0.9523338081950777
3,73,89,0.9523338081950777
3,73,90,0.9523338081950777
3,73,91,1.0
3,73,92,1.0
3,73,93,0.8805150770730067
3,73,94,1.0
3,73,95,1.0
3,73,96,1.0
3,73,97,0.9680522705200401
3,73,98,1.0
3,73,99,1.0
3,74,75,1.0
3,74,76,1.0
3,74,77,0.9523338081950777
3,74,78,0.9311339636568742
3,74,79,0.9891455557243711
3,74,80,1.0
3,74,81,0.9523338081950777
3,74,82,1.0
3,74,83,0.9680522705200401
3,74,84,1.0
3,74,85,1.0
3,74,86,0.6204283763994645
3,74,87,0.6037074618114247
3,74,88,0.9523338081950777
3,74,89,0.9523338081950777
3,74,90,0.9523338081950777
3,74,91,1.0
3,74,92,1.0
3,74,93,0.8805150770730067
3,74,94,1.0
3,74,95,1.0
3,74,96,1.0
3,74,97,0.9680522705200401
3,74,98,1.0
3,74,99,1.0
3,75,76,1.0
3,75,77,0.9523338081950777
3,75,78,0.9311339636568742
3,75,79,0.9891455557243711
3,75,80,1.0
3,75,81,0.9523338081950777
3,75,82,1.0
3,75,83,0.9680522705200401
3,75,84,1.0
3,75,85,1.0
3,75,86,0.6204283763994645
3,75,87,0.6037074618114247
3,75,88,0.9523338081950777
3,75,89,0.9523338081950777
3,75,90,0.9523338081950777
3,75,91,1.0
3,75,92,1.0
3,75,93,0.8805150770730067
3,75,94,1.0
3,75,95,1.0
3,75,96,1.0
3,75,97,0.9680522705200401
3,75,98,1.0
3,75,99,1.0
3,76,77,0.9523338081950777
3,76,78,0.9311339636568742
3,76,79,0.9891455557243711
3,76,80,1.0
3,76,81,0.9523338081950777
3,76,82,1.0
3,76,83,0.9680522705200401
3,76,84,1.0
3,76,85,1.0
3,76,86,0.6204283763994645
3,76,87,0.6037074618114247
3,76,88,0.9523338081950777
3,76,89,0.9523338081950777
3,76,90,0.9523338081950777
3,76,91,1.0
3,76,92,1.0
3,76,93,0.8805150770730067
3,76,94,1.0
3,76,95,1.0
3,76,96,1.0
3,76,97,0.9680522705200401
3,76,98,1.0
3,76,99,1.0
3,77,78,0.9463296854106513
3,77,79,0.941434595040332
3,77,80,0.9523338081950777
3,77,81,1.0
3,77,82,0.9523338081950777
3,77,83,0.9839636843303907
3,77,84,0.9523338081950777
3,77,85,0.9523338081950777
3,77,86,0.6191598248477086
3,77,87,0.6024758485278354
3,77,88,1.0
3,77,89,1.0
3,77,90,1.0
3,77,91,0.9523338081950777
3,77,92,0.9523338081950777
3,77,93,0.9253294770470112
3,77,94,0.9523338081950777
3,77,95,0.9523338081950777
3,77,96,0.9523338081950777
3,77,97,0.9839636843303907
3,77,98,0.9523338081950777
3,77,99,0.9523338081950777
3,78,79,0.9417575224567443
3,78,80,0.9311339636568742
3,78,81,0.9463296854106513
3,78,82,0.9311339636568742
3,78,83,0.9622257477813194
3,78,84,0.9311339636568742
3,78,85,0.9311339636568742
3,78,86,0.6063977718690969
3,78,87,0.5892945175852191
3,78,88,0.9463296854106513
3,78,89,0.9463296854106513
3,78,90,0.9463296854106513
3,78,91,0.9311339636568742
3,78,92,0.9311339636568742
3,78,93,0.9145577745383243
3,78,94,0.9311339636568742
3,78,95,0.9311339636568742
3,78,96,0.9311339636568742
3,78,97,0.9622257477813194
3,78,98,0.9311339636568742
3,78,99,0.9311339636568742
3,79,80,0.9891455557243711
3,79,81,0.941434595040332
3,79,82,0.9891455557243711
3,79,83,0.9571669924428874
3,79,84,0.9891455557243711
3,79,85,0.9891455557243711
3,79,86,0.624027679680727
3,79,87,0.6071011702602476
3,79,88,0.941434595040332
3,79,89,0.941434595040332
3,79,90,0.941434595040332
3,79,91,0.9891455557243711
3,79,92,0.9891455557243711
3,79,93,0.8903131233935239
3,79,94,0.9891455557243711
3,79,95,0.9891455557243711
3,79,96,0.9891455557243711
3,79,97,0.9571669924428874
3,79,98,0.9891455557243711
3,79,99,0.9891455557243711
3,80,81,0.9523338081950777
3,80,82,1.0
3,80,83,0.9680522705200401
3,80,84,1.0
3,80,85,1.0
3,80,86,0.6204283763994645
3,80,87,0.6037074618114247
3,80,88,0.9523338081950777
3,80,89,0.9523338081950777
3,80,90,0.9523338081950777
3,80,91,1.0
3,80,92,1.0
3,80,93,0.8805150770730067
3,80,94,1.0
3,80,95,1.0
3,80,96,1.0
3,80,97,0.9680522705200401
3,80,98,1.0
3,80,99,1.0
3,81,82,0.9523338081950777
3,81,83,0.9839636843303907
3,81,84,0.9523338081950777
3,81,85,0.9523338081950777
3,81,86,0.6191598248477086
3,81,87,0.6024758485278354
3,81,88,1.0
3,81,89,1.0
3,81,90,1.0
3,81,91,0.9523338081950777
3,81,92,0.9523338081950777
3,81,93,0.9253294770470112
3,81,94,0.9523338081950777
3,81,95,0.9523338081950777
3,81,96,0.9523338081950777
3,81,97,0.9839636843303907
3,81,98,0.9523338081950777
3,81,99,0.9523338081950777
3,82,83,0.9680522705200401
3,82,84,1.0
3,82,85,1.0
3,82,86,0.6204283763994645
3,82,87,0.6037074618114247
3,82,88,0.9523338081950777
3,82,89,0.9523338081950777
3,82,90,0.9523338081950777
3,82,91,1.0
3,82,92,1.0
3,82,93,0.8805150770730067
3,82,94,1.0
3,82,95,1.0
3,82,96,1.0
3,82,97,0.9680522705200401
3,82,98,1.0
3,82,99,1.0
3,83,84,0.9680522705200401
3,83,85,0.9680522705200401
3,83,86,0.6142503785297339
3,83,87,0.597388954850236
3,83,88,0.9839636843303907
3,83,89,0.9839636843303907
3,83,90,0.9839636843303907
3,83,91,0.9680522705200401
3,83,92,0.9680522705200401
3,83,93,0.9102419044737843
3,83,94,0.9680522705200401
3,83,95,0.9680522705200401
3,83,96,0.9680522705200401
3,83,97,1.0
3,83,98,0.9680522705200401
3,83,99,0.9680522705200401
3,84,85,1.0
3,84,86,0.6204283763994645
3,84,87,0.6037074618114247
3,84,88,0.9523338081950777
3,84,89,0.9523338081950777
3,84,90,0.9523338081950777
3,84,91,1.0
3,84,92,1.0
3,84,93,0.8805150770730067
3,84,94,1.0
3,84,95,1.0
3,84,96,1.0
3,84,97,0.9680522705200401
3,84,98,1.0
3,84,99,1.0
3,85,86,0.6204283763994645
3,85,87,0.6037074618114247
3,85,88,0.9523338081950777
3,85,89,0.9523338081950777
3,85,90,0.9523338081950777
3,85,91,1.0
3,85,92,1.0
3,85,93,0.8805150770730067
3,85,94,1.0
3,85,95,1.0
3,85,96,1.0
3,85,97,0.9680522705200401
3,85,98,1.0
3,85,99,1.0
3,86,87,0.9743719780886597
3,86,88,0.6191598248477086
3,86,89,0.6191598248477086
3,86,90,0.6191598248477086
3,86,91,0.6204283763994645
3,86,92,0.6204283763994645
3,86,93,0.6488878791415956
3,86,94,0.6204283763994645
3,86,95,0.6204283763994645
3,86,96,0.6204283763994645
3,86,97,0.6142503785297339
3,86,98,0.6204283763994645
3,86,99,0.6204283763994645
3,87,88,0.6024758485278354
3,87,89,0.6024758485278354
3,87,90,0.6024758485278354
3,87,91,0.6037074618114247
3,87,92,0.6037074618114247
3,87,93,0.6307620722608794
3,87,94,0.6037074618114247
3,87,95,0.6037074618114247
3,87,96,0.6037074618114247
3,87,97,0.597388954850236
3,87,98,0.6037074618114247
3,87,99,0.6037074618114247
3,88,89,1.0
3,88,90,1.0
3,88,91,0.9523338081950777
3,88,92,0.9523338081950777
3,88,93,0.9253294770470112
3,88,94,0.9523338081950777
3,88,95,0.9523338081950777
3,88,96,0.9523338081950777
3,88,97,0.9839636843303907
3,88,98,0.9523338081950777
3,88,99,0.9523338081950777
3,89,90,1.0
3,89,91,0.9523338081950777
3,89,92,0.9523338081950777
3,89,93,0.9253294770470112
3,89,94,0.9523338081950777
3,89,95,0.9523338081950777
3,89,96,0.9523338081950777
3,89,97,0.9839636843303907
3,89,98,0.9523338081950777
3,89,99,0.9523338081950777
3,90,91,0.9523338081950777
3,90,92,0.9523338081950777
3,90,93,0.9253294770470112
3,90,94,0.9523338081950777
3,90,95,0.9523338081950777
3,90,96,0.9523338081950777
3,90,97,0.9839636843303907
3,90,98,0.9523338081950777
3,90,99,0.9523338081950777
3,91,92,1.0
3,91,93,0.8805150770730067
3,91,94,1.0
3,91,95,1.0
3,91,96,1.0
3,91,97,0.9680522705200401
3,91,98,1.0
3,91,99,1.0
3,92,93,0.8805150770730067
3,92,94,1.0
3,92,95,1.0
3,92,96,1.0
3,92,97,0.9680522705200401
3,92,98,1.0
3,92,99,1.0
3,93,94,0.8805150770730067
3,93,95,0.8805150770730067
3,93,96,0.8805150770730067
3,93,97,0.9102419044737843
3,93,98,0.8805150770730067
3,93,99,0.8805150770730067
3,94,95,1.0
3,94,96,1.0
3,94,97,0.9680522705200401
3,94,98,1.0
3,94,99,1.0
3,95,96,1.0
3,95,97,0.9680522705200401
3,95,98,1.0
3,95,99,1.0
3,96,97,0.9680522705200401
3,96,98,1.0
3,96,99,1.0
3,97,98,0.9680522705200401
3,97,99,0.9680522705200401
3,98,99,1.0
4,0,1,0.9908700477842567
4,0,2,1.0
4,0,3,0.7544314473258652
4,0,4,0.7544314473258652
4,0,5,1.0
4,0,6,1.0
4,0,7,1.0
4,0,8,0.9454140244677788
4,0,9,0.9908700477842567
4,0,10,0.7846879378265484
4,0,11,1.0
4,0,12,0.9454140244677788
4,0,13,0.7849654827657713
4,0,14,1.0
4,0,15,1.0
4,0,16,0.9776764401471545
4,0,17,0.7467676314920093
4,0,18,0.7849654827657713
4,0,19,1.0
4,0,20,1.0
4,0,21,0.7544314473258652
4,0,22,1.0
4,0,23,0.8434266989913309
4,0,24,0.7544314473258652
4,0,25,0.9454140244677788
4,0,26,1.0
4,0,27,0.7849654827657713
4,0,28,1.0
4,0,29,0.7849654827657713
4,0,30,1.0
4,0,31,1.0
4,0,32,0.7846879378265484
4,0,33,0.9146890382067759
4,0,34,0.9686658599039086
4,0,35,0.9908700477842567
4,0,36,1.0
4,0,37,0.8321314809309396
4,0,38,0.9908700477842567
4,0,39,0.7846879378265484
4,0,40,0.7846879378265484
4,0,41,1.0
4,0,42,1.0
4,0,43,1.0
4,0,44,0.9686658599039086
4,0,45,1.0
4,0,46,1.0
4,0,47,1.0
4,0,48,0.9908700477842567
4,0,49,0.9686658599039086
4,0,50,0.9908700477842567
4,0,51,0.9908700477842567
4,0,52,1.0
4,0,53,1.0
4,0,54,0.9686658599039086
4,0,55,1.0
4,0,56,1.0
4,0,57,0.7846879378265484
4,0,58,1.0
4,0,59,1.0
4,0,60,1.0
4,0,61,1.0
4,0,62,1.0
4,0,63,1.0
4,0,64,1.0
4,0,65,1.0
4,0,66,0.9908700477842567
4,0,67,1.0
4,0,68,1.0
4,0,69,0.7846879378265484
4,0,70,1.0
4,0,71,1.0
4,0,72,0.9908700477842567
4,0,73,1.0
4,0,74,1.0
4,0,75,0.794093160178949
4,0,76,1.0
4,0,77,0.7846879378265484
4,0,78,0.7544314473258652
4,0,79,0.7846879378265484
4,0,80,0.7544314473258652
4,0,81,0.7846879378265484
4,0,82,1.0
4,0,83,0.7764734579093279
4,0,84,0.9776764401471545
4,0,85,0.9776764401471545
4,0,86,1.0
4,0,87,1.0
4,0,88,0.9776764401471545
4,0,89,0.7846879378265484
4,0,90,1.0
4,0,91,0.794093160178949
4,0,92,1.0
4,0,93,1.0
4,0,94,0.9454140244677788
4,0,95,1.0
4,0,96,0.7846879378265484
4,0,97,1.0
4,0,98,1.0
4,0,99,0.9365972202841413
4,1,2,0.9908700477842567
4,1,3,0.7468312038153508
4,1,4,0.7468312038153508
4,1,5,0.9908700477842567
4,1,6,0.9908700477842567
4,1,7,0.9908700477842567
4,1,8,0.9370453051785338
4,1,9,1.0
4,1,10,0.7934926337845085
4,1,11,0.9908700477842567
4,1,12,0.9370453051785338
4,1,13,0.777627666974689
4,1,14,0.9908700477842567
4,1,15,0.9908700477842567
4,1,16,0.9688476125557904
4,1,17,0.7391541824611111
4,1,18,0.777627666974689
4,1,19,0.9908700477842567
4,1,20,0.9908700477842567
4,1,21,0.7468312038153508
4,1,22,0.9908700477842567
4,1,23,0.8353300429271996
4,1,24,0.7468312038153508
4,1,25,0.9370453051785338
4,1,26,0.9908700477842567
4,1,27,0.777627666974689
4,1,28,0.9908700477842567
4,1,29,0.777627666974689
4,1,30,0.9908700477842567
4,1,31,0.9908700477842567
4,1,32,0.7934926337845085
4,1,33,0.9067906348508019
4,1,34,0.9777692819308178
4,1,35,1.0
4,1,36,0.9908700477842567
4,1,37,0.824371014119979
4,1,38,1.0
4,1,39,0.7934926337845085
4,1,40,0.7934926337845085
4,1,41,0.9908700477842567
4,1,42,0.9908700477842567
4,1,43,0.9908700477842567
4,1,44,0.9777692819308178
4,1,45,0.9908700477842567
4,1,46,0.9908700477842567
4,1,47,0.9908700477842567
4,1,48,1.0
4,1,49,0.9777692819308178
4,1,50,1.0
4,1,51,1.0
4,1,52,0.9908700477842567
4,1,53,0.9908700477842567
4,1,54,0.9777692819308178
4,1,55,0.9908700477842567
4,1,56,0.9908700477842567
4,1,57,0.7934926337845085
4,1,58,0.9908700477842567
4,1,59,0.9908700477842567
4,1,60,0.9908700477842567
4,1,61,0.9908700477842567
4,1,62,0.9908700477842567
4,1,63,0.9908700477842567
4,1,64,0.9908700477842567
4,1,65,0.9908700477842567
4,1,66,1.0
4,1,67,0.9908700477842567
4,1,68,0.9908700477842567
4,1,69,0.7934926337845085
4,1,70,0.9908700477842567
4,1,71,0.9908700477842567
4,1,72,1.0
4,1,73,0.9908700477842567
4,1,74,0.9908700477842567
4,1,75,0.8029185026175598
4,1,76,0.9908700477842567
4,1,77,0.7934926337845085
4,1,78,0.7468312038153508
4,1,79,0.7934926337845085
4,1,80,0.7468312038153508
4,1,81,0.7934926337845085
4,1,82,0.9908700477842567
4,1,83,0.7852581968463974
4,1,84,0.9688476125557904
4,1,85,0.9688476125557904
4,1,86,0.9908700477842567
4,1,87,0.9908700477842567
4,1,88,0.9688476125557904
4,1,89,0.7934926337845085
4,1,90,0.9908700477842567
4,1,91,0.8029185026175598
4,1,92,0.9908700477842567
4,1,93,0.9908700477842567
4,1,94,0.9370453051785338
4,1,95,0.9908700477842567
4,1,96,0.7934926337845085
4,1,97,0.9908700477842567
4,1,98,0.9908700477842567
4,1,99,0.9456564992695551
4,2,3,0.7544314473258652
4,2,4,0.7544314473258652
4,2,5,1.0
4,2,6,1.0
4,2,7,1.0
4,2,8,0.9454140244677788
4,2,9,0.9908700477842567
4,2,10,0.7846879378265484
4,2,11,1.0
4,2,12,0.9454140244677788
4,2,13,0.7849654827657713
4,2,14,1.0
4,2,15,1.0
4,2,16,0.9776764401471545
4,2,17,0.7467676314920093
4,2,18,0.7849654827657713
4,2,19,1.0
4,2,20,1.0
4,2,21,0.7544314473258652
4,2,22,1.0
4,2,23,0.8434266989913309
4,2,24,0.7544314473258652
4,2,25,0.9454140244677788
4,2,26,1.0
4,2,27,0.7849654827657713
4,2,28,1.0
4,2,29,0.7849654827657713
4,2,30,1.0
4,2,31,1.0
4,2,32,0.7846879378265484
4,2,33,0.9146890382067759
4,2,34,0.9686658599039086
4,2,35,0.9908700477842567
4,2,36,1.0
4,2,37,0.8321314809309396
4,2,38,0.9908700477842567
4,2,39,0.7846879378265484
4,2,40,0.7846879378265484
4,2,41,1.0
4,2,42,1.0
4,2,43,1.0
4,2,44,0.9686658599039086
4,2,45,1.0
4,2,46,1.0
4,2,47,1.0
4,2,48,0.9908700477842567
4,2,49,0.9686658599039086
4,2,50,0.9908700477842567
4,2,51,0.9908700477842567
4,2,52,1.0
4,2,53,1.0
4,2,54,0.9686658599039086
4,2,55,1.0
4,2,56,1.0
4,2,57,0.7846879378265484
4,2,58,1.0
4,2,59,1.0
4,2,60,1.0
4,2,61,1.0
4,2,62,1.0
4,2,63,1.0
4,2,64,1.0
4,2,65,1.0
4,2,66,0.9908700477842567
4,2,67,1.0
4,2,68,1.0
4,2,69,0.7846879378265484
4,2,70,1.0
4,2,71,1.0
4,2,72,0.9908700477842567
4,2,73,1.0
4,2,74,1.0
4,2,75,0.794093160178949
4,2,76,1.0
4,2,77,0.7846879378265484
4,2,78,0.7544314473258652
4,2,79,0.7846879378265484
4,2,80,0.7544314473258652
4,2,81,0.7846879378265484
4,2,82,1.0
4,2,83,0.7764734579093279
4,2,84,0.9776764401471545
4,2,85,0.9776764401471545
4,2,86,1.0
4,2,87,1.0
4,2,88,0.9776764401471545
4,2,89,0.7846879378265484
4,2,90,1.0
4,2,91,0.794093160178949
4,2,92,1.0
4,2,93,1.0
4,2,94,0.9454140244677788
4,2,95,1.0
4,2,96,0.7846879378265484
4,2,97,1.0
4,2,98,1.0
4,2,99,0.9365972202841413
4,3,4,1.0
4,3,5,0.7544314473258652
4,3,6,0.7544314473258652
4,3,7,0.7544314473258652
4,3,8,0.7435774660326517
4,3,9,0.7468312038153508
4,3,10,0.9193651614110203
4,3,11,0.7544314473258652
4,3,12,0.7435774660326517
4,3,13,0.9392576338966611
4,3,14,0.7544314473258652
4,3,15,0.7544314473258652
4,3,16,0.770880182934737
4,3,17,0.9878886442707531
4,3,18,0.9392576338966611
4,3,19,0.7544314473258652
4,3,20,0.7544314473258652
4,3,21,1.0
4,3,22,0.7544314473258652
4,3,23,0.8916572712017098
4,3,24,1.0
4,3,25,0.7435774660326517
4,3,26,0.7544314473258652
4,3,27,0.9392576338966611
4,3,28,0.7544314473258652
4,3,29,0.9392576338966611
4,3,30,0.7544314473258652
4,3,31,0.7544314473258652
4,3,32,0.9193651614110203
4,3,33,0.7684223330896244
4,3,34,0.7631296668899032
4,3,35,0.7468312038153508
4,3,36,0.7544314473258652
4,3,37,0.9018618337227722
4,3,38,0.7468312038153508
4,3,39,0.9193651614110203
4,3,40,0.9193651614110203
4,3,41,0.7544314473258652
4,3,42,0.7544314473258652
4,3,43,0.7544314473258652
4,3,44,0.7631296668899032
4,3,45,0.7544314473258652
4,3,46,0.7544314473258652
4,3,47,0.7544314473258652
4,3,48,0.7468312038153508
4,3,49,0.7631296668899032
4,3,50,0.7468312038153508
4,3,51,0.7468312038153508
4,3,52,0.7544314473258652
4,3,53,0.7544314473258652
4,3,54,0.7631296668899032
4,3,55,0.7544314473258652
4,3,56,0.7544314473258652
4,3,57,0.9193651614110203
4,3,58,0.7544314473258652
4,3,59,0.7544314473258652
4,3,60,0.7544314473258652
4,3,61,0.7544314473258652
4,3,62,0.7544314473258652
4,3,63,0.7544314473258652
4,3,64,0.7544314473258652
4,3,65,0.7544314473258652
4,3,66,0.7468312038153508
4,3,67,0.7544314473258652
4,3,68,0.7544314473258652
4,3,69,0.9193651614110203
4,3,70,0.7544314473258652
4,3,71,0.7544314473258652
4,3,72,0.7468312038153508
4,3,73,0.7544314473258652
4,3,74,0.7544314473258652
4,3,75,0.9082982036323495
4,3,76,0.7544314473258652
4,3,77,0.9193651614110203
4,3,78,1.0
4,3,79,0.9193651614110203
4,3,80,1.0
4,3,81,0.9193651614110203
4,3,82,0.7544314473258652
4,3,83,0.9306505164969643
4,3,84,0.770880182934737
4,3,85,0.770880182934737
4,3,86,0.7544314473258652
4,3,87,0.7544314473258652
4,3,88,0.770880182934737
4,3,89,0.9193651614110203
4,3,90,0.7544314473258652
4,3,91,0.9082982036323495
4,3,92,0.7544314473258652
4,3,93,0.7544314473258652
4,3,94,0.7435774660326517
4,3,95,0.7544314473258652
4,3,96,0.9193651614110203
4,3,97,0.7544314473258652
4,3,98,0.7544314473258652
4,3,99,0.7360573098510209
4,4,5,0.7544314473258652
4,4,6,0.7544314473258652
4,4,7,0.7544314473258652
4,4,8,0.7435774660326517
4,4,9,0.7468312038153508
4,4,10,0.9193651614110203
4,4,11,0.7544314473258652
4,4,12,0.7435774660326517
4,4,13,0.9392576338966611
4,4,14,0.7544314473258652
4,4,15,0.7544314473258652
4,4,16,0.770880182934737
4,4,17,0.9878886442707531
4,4,18,0.9392576338966611
4,4,19,0.7544314473258652
4,4,20,0.7544314473258652
4,4,21,1.0
4,4,22,0.7544314473258652
4,4,23,0.8916572712017098
4,4,24,1.0
4,4,25,0.7435774660326517
4,4,26,0.7544314473258652
4,4,27,0.9392576338966611
4,4,28,0.7544314473258652
4,4,29,0.9392576338966611
4,4,30,0.7544314473258652
4,4,31,0.7544314473258652
4,4,32,0.9193651614110203
4,4,33,0.7684223330896244
4,4,34,0.7631296668899032
4,4,35,0.7468312038153508
4,4,36,0.7544314473258652
4,4,37,0.9018618337227722
4,4,38,0.7468312038153508
4,4,39,0.9193651614110203
4,4,40,0.9193651614110203
4,4,41,0.7544314473258652
4,4,42,0.7544314473258652
4,4,43,0.7544314473258652
4,4,44,0.7631296668899032
4,4,45,0.7544314473258652
4,4,46,0.7544314473258652
4,4,47,0.7544314473258652
4,4,48,0.7468312038153508
4,4,49,0.7631296668899032
4,4,50,0.7468312038153508
4,4,51,0.7468312038153508
4,4,52,0.7544314473258652
4,4,53,0.7544314473258652
4,4,54,0.7631296668899032
4,4,55,0.7544314473258652
4,4,56,0.7544314473258652
4,4,57,0.9193651614110203
4,4,58,0.7544314473258652
4,4,59,0.7544314473258652
4,4,60,0.7544314473258652
4,4,61,0.7544314473258652
4,4,62,0.7544314473258652
4,4,63,0.7544314473258652
4,4,64,0.7544314473258652
4,4,65,0.7544314473258652
4,4,66,0.7468312038153508
4,4,67,0.7544314473258652
4,4,68,0.7544314473258652
4,4,69,0.9193651614110203
4,4,70,0.7544314473258652
4,4,71,0.7544314473258652
4,4,72,0.7468312038153508
4,4,73,0.7544314473258652
4,4,74,0.7544314473258652
4,4,75,0.9082982036323495
4,4,76,0.7544314473258652
4,4,77,0.9193651614110203
4,4,78,1.0
4,4,79,0.9193651614110203
4,4,80,1.0
4,4,81,0.9193651614110203
4,4,82,0.7544314473258652
4,4,83,0.9306505164969643
4,4,84,0.770880182934737
4,4,85,0.770880182934737
4,4,86,0.7544314473258652
4,4,87,0.7544314473258652
4,4,88,0.770880182934737
4,4,89,0.9193651614110203
4,4,90,0.7544314473258652
4,4,91,0.9082982036323495
4,4,92,0.7544314473258652
4,4,93,0.7544314473258652
4,4,94,0.7435774660326517
4,4,95,0.7544314473258652
4,4,96,0.9193651614110203
4,4,97,0.7544314473258652
4,4,98,0.7544314473258652
4,4,99,0.7360573098510209
4,5,6,1.0
4,5,7,1.0
4,5,8,0.9454140244677788
4,5,9,0.9908700477842567
4,5,10,0.7846879378265484
4,5,11,1.0
4,5,12,0.9454140244677788
4,5,13,0.7849654827657713
4,5,14,1.0
4,5,15,1.0
4,5,16,0.9776764401471545
4,5,17,0.7467676314920093
4,5,18,0.7849654827657713
4,5,19,1.0
4,5,20,1.0
4,5,21,0.7544314473258652
4,5,22,1.0
4,5,23,0.8434266989913309
4,5,24,0.7544314473258652
4,5,25,0.9454140244677788
4,5,26,1.0
4,5,27,0.7849654827657713
4,5,28,1.0
4,5,29,0.7849654827657713
4,5,30,1.0
4,5,31,1.0
4,5,32,0.7846879378265484
4,5,33,0.9146890382067759
4,5,34,0.9686658599039086
4,5,35,0.9908700477842567
4,5,36,1.0
4,5,37,0.8321314809309396
4,5,38,0.9908700477842567
4,5,39,0.7846879378265484
4,5,40,0.7846879378265484
4,5,41,1.0
4,5,42,1.0
4,5,43,1.0
4,5,44,0.9686658599039086
4,5,45,1.0
4,5,46,1.0
4,5,47,1.0
4,5,48,0.9908700477842567
4,5,49,0.9686658599039086
4,5,50,0.9908700477842567
4,5,51,0.9908700477842567
4,5,52,1.0
4,5,53,1.0
4,5,54,0.9686658599039086
4,5,55,1.0
4,5,56,1.0
4,5,57,0.7846879378265484
4,5,58,1.0
4,5,59,1.0
4,5,60,1.0
4,5,61,1.0
4,5,62,1.0
4,5,63,1.0
4,5,64,1.0
4,5,65,1.0
4,5,66,0.9908700477842567
4,5,67,1.0
4,5,68,1.0
4,5,69,0.7846879378265484
4,5,70,1.0
4,5,71,1.0
4,5,72,0.9908700477842567
4,5,73,1.0
4,5,74,1.0
4,5,75,0.794093160178949
4,5,76,1.0
4,5,77,0.7846879378265484
4,5,78,0.7544314473258652
4,5,79,0.7846879378265484
4,5,80,0.7544314473258652
4,5,81,0.7846879378265484
4,5,82,1.0
4,5,83,0.7764734579093279
4,5,84,0.9776764401471545
4,5,85,0.9776764401471545
4,5,86,1.0
4,5,87,1.0
4,5,88,0.9776764401471545
4,5,89,0.7846879378265484
4,5,90,1.0
4,5,91,0.794093160178949
4,5,92,1.0
4,5,93,1.0
4,5,94,0.9454140244677788
4,5,95,1.0
4,5,96,0.7846879378265484
4,5,97,1.0
4,5,98,1.0
4,5,99,0.9365972202841413
4,6,7,1.0
4,6,8,0.9454140244677788
4,6,9,0.9908700477842567
4,6,10,0.7846879378265484
4,6,11,1.0
4,6,12,0.9454140244677788
4,6,13,0.7849654827657713
4,6,14,1.0
4,6,15,1.0
4,6,16,0.9776764401471545
4,6,17,0.7467676314920093
4,6,18,0.7849654827657713
4,6,19,1.0
4,6,20,1.0
4,6,21,0.7544314473258652
4,6,22,1.0
4,6,23,0.8434266989913309
4,6,24,0.7544314473258652
4,6,25,0.9454140244677788
4,6,26,1.0
4,6,27,0.7849654827657713
4,6,28,1.0
4,6,29,0.7849654827657713
4,6,30,1.0
4,6,31,1.0
4,6,32,0.7846879378265484
4,6,33,0.9146890382067759
4,6,34,0.9686658599039086
4,6,35,0.9908700477842567
4,6,36,1.0
4,6,37,0.8321314809309396
4,6,38,0.9908700477842567
4,6,39,0.7846879378265484
4,6,40,0.7846879378265484
4,6,41,1.0
4,6,42,1.0
4,6,43,1.0
4,6,44,0.9686658599039086
4,6,45,1.0
4,6,46,1.0
4,6,47,1.0
4,6,48,0.9908700477842567
4,6,49,0.9686658599039086
4,6,50,0.9908700477842567
4,6,51,0.9908700477842567
4,6,52,1.0
4,6,53,1.0
4,6,54,0.9686658599039086
4,6,55,1.0
4,6,56,1.0
4,6,57,0.7846879378265484
4,6,58,1.0
4,6,59,1.0
4,6,60,1.0
4,6,61,1.0
4,6,62,1.0
4,6,63,1.0
4,6,64,1.0
4,6,65,1.0
4,6,66,0.9908700477842567
4,6,67,1.0
4,6,68,1.0
4,6,69,0.7846879378265484
4,6,70,1.0
4,6,71,1.0
4,6,72,0.9908700477842567
4,6,73,1.0
4,6,74,1.0
4,6,75,0.794093160178949
4,6,76,1.0
4,6,77,0.7846879378265484
4,6,78,0.7544314473258652
4,6,79,0.7846879378265484
4,6,80,0.7544314473258652
4,6,81,0.7846879378265484
4,6,82,1.0
4,6,83,0.7764734579093279
4,6,84,0.9776764401471545
4,6,85,0.9776764401471545
4,6,86,1.0
4,6,87,1.0
4,6,88,0.9776764401471545
4,6,89,0.7846879378265484
4,6,90,1.0
4,6,91,0.794093160178949
4,6,92,1.0
4,6,93,1.0
4,6,94,0.9454140244677788
4,6,95,1.0
4,6,96,0.7846879378265484
4,6,97,1.0
4,6,98,1.0
4,6,99,0.9365972202841413
4,7,8,0.9454140244677788
4,7,9,0.9908700477842567
4,7,10,0.7846879378265484
4,7,11,1.0
4,7,12,0.9454140244677788
4,7,13,0.7849654827657713
4,7,14,1.0
4,7,15,1.0
4,7,16,0.9776764401471545
4,7,17,0.7467676314920093
4,7,18,0.7849654827657713
4,7,19,1.0
4,7,20,1.0
4,7,21,0.7544314473258652
4,7,22,1.0
4,7,23,0.8434266989913309
4,7,24,0.7544314473258652
4,7,25,0.9454140244677788
4,7,26,1.0
4,7,27,0.7849654827657713
4,7,28,1.0
4,7,29,0.7849654827657713
4,7,30,1.0
4,7,31,1.0
4,7,32,0.7846879378265484
4,7,33,0.9146890382067759
4,7,34,0.9686658599039086
4,7,35,0.9908700477842567
4,7,36,1.0
4,7,37,0.8321314809309396
4,7,38,0.9908700477842567
4,7,39,0.7846879378265484
4,7,40,0.7846879378265484
4,7,41,1.0
4,7,42,1.0
4,7,43,1.0
4,7,44,0.9686658599039086
4,7,45,1.0
4,7,46,1.0
4,7,47,1.0
4,7,48,0.9908700477842567
4,7,49,0.9686658599039086
4,7,50,0.9908700477842567
4,7,51,0.9908700477842567
4,7,52,1.0
4,7,53,1.0
4,7,54,0.9686658599039086
4,7,55,1.0
4,7,56,1.0
4,7,57,0.7846879378265484
4,7,58,1.0
4,7,59,1.0
4,7,60,1.0
4,7,61,1.0
4,7,62,1.0
4,7,63,1.0
4,7,64,1.0
4,7,65,1.0
4,7,66,0.9908700477842567
4,7,67,1.0
4,7,68,1.0
4,7,69,0.7846879378265484
4,7,70,1.0
4,7,71,1.0
4,7,72,0.9908700477842567
4,7,73,1.0
4,7,74,1.0
4,7,75,0.794093160178949
4,7,76,1.0
4,7,77,0.7846879378265484
4,7,78,0.7544314473258652
4,7,79,0.7846879378265484
4,7,80,0.7544314473258652
4,7,81,0.7846879378265484
4,7,82,1.0
4,7,83,0.7764734579093279
4,7,84,0.9776764401471545
4,7,85,0.9776764401471545
4,7,86,1.0
4,7,87,1.0
4,7,88,0.9776764401471545
4,7,89,0.7846879378265484
4,7,90,1.0
4,7,91,0.794093160178949
4,7,92,1.0
4,7,93,1.0
4,7,94,0.9454140244677788
4,7,95,1.0
4,7,96,0.7846879378265484
4,7,97,1.0
4,7,98,1.0
4,7,99,0.9365972202841413
4,8,9,0.9370453051785338
4,8,10,0.7741790948423118
4,8,11,0.9454140244677788
4,8,12,1.0
4,8,13,0.7741102541147155
4,8,14,0.9454140244677788
4,8,15,0.9454140244677788
4,8,16,0.9666128564219394
4,8,17,0.7360646103030288
4,8,18,0.7741102541147155
4,8,19,0.9454140244677788
4,8,20,0.9454140244677788
4,8,21,0.7435774660326517
4,8,22,0.9454140244677788
4,8,23,0.8327943898968955
4,8,24,0.7435774660326517
4,8,25,1.0
4,8,26,0.9454140244677788
4,8,27,0.7741102541147155
4,8,28,0.9454140244677788
4,8,29,0.7741102541147155
4,8,30,0.9454140244677788
4,8,31,0.9454140244677788
4,8,32,0.7741790948423118
4,8,33,0.9664323951089139
4,8,34,0.9580867895422005
4,8,35,0.9370453051785338
4,8,36,0.9454140244677788
4,8,37,0.8216030499958719
4,8,38,0.9370453051785338
4,8,39,0.7741790948423118
4,8,40,0.7741790948423118
4,8,41,0.9454140244677788
4,8,42,0.9454140244677788
4,8,43,0.9454140244677788
4,8,44,0.9580867895422005
4,8,45,0.9454140244677788
4,8,46,0.9454140244677788
4,8,47,0.9454140244677788
4,8,48,0.9370453051785338
4,8,49,0.9580867895422005
4,8,50,0.9370453051785338
4,8,51,0.9370453051785338
4,8,52,0.9454140244677788
4,8,53,0.9454140244677788
4,8,54,0.9580867895422005
4,8,55,0.9454140244677788
4,8,56,0.9454140244677788
4,8,57,0.7741790948423118
4,8,58,0.9454140244677788
4,8,59,0.9454140244677788
4,8,60,0.9454140244677788
4,8,61,0.9454140244677788
4,8,62,0.9454140244677788
4,8,63,0.9454140244677788
4,8,64,0.9454140244677788
4,8,65,0.9454140244677788
4,8,66,0.9370453051785338
4,8,67,0.9454140244677788
4,8,68,0.9454140244677788
4,8,69,0.7741790948423118
4,8,70,0.9454140244677788
4,8,71,0.9454140244677788
4,8,72,0.9370453051785338
4,8,73,0.9454140244677788
4,8,74,0.9454140244677788
4,8,75,0.7834536722744414
4,8,76,0.9454140244677788
4,8,77,0.7741790948423118
4,8,78,0.7435774660326517
4,8,79,0.7741790948423118
4,8,80,0.7435774660326517
4,8,81,0.7741790948423118
4,8,82,0.9454140244677788
4,8,83,0.7661073404061337
4,8,84,0.9666128564219394
4,8,85,0.9666128564219394
4,8,86,0.9454140244677788
4,8,87,0.9454140244677788
4,8,88,0.9666128564219394
4,8,89,0.7741790948423118
4,8,90,0.9454140244677788
4,8,91,0.7834536722744414
4,8,92,0.9454140244677788
4,8,93,0.9454140244677788
4,8,94,1.0
4,8,95,0.9454140244677788
4,8,96,0.7741790948423118
4,8,97,0.9454140244677788
4,8,98,0.9454140244677788
4,8,99,0.9912385570270125
4,9,10,0.7934926337845085
4,9,11,0.9908700477842567
4,9,12,0.9370453051785338
4,9,13,0.777627666974689
4,9,14,0.9908700477842567
4,9,15,0.9908700477842567
4,9,16,0.9688476125557904
4,9,17,0.7391541824611111
4,9,18,0.777627666974689
4,9,19,0.9908700477842567
4,9,20,0.9908700477842567
4,9,21,0.7468312038153508
4,9,22,0.9908700477842567
4,9,23,0.8353300429271996
4,9,24,0.7468312038153508
4,9,25,0.9370453051785338
4,9,26,0.9908700477842567
4,9,27,0.777627666974689
4,9,28,0.9908700477842567
4,9,29,0.777627666974689
4,9,30,0.9908700477842567
4,9,31,0.9908700477842567
4,9,32,0.7934926337845085
4,9,33,0.9067906348508019
4,9,34,0.9777692819308178
4,9,35,1.0
4,9,36,0.9908700477842567
4,9,37,0.824371014119979
4,9,38,1.0
4,9,39,0.7934926337845085
4,9,40,0.7934926337845085
4,9,41,0.9908700477842567
4,9,42,0.9908700477842567
4,9,43,0.9908700477842567
4,9,44,0.9777692819308178
4,9,45,0.9908700477842567
4,9,46,0.9908700477842567
4,9,47,0.9908700477842567
4,9,48,1.0
4,9,49,0.9777692819308178
4,9,50,1.0
4,9,51,1.0
4,9,52,0.9908700477842567
4,9,53,0.9908700477842567
4,9,54,0.9777692819308178
4,9,55,0.9908700477842567
4,9,56,0.9908700477842567
4,9,57,0.7934926337845085
4,9,58,0.9908700477842567
4,9,59,0.9908700477842567
4,9,60,0.9908700477842567
4,9,61,0.9908700477842567
4,9,62,0.9908700477842567
4,9,63,0.9908700477842567
4,9,64,0.9908700477842567
4,9,65,0.9908700477842567
4,9,66,1.0
4,9,67,0.9908700477842567
4,9,68,0.9908700477842567
4,9,69,0.7934926337845085
4,9,70,0.9908700477842567
4,9,71,0.9908700477842567
4,9,72,1.0
4,9,73,0.9908700477842567
4,9,74,0.9908700477842567
4,9,75,0.8029185026175598
4,9,76,0.9908700477842567
4,9,77,0.7934926337845085
4,9,78,0.7468312038153508
4,9,79,0.7934926337845085
4,9,80,0.7468312038153508
4,9,81,0.7934926337845085
4,9,82,0.9908700477842567
4,9,83,0.7852581968463974
4,9,84,0.9688476125557904
4,9,85,0.9688476125557904
4,9,86,0.9908700477842567
4,9,87,0.9908700477842567
4,9,88,0.9688476125557904
4,9,89,0.7934926337845085
4,9,90,0.9908700477842567
4,9,91,0.8029185026175598
4,9,92,0.9908700477842567
4,9,93,0.9908700477842567
4,9,94,0.9370453051785338
4,9,95,0.9908700477842567
4,9,96,0.7934926337845085
4,9,97,0.9908700477842567
4,9,98,0.9908700477842567
4,9,99,0.9456564992695551
4,10,11,0.7846879378265484
4,10,12,0.7741790948423118
4,10,13,0.9796614871834273
4,10,14,0.7846879378265484
4,10,15,0.7846879378265484
4,10,16,0.8019841764147049
4,10,17,0.9084211434023344
4,10,18,0.9796614871834273
4,10,19,0.7846879378265484
4,10,20,0.7846879378265484
4,10,21,0.9193651614110203
4,10,22,0.7846879378265484
4,10,23,0.9086137572116849
4,10,24,0.9193651614110203
4,10,25,0.7741790948423118
4,10,26,0.7846879378265484
4,10,27,0.9796614871834273
4,10,28,0.7846879378265484
4,10,29,0.9796614871834273
4,10,30,0.7846879378265484
4,10,31,0.7846879378265484
4,10,32,1.0
4,10,33,0.8002641025088978
4,10,34,0.8106793439959639
4,10,35,0.7934926337845085
4,10,36,0.7846879378265484
4,10,37,0.9413052841176412
4,10,38,0.7934926337845085
4,10,39,1.0
4,10,40,1.0
4,10,41,0.7846879378265484
4,10,42,0.7846879378265484
4,10,43,0.7846879378265484
4,10,44,0.8106793439959639
4,10,45,0.7846879378265484
4,10,46,0.7846879378265484
4,10,47,0.7846879378265484
4,10,48,0.7934926337845085
4,10,49,0.8106793439959639
4,10,50,0.7934926337845085
4,10,51,0.7934926337845085
4,10,52,0.7846879378265484
4,10,53,0.7846879378265484
4,10,54,0.8106793439959639
4,10,55,0.7846879378265484
4,10,56,0.7846879378265484
4,10,57,1.0
4,10,58,0.7846879378265484
4,10,59,0.7846879378265484
4,10,60,0.7846879378265484
4,10,61,0.7846879378265484
4,10,62,0.7846879378265484
4,10,63,0.7846879378265484
4,10,64,0.7846879378265484
4,10,65,0.7846879378265484
4,10,66,0.7934926337845085
4,10,67,0.7846879378265484
4,10,68,0.7846879378265484
4,10,69,1.0
4,10,70,0.7846879378265484
4,10,71,0.7846879378265484
4,10,72,0.7934926337845085
4,10,73,0.7846879378265484
4,10,74,0.7846879378265484
4,10,75,0.9881390135470622
4,10,76,0.7846879378265484
4,10,77,1.0
4,10,78,0.9193651614110203
4,10,79,1.0
4,10,80,0.9193651614110203
4,10,81,1.0
4,10,82,0.7846879378265484
4,10,83,0.9881390135470622
4,10,84,0.8019841764147049
4,10,85,0.8019841764147049
4,10,86,0.7846879378265484
4,10,87,0.7846879378265484
4,10,88,0.8019841764147049
4,10,89,1.0
4,10,90,0.7846879378265484
4,10,91,0.9881390135470622
4,10,92,0.7846879378265484
4,10,93,0.7846879378265484
4,10,94,0.7741790948423118
4,10,95,0.7846879378265484
4,10,96,1.0
4,10,97,0.7846879378265484
4,10,98,0.7846879378265484
4,10,99,0.782584724715456
4,11,12,0.9454140244677788
4,11,13,0.7849654827657713
4,11,14,1.0
4,11,15,1.0
4,11,16,0.9776764401471545
4,11,17,0.7467676314920093
4,11,18,0.7849654827657713
4,11,19,1.0
4,11,20,1.0
4,11,21,0.7544314473258652
4,11,22,1.0
4,11,23,0.8434266989913309
4,11,24,0.7544314473258652
4,11,25,0.9454140244677788
4,11,26,1.0
4,11,27,0.7849654827657713
4,11,28,1.0
4,11,29,0.7849654827657713
4,11,30,1.0
4,11,31,1.0
4,11,32,0.7846879378265484
4,11,33,0.9146890382067759
4,11,34,0.9686658599039086
4,11,35,0.9908700477842567
4,11,36,1.0
4,11,37,0.8321314809309396
4,11,38,0.9908700477842567
4,11,39,0.7846879378265484
4,11,40,0.7846879378265484
4,11,41,1.0
4,11,42,1.0
4,11,43,1.0
4,11,44,0.9686658599039086
4,11,45,1.0
4,11,46,1.0
4,11,47,1.0
4,11,48,0.9908700477842567
4,11,49,0.9686658599039086
4,11,50,0.9908700477842567
4,11,51,0.9908700477842567
4,11,52,1.0
4,11,53,1.0
4,11,54,0.9686658599039086
4,11,55,1.0
4,11,56,1.0
4,11,57,0.7846879378265484
4,11,58,1.0
4,11,59,1.0
4,11,60,1.0
4,11,61,1.0
4,11,62,1.0
4,11,63,1.0
4,11,64,1.0
4,11,65,1.0
4,11,66,0.9908700477842567
4,11,67,1.0
4,11,68,1.0
4,11,69,0.7846879378265484
4,11,70,1.0
4,11,71,1.0
4,11,72,0.9908700477842567
4,11,73,1.0
4,11,74,1.0
4,11,75,0.794093160178949
4,11,76,1.0
4,11,77,0.7846879378265484
4,11,78,0.7544314473258652
4,11,79,0.7846879378265484
4,11,80,0.7544314473258652
4,11,81,0.7846879378265484
4,11,82,1.0
4,11,83,0.7764734579093279
4,11,84,0.9776764401471545
4,11,85,0.9776764401471545
4,11,86,1.0
4,11,87,1.0
4,11,88,0.9776764401471545
4,11,89,0.7846879378265484
4,11,90,1.0
4,11,91,0.794093160178949
4,11,92,1.0
4,11,93,1.0
4,11,94,0.9454140244677788
4,11,95,1.0
4,11,96,0.7846879378265484
4,11,97,1.0
4,11,98,1.0
4,11,99,0.9365972202841413
4,12,13,0.7741102541147155
4,12,14,0.9454140244677788
4,12,15,0.9454140244677788
4,12,16,0.9666128564219394
4,12,17,0.7360646103030288
4,12,18,0.7741102541147155
4,12,19,0.9454140244677788
4,12,20,0.9454140244677788
4,12,21,0.7435774660326517
4,12,22,0.9454140244677788
4,12,23,0.8327943898968955
4,12,24,0.7435774660326517
4,12,25,1.0
4,12,26,0.9454140244677788
4,12,27,0.7741102541147155
4,12,28,0.9454140244677788
4,12,29,0.7741102541147155
4,12,30,0.9454140244677788
4,12,31,0.9454140244677788
4,12,32,0.7741790948423118
4,12,33,0.9664323951089139
4,12,34,0.9580867895422005
4,12,35,0.9370453051785338
4,12,36,0.9454140244677788
4,12,37,0.8216030499958719
4,12,38,0.9370453051785338
4,12,39,0.7741790948423118
4,12,40,0.7741790948423118
4,12,41,0.9454140244677788
4,12,42,0.9454140244677788
4,12,43,0.9454140244677788
4,12,44,0.9580867895422005
4,12,45,0.9454140244677788
4,12,46,0.9454140244677788
4,12,47,0.9454140244677788
4,12,48,0.9370453051785338
4,12,49,0.9580867895422005
4,12,50,0.9370453051785338
4,12,51,0.9370453051785338
4,12,52,0.9454140244677788
4,12,53,0.9454140244677788
4,12,54,0.9580867895422005
4,12,55,0.9454140244677788
4,12,56,0.9454140244677788
4,12,57,0.7741790948423118
4,12,58,0.9454140244677788
4,12,59,0.9454140244677788
4,12,60,0.9454140244677788
4,12,61,0.9454140244677788
4,12,62,0.9454140244677788
4,12,63,0.9454140244677788
4,12,64,0.9454140244677788
4,12,65,0.9454140244677788
4,12,66,0.9370453051785338
4,12,67,0.9454140244677788
4,12,68,0.9454140244677788
4,12,69,0.7741790948423118
4,12,70,0.9454140244677788
4,12,71,0.9454140244677788
4,12,72,0.9370453051785338
4,12,73,0.9454140244677788
4,12,74,0.9454140244677788
4,12,75,0.7834536722744414
4,12,76,0.9454140244677788
4,12,77,0.7741790948423118
4,12,78,0.7435774660326517
4,12,79,0.7741790948423118
4,12,80,0.7435774660326517
4,12,81,0.7741790948423118
4,12,82,0.9454140244677788
4,12,83,0.7661073404061337
4,12,84,0.9666128564219394
4,12,85,0.9666128564219394
4,12,86,0.9454140244677788
4,12,87,0.9454140244677788
4,12,88,0.9666128564219394
4,12,89,0.7741790948423118
4,12,90,0.9454140244677788
4,12,91,0.7834536722744414
4,12,92,0.9454140244677788
4,12,93,0.9454140244677788
4,12,94,1.0
4,12,95,0.9454140244677788
4,12,96,0.7741790948423118
4,12,97,0.9454140244677788
4,12,98,0.9454140244677788
4,12,99,0.9912385570270125
4,13,14,0.7849654827657713
4,13,15,0.7849654827657713
4,13,16,0.8018612550629426
4,13,17,0.9281342583998576
4,13,18,1.0
4,13,19,0.7849654827657713
4,13,20,0.7849654827657713
4,13,21,0.9392576338966611
4,13,22,0.7849654827657713
4,13,23,0.928031367986725
4,13,24,0.9392576338966611
4,13,25,0.7741102541147155
4,13,26,0.7849654827657713
4,13,27,1.0
4,13,28,0.7849654827657713
4,13,29,1.0
4,13,30,0.7849654827657713
4,13,31,0.7849654827657713
4,13,32,0.9796614871834273
4,13,33,0.7995863224347235
4,13,34,0.7943722579355704
4,13,35,0.777627666974689
4,13,36,0.7849654827657713
4,13,37,0.9384711567016109
4,13,38,0.777627666974689
4,13,39,0.9796614871834273
4,13,40,0.9796614871834273
4,13,41,0.7849654827657713
4,13,42,0.7849654827657713
4,13,43,0.7849654827657713
4,13,44,0.7943722579355704
4,13,45,0.7849654827657713
4,13,46,0.7849654827657713
4,13,47,0.7849654827657713
4,13,48,0.777627666974689
4,13,49,0.7943722579355704
4,13,50,0.777627666974689
4,13,51,0.777627666974689
4,13,52,0.7849654827657713
4,13,53,0.7849654827657713
4,13,54,0.7943722579355704
4,13,55,0.7849654827657713
4,13,56,0.7849654827657713
4,13,57,0.9796614871834273
4,13,58,0.7849654827657713
4,13,59,0.7849654827657713
4,13,60,0.7849654827657713
4,13,61,0.7849654827657713
4,13,62,0.7849654827657713
4,13,63,0.7849654827657713
4,13,64,0.7849654827657713
4,13,65,0.7849654827657713
4,13,66,0.777627666974689
4,13,67,0.7849654827657713
4,13,68,0.7849654827657713
4,13,69,0.9796614871834273
4,13,70,0.7849654827657713
4,13,71,0.7849654827657713
4,13,72,0.777627666974689
4,13,73,0.7849654827657713
4,13,74,0.7849654827657713
4,13,75,0.968017608225668
4,13,76,0.7849654827657713
4,13,77,0.9796614871834273
4,13,78,0.9392576338966611
4,13,79,0.9796614871834273
4,13,80,0.9392576338966611
4,13,81,0.9796614871834273
4,13,82,0.7849654827657713
4,13,83,0.9915031854689088
4,13,84,0.8018612550629426
4,13,85,0.8018612550629426
4,13,86,0.7849654827657713
4,13,87,0.7849654827657713
4,13,88,0.8018612550629426
4,13,89,0.9796614871834273
4,13,90,0.7849654827657713
4,13,91,0.968017608225668
4,13,92,0.7849654827657713
4,13,93,0.7849654827657713
4,13,94,0.7741102541147155
4,13,95,0.7849654827657713
4,13,96,0.9796614871834273
4,13,97,0.7849654827657713
4,13,98,0.7849654827657713
4,13,99,0.7668476160070365
4,14,15,1.0
4,14,16,0.9776764401471545
4,14,17,0.7467676314920093
4,14,18,0.7849654827657713
4,14,19,1.0
4,14,20,1.0
4,14,21,0.7544314473258652
4,14,22,1.0
4,14,23,0.8434266989913309
4,14,24,0.7544314473258652
4,14,25,0.9454140244677788
4,14,26,1.0
4,14,27,0.7849654827657713
4,14,28,1.0
4,14,29,0.7849654827657713
4,14,30,1.0
4,14,31,1.0
4,14,32,0.7846879378265484
4,14,33,0.9146890382067759
4,14,34,0.9686658599039086
4,14,35,0.9908700477842567
4,14,36,1.0
4,14,37,0.8321314809309396
4,14,38,0.9908700477842567
4,14,39,0.7846879378265484
4,14,40,0.7846879378265484
4,14,41,1.0
4,14,42,1.0
4,14,43,1.0
4,14,44,0.9686658599039086
4,14,45,1.0
4,14,46,1.0
4,14,47,1.0
4,14,48,0.9908700477842567
4,14,49,0.9686658599039086
4,14,50,0.9908700477842567
4,14,51,0.9908700477842567
4,14,52,1.0
4,14,53,1.0
4,14,54,0.9686658599039086
4,14,55,1.0
4,14,56,1.0
4,14,57,0.7846879378265484
4,14,58,1.0
4,14,59,1.0
4,14,60,1.0
4,14,61,1.0
4,14,62,1.0
4,14,63,1.0
4,14,64,1.0
4,14,65,1.0
4,14,66,0.9908700477842567
4,14,67,1.0
4,14,68,1.0
4,14,69,0.7846879378265484
4,14,70,1.0
4,14,71,1.0
4,14,72,0.9908700477842567
4,14,73,1.0
4,14,74,1.0
4,14,75,0.794093160178949
4,14,76,1.0
4,14,77,0.7846879378265484
4,14,78,0.7544314473258652
4,14,79,0.7846879378265484
4,14,80,0.7544314473258652
4,14,81,0.7846879378265484
4,14,82,1.0
4,14,83,0.7764734579093279
4,14,84,0.9776764401471545
4,14,85,0.9776764401471545
4,14,86,1.0
4,14,87,1.0
4,14,88,0.9776764401471545
4,14,89,0.7846879378265484
4,14,90,1.0
4,14,91,0.794093160178949
4,14,92,1.0
4,14,93,1.0
4,14,94,0.9454140244677788
4,14,95,1.0
4,14,96,0.7846879378265484
4,14,97,1.0
4,14,98,1.0
4,14,99,0.9365972202841413
4,15,16,0.9776764401471545
4,15,17,0.7467676314920093
4,15,18,0.7849654827657713
4,15,19,1.0
4,15,20,1.0
4,15,21,0.7544314473258652
4,15,22,1.0
4,15,23,0.8434266989913309
4,15,24,0.7544314473258652
4,15,25,0.9454140244677788
4,15,26,1.0
4,15,27,0.7849654827657713
4,15,28,1.0
4,15,29,0.7849654827657713
4,15,30,1.0
4,15,31,1.0
4,15,32,0.7846879378265484
4,15,33,0.9146890382067759
4,15,34,0.9686658599039086
4,15,35,0.9908700477842567
4,15,36,1.0
4,15,37,0.8321314809309396
4,15,38,0.9908700477842567
4,15,39,0.7846879378265484
4,15,40,0.7846879378265484
4,15,41,1.0
4,15,42,1.0
4,15,43,1.0
4,15,44,0.9686658599039086
4,15,45,1.0
4,15,46,1.0
4,15,47,1.0
4,15,48,0.9908700477842567
4,15,49,0.9686658599039086
4,15,50,0.9908700477842567
4,15,51,0.9908700477842567
4,15,52,1.0
4,15,53,1.0
4,15,54,0.9686658599039086
4,15,55,1.0
4,15,56,1.0
4,15,57,0.7846879378265484
4,15,58,1.0
4,15,59,1.0
4,15,60,1.0
4,15,61,1.0
4,15,62,1.0
4,15,63,1.0
4,15,64,1.0
4,15,65,1.0
4,15,66,0.9908700477842567
4,15,67,1.0
4,15,68,1.0
4,15,69,0.7846879378265484
4,15,70,1.0
4,15,71,1.0
4,15,72,0.9908700477842567
4,15,73,1.0
4,15,74,1.0
4,15,75,0.794093160178949
4,15,76,1.0
4,15,77,0.7846879378265484
4,15,78,0.7544314473258652
4,15,79,0.7846879378265484
4,15,80,0.7544314473258652
4,15,81,0.7846879378265484
4,15,82,1.0
4,15,83,0.7764734579093279
4,15,84,0.9776764401471545
4,15,85,0.9776764401471545
4,15,86,1.0
4,15,87,1.0
4,15,88,0.9776764401471545
4,15,89,0.7846879378265484
4,15,90,1.0
4,15,91,0.794093160178949
4,15,92,1.0
4,15,93,1.0
4,15,94,0.9454140244677788
4,15,95,1.0
4,15,96,0.7846879378265484
4,15,97,1.0
4,15,98,1.0
4,15,99,0.9365972202841413
4,16,17,0.7628154985591455
4,16,18,0.8018612550629426
4,16,19,0.9776764401471545
4,16,20,0.9776764401471545
4,16,21,0.770880182934737
4,16,22,0.9776764401471545
4,16,23,0.8630162726751739
4,16,24,0.770880182934737
4,16,25,0.9666128564219394
4,16,26,0.9776764401471545
4,16,27,0.8018612550629426
4,16,28,0.9776764401471545
4,16,29,0.8018612550629426
4,16,30,0.9776764401471545
4,16,31,0.9776764401471545
4,16,32,0.8019841764147049
4,16,33,0.93474471113964
4,16,34,0.9910126481187198
4,16,35,0.9688476125557904
4,16,36,0.9776764401471545
4,16,37,0.8513412463782002
4,16,38,0.9688476125557904
4,16,39,0.8019841764147049
4,16,40,0.8019841764147049
4,16,41,0.9776764401471545
4,16,42,0.9776764401471545
4,16,43,0.9776764401471545
4,16,44,0.9910126481187198
4,16,45,0.9776764401471545
4,16,46,0.9776764401471545
4,16,47,0.9776764401471545
4,16,48,0.9688476125557904
4,16,49,0.9910126481187198
4,16,50,0.9688476125557904
4,16,51,0.9688476125557904
4,16,52,0.9776764401471545
4,16,53,0.9776764401471545
4,16,54,0.9910126481187198
4,16,55,0.9776764401471545
4,16,56,0.9776764401471545
4,16,57,0.8019841764147049
4,16,58,0.9776764401471545
4,16,59,0.9776764401471545
4,16,60,0.9776764401471545
4,16,61,0.9776764401471545
4,16,62,0.9776764401471545
4,16,63,0.9776764401471545
4,16,64,0.9776764401471545
4,16,65,0.9776764401471545
4,16,66,0.9688476125557904
4,16,67,0.9776764401471545
4,16,68,0.9776764401471545
4,16,69,0.8019841764147049
4,16,70,0.9776764401471545
4,16,71,0.9776764401471545
4,16,72,0.9688476125557904
4,16,73,0.9776764401471545
4,16,74,0.9776764401471545
4,16,75,0.8117873920405333
4,16,76,0.9776764401471545
4,16,77,0.8019841764147049
4,16,78,0.770880182934737
4,16,79,0.8019841764147049
4,16,80,0.770880182934737
4,16,81,0.8019841764147049
4,16,82,0.9776764401471545
4,16,83,0.7933701822751535
4,16,84,1.0
4,16,85,1.0
4,16,86,0.9776764401471545
4,16,87,0.9776764401471545
4,16,88,1.0
4,16,89,0.8019841764147049
4,16,90,0.9776764401471545
4,16,91,0.8117873920405333
4,16,92,0.9776764401471545
4,16,93,0.9776764401471545
4,16,94,0.9666128564219394
4,16,95,0.9776764401471545
4,16,96,0.8019841764147049
4,16,97,0.9776764401471545
4,16,98,0.9776764401471545
4,16,99,0.9578140995735154
4,17,18,0.9281342583998576
4,17,19,0.7467676314920093
4,17,20,0.7467676314920093
4,17,21,0.9878886442707531
4,17,22,0.7467676314920093
4,17,23,0.8811803532591573
4,17,24,0.9878886442707531
4,17,25,0.7360646103030288
4,17,26,0.7467676314920093
4,17,27,0.9281342583998576
4,17,28,0.7467676314920093
4,17,29,0.9281342583998576
4,17,30,0.7467676314920093
4,17,31,0.7467676314920093
4,17,32,0.9084211434023344
4,17,33,0.760314718225775
4,17,34,0.7550514905592207
4,17,35,0.7391541824611111
4,17,36,0.7467676314920093
4,17,37,0.8911760877980425
4,17,38,0.7391541824611111
4,17,39,0.9084211434023344
4,17,40,0.9084211434023344
4,17,41,0.7467676314920093
4,17,42,0.7467676314920093
4,17,43,0.7467676314920093
4,17,44,0.7550514905592207
4,17,45,0.7467676314920093
4,17,46,0.7467676314920093
4,17,47,0.7467676314920093
4,17,48,0.7391541824611111
4,17,49,0.7550514905592207
4,17,50,0.7391541824611111
4,17,51,0.7391541824611111
4,17,52,0.7467676314920093
4,17,53,0.7467676314920093
4,17,54,0.7550514905592207
4,17,55,0.7467676314920093
4,17,56,0.7467676314920093
4,17,57,0.9084211434023344
4,17,58,0.7467676314920093
4,17,59,0.7467676314920093
4,17,60,0.7467676314920093
4,17,61,0.7467676314920093
4,17,62,0.7467676314920093
4,17,63,0.7467676314920093
4,17,64,0.7467676314920093
4,17,65,0.7467676314920093
4,17,66,0.7391541824611111
4,17,67,0.7467676314920093
4,17,68,0.7467676314920093
4,17,69,0.9084211434023344
4,17,70,0.7467676314920093
4,17,71,0.7467676314920093
4,17,72,0.7391541824611111
4,17,73,0.7467676314920093
4,17,74,0.7467676314920093
4,17,75,0.8975521515884214
4,17,76,0.7467676314920093
4,17,77,0.9084211434023344
4,17,78,0.9878886442707531
4,17,79,0.9084211434023344
4,17,80,0.9878886442707531
4,17,81,0.9084211434023344
4,17,82,0.7467676314920093
4,17,83,0.9195120818164392
4,17,84,0.7628154985591455
4,17,85,0.7628154985591455
4,17,86,0.7467676314920093
4,17,87,0.7467676314920093
4,17,88,0.7628154985591455
4,17,89,0.9084211434023344
4,17,90,0.7467676314920093
4,17,91,0.8975521515884214
4,17,92,0.7467676314920093
4,17,93,0.7467676314920093
4,17,94,0.7360646103030288
4,17,95,0.7467676314920093
4,17,96,0.9084211434023344
4,17,97,0.7467676314920093
4,17,98,0.7467676314920093
4,17,99,0.728533082744637
4,18,19,0.7849654827657713
4,18,20,0.7849654827657713
4,18,21,0.9392576338966611
4,18,22,0.7849654827657713
4,18,23,0.928031367986725
4,18,24,0.9392576338966611
4,18,25,0.7741102541147155
4,18,26,0.7849654827657713
4,18,27,1.0
4,18,28,0.7849654827657713
4,18,29,1.0
4,18,30,0.7849654827657713
4,18,31,0.7849654827657713
4,18,32,0.9796614871834273
4,18,33,0.7995863224347235
4,18,34,0.7943722579355704
4,18,35,0.777627666974689
4,18,36,0.7849654827657713
4,18,37,0.9384711567016109
4,18,38,0.777627666974689
4,18,39,0.9796614871834273
4,18,40,0.9796614871834273
4,18,41,0.7849654827657713
4,18,42,0.7849654827657713
4,18,43,0.7849654827657713
4,18,44,0.7943722579355704
4,18,45,0.7849654827657713
4,18,46,0.7849654827657713
4,18,47,0.7849654827657713
4,18,48,0.777627666974689
4,18,49,0.7943722579355704
4,18,50,0.777627666974689
4,18,51,0.777627666974689
4,18,52,0.7849654827657713
4,18,53,0.7849654827657713
4,18,54,0.7943722579355704
4,18,55,0.7849654827657713
4,18,56,0.7849654827657713
4,18,57,0.9796614871834273
4,18,58,0.7849654827657713
4,18,59,0.7849654827657713
4,18,60,0.7849654827657713
4,18,61,0.7849654827657713
4,18,62,0.7849654827657713
4,18,63,0.7849654827657713
4,18,64,0.7849654827657713
4,18,65,0.7849654827657713
4,18,66,0.777627666974689
4,18,67,0.7849654827657713
4,18,68,0.7849654827657713
4,18,69,0.9796614871834273
4,18,70,0.7849654827657713
4,18,71,0.7849654827657713
4,18,72,0.777627666974689
4,18,73,0.7849654827657713
4,18,74,0.7849654827657713
4,18,75,0.968017608225668
4,18,76,0.7849654827657713
4,18,77,0.9796614871834273
4,18,78,0.9392576338966611
4,18,79,0.9796614871834273
4,18,80,0.9392576338966611
4,18,81,0.9796614871834273
4,18,82,0.7849654827657713
4,18,83,0.9915031854689088
4,18,84,0.8018612550629426
4,18,85,0.8018612550629426
4,18,86,0.7849654827657713
4,18,87,0.7849654827657713
4,18,88,0.8018612550629426
4,18,89,0.9796614871834273
4,18,90,0.7849654827657713
4,18,91,0.968017608225668
4,18,92,0.7849654827657713
4,18,93,0.7849654827657713
4,18,94,0.7741102541147155
4,18,95,0.7849654827657713
4,18,96,0.9796614871834273
4,18,97,0.7849654827657713
4,18,98,0.7849654827657713
4,18,99,0.7668476160070365
4,19,20,1.0
4,19,21,0.7544314473258652
4,19,22,1.0
4,19,23,0.8434266989913309
4,19,24,0.7544314473258652
4,19,25,0.9454140244677788
4,19,26,1.0
4,19,27,0.7849654827657713
4,19,28,1.0
4,19,29,0.7849654827657713
4,19,30,1.0
4,19,31,1.0
4,19,32,0.7846879378265484
4,19,33,0.9146890382067759
4,19,34,0.9686658599039086
4,19,35,0.9908700477842567
4,19,36,1.0
4,19,37,0.8321314809309396
4,19,38,0.9908700477842567
4,19,39,0.7846879378265484
4,19,40,0.7846879378265484
4,19,41,1.0
4,19,42,1.0
4,19,43,1.0
4,19,44,0.9686658599039086
4,19,45,1.0
4,19,46,1.0
4,19,47,1.0
4,19,48,0.9908700477842567
4,19,49,0.9686658599039086
4,19,50,0.9908700477842567
4,19,51,0.9908700477842567
4,19,52,1.0
4,19,53,1.0
4,19,54,0.9686658599039086
4,19,55,1.0
4,19,56,1.0
4,19,57,0.7846879378265484
4,19,58,1.0
4,19,59,1.0
4,19,60,1.0
4,19,61,1.0
4,19,62,1.0
4,19,63,1.0
4,19,64,1.0
4,19,65,1.0
4,19,66,0.9908700477842567
4,19,67,1.0
4,19,68,1.0
4,19,69,0.7846879378265484
4,19,70,1.0
4,19,71,1.0
4,19,72,0.9908700477842567
4,19,73,1.0
4,19,74,1.0
4,19,75,0.794093160178949
4,19,76,1.0
4,19,77,0.7846879378265484
4,19,78,0.7544314473258652
4,19,79,0.7846879378265484
4,19,80,0.7544314473258652
4,19,81,0.7846879378265484
4,19,82,1.0
4,19,83,0.7764734579093279
4,19,84,0.9776764401471545
4,19,85,0.9776764401471545
4,19,86,1.0
4,19,87,1.0
4,19,88,0.9776764401471545
4,19,89,0.7846879378265484
4,19,90,1.0
4,19,91,0.794093160178949
4,19,92,1.0
4,19,93,1.0
4,19,94,0.9454140244677788
4,19,95,1.0
4,19,96,0.7846879378265484
4,19,97,1.0
4,19,98,1.0
4,19,99,0.9365972202841413
4,20,21,0.7544314473258652
4,20,22,1.0
4,20,23,0.8434266989913309
4,20,24,0.7544314473258652
4,20,25,0.9454140244677788
4,20,26,1.0
4,20,27,0.7849654827657713
4,20,28,1.0
4,20,29,0.7849654827657713
4,20,30,1.0
4,20,31,1.0
4,20,32,0.7846879378265484
4,20,33,0.9146890382067759
4,20,34,0.9686658599039086
4,20,35,0.9908700477842567
4,20,36,1.0
4,20,37,0.8321314809309396
4,20,38,0.9908700477842567
4,20,39,0.7846879378265484
4,20,40,0.7846879378265484
4,20,41,1.0
4,20,42,1.0
4,20,43,1.0
4,20,44,0.9686658599039086
4,20,45,1.0
4,20,46,1.0
4,20,47,1.0
4,20,48,0.9908700477842567
4,20,49,0.9686658599039086
4,20,50,0.9908700477842567
4,20,51,0.9908700477842567
4,20,52,1.0
4,20,53,1.0
4,20,54,0.9686658599039086
4,20,55,1.0
4,20,56,1.0
4,20,57,0.7846879378265484
4,20,58,1.0
4,20,59,1.0
4,20,60,1.0
4,20,61,1.0
4,20,62,1.0
4,20,63,1.0
4,20,64,1.0
4,20,65,1.0
4,20,66,0.9908700477842567
4,20,67,1.0
4,20,68,1.0
4,20,69,0.7846879378265484
4,20,70,1.0
4,20,71,1.0
4,20,72,0.9908700477842567
4,20,73,1.0
4,20,74,1.0
4,20,75,0.794093160178949
4,20,76,1.0
4,20,77,0.7846879378265484
4,20,78,0.7544314473258652
4,20,79,0.7846879378265484
4,20,80,0.7544314473258652
4,20,81,0.7846879378265484
4,20,82,1.0
4,20,83,0.7764734579093279
4,20,84,0.9776764401471545
4,20,85,0.9776764401471545
4,20,86,1.0
4,20,87,1.0
4,20,88,0.9776764401471545
4,20,89,0.7846879378265484
4,20,90,1.0
4,20,91,0.794093160178949
4,20,92,1.0
4,20,93,1.0
4,20,94,0.9454140244677788
4,20,95,1.0
4,20,96,0.7846879378265484
4,20,97,1.0
4,20,98,1.0
4,20,99,0.9365972202841413
4,21,22,0.7544314473258652
4,21,23,0.8916572712017098
4,21,24,1.0
4,21,25,0.7435774660326517
4,21,26,0.7544314473258652
4,21,27,0.9392576338966611
4,21,28,0.7544314473258652
4,21,29,0.9392576338966611
4,21,30,0.7544314473258652
4,21,31,0.7544314473258652
4,21,32,0.9193651614110203
4,21,33,0.7684223330896244
4,21,34,0.7631296668899032
4,21,35,0.7468312038153508
4,21,36,0.7544314473258652
4,21,37,0.9018618337227722
4,21,38,0.7468312038153508
4,21,39,0.9193651614110203
4,21,40,0.9193651614110203
4,21,41,0.7544314473258652
4,21,42,0.7544314473258652
4,21,43,0.7544314473258652
4,21,44,0.7631296668899032
4,21,45,0.7544314473258652
4,21,46,0.7544314473258652
4,21,47,0.7544314473258652
4,21,48,0.7468312038153508
4,21,49,0.7631296668899032
4,21,50,0.7468312038153508
4,21,51,0.7468312038153508
4,21,52,0.7544314473258652
4,21,53,0.7544314473258652
4,21,54,0.7631296668899032
4,21,55,0.7544314473258652
4,21,56,0.7544314473258652
4,21,57,0.9193651614110203
4,21,58,0.7544314473258652
4,21,59,0.7544314473258652
4,21,60,0.7544314473258652
4,21,61,0.7544314473258652
4,21,62,0.7544314473258652
4,21,63,0.7544314473258652
4,21,64,0.7544314473258652
4,21,65,0.7544314473258652
4,21,66,0.7468312038153508
4,21,67,0.7544314473258652
4,21,68,0.7544314473258652
4,21,69,0.9193651614110203
4,21,70,0.7544314473258652
4,21,71,0.7544314473258652
4,21,72,0.7468312038153508
4,21,73,0.7544314473258652
4,21,74,0.7544314473258652
4,21,75,0.9082982036323495
4,21,76,0.7544314473258652
4,21,77,0.9193651614110203
4,21,78,1.0
4,21,79,0.9193651614110203
4,21,80,1.0
4,21,81,0.9193651614110203
4,21,82,0.7544314473258652
4,21,83,0.9306505164969643
4,21,84,0.770880182934737
4,21,85,0.770880182934737
4,21,86,0.7544314473258652
4,21,87,0.7544314473258652
4,21,88,0.770880182934737
4,21,89,0.9193651614110203
4,21,90,0.7544314473258652
4,21,91,0.9082982036323495
4,21,92,0.7544314473258652
4,21,93,0.7544314473258652
4,21,94,0.7435774660326517
4,21,95,0.7544314473258652
4,21,96,0.9193651614110203
4,21,97,0.7544314473258652
4,21,98,0.7544314473258652
4,21,99,0.7360573098510209
4,22,23,0.8434266989913309
4,22,24,0.7544314473258652
4,22,25,0.9454140244677788
4,22,26,1.0
4,22,27,0.7849654827657713
4,22,28,1.0
4,22,29,0.7849654827657713
4,22,30,1.0
4,22,31,1.0
4,22,32,0.7846879378265484
4,22,33,0.9146890382067759
4,22,34,0.9686658599039086
4,22,35,0.9908700477842567
4,22,36,1.0
4,22,37,0.8321314809309396
4,22,38,0.9908700477842567
4,22,39,0.7846879378265484
4,22,40,0.7846879378265484
4,22,41,1.0
4,22,42,1.0
4,22,43,1.0
4,22,44,0.9686658599039086
4,22,45,1.0
4,22,46,1.0
4,22,47,1.0
4,22,48,0.9908700477842567
4,22,49,0.9686658599039086
4,22,50,0.9908700477842567
4,22,51,0.9908700477842567
4,22,52,1.0
4,22,53,1.0
4,22,54,0.9686658599039086
4,22,55,1.0
4,22,56,1.0
4,22,57,0.7846879378265484
4,22,58,1.0
4,22,59,1.0
4,22,60,1.0
4,22,61,1.0
4,22,62,1.0
4,22,63,1.0
4,22,64,1.0
4,22,65,1.0
4,22,66,0.9908700477842567
4,22,67,1.0
4,22,68,1.0
4,22,69,0.7846879378265484
4,22,70,1.0
4,22,71,1.0
4,22,72,0.9908700477842567
4,22,73,1.0
4,22,74,1.0
4,22,75,0.794093160178949
4,22,76,1.0
4,22,77,0.7846879378265484
4,22,78,0.7544314473258652
4,22,79,0.7846879378265484
4,22,80,0.7544314473258652
4,22,81,0.7846879378265484
4,22,82,1.0
4,22,83,0.7764734579093279
4,22,84,0.9776764401471545
4,22,85,0.9776764401471545
4,22,86,1.0
4,22,87,1.0
4,22,88,0.9776764401471545
4,22,89,0.7846879378265484
4,22,90,1.0
4,22,91,0.794093160178949
4,22,92,1.0
4,22,93,1.0
4,22,94,0.9454140244677788
4,22,95,1.0
4,22,96,0.7846879378265484
4,22,97,1.0
4,22,98,1.0
4,22,99,0.9365972202841413
4,23,24,0.8916572712017098
4,23,25,0.8327943898968955
4,23,26,0.8434266989913309
4,23,27,0.928031367986725
4,23,28,0.8434266989913309
4,23,29,0.928031367986725
4,23,30,0.8434266989913309
4,23,31,0.8434266989913309
4,23,32,0.9086137572116849
4,23,33,0.8228079522282222
4,23,34,0.8547675845086874
4,23,35,0.8353300429271996
4,23,36,0.8434266989913309
4,23,37,0.9645705655787385
4,23,38,0.8353300429271996
4,23,39,0.9086137572116849
4,23,40,0.9086137572116849
4,23,41,0.8434266989913309
4,23,42,0.8434266989913309
4,23,43,0.8434266989913309
4,23,44,0.8547675845086874
4,23,45,0.8434266989913309
4,23,46,0.8434266989913309
4,23,47,0.8434266989913309
4,23,48,0.8353300429271996
4,23,49,0.8547675845086874
4,23,50,0.8353300429271996
4,23,51,0.8353300429271996
4,23,52,0.8434266989913309
4,23,53,0.8434266989913309
4,23,54,0.8547675845086874
4,23,55,0.8434266989913309
4,23,56,0.8434266989913309
4,23,57,0.9086137572116849
4,23,58,0.8434266989913309
4,23,59,0.8434266989913309
4,23,60,0.8434266989913309
4,23,61,0.8434266989913309
4,23,62,0.8434266989913309
4,23,63,0.8434266989913309
4,23,64,0.8434266989913309
4,23,65,0.8434266989913309
4,23,66,0.8353300429271996
4,23,67,0.8434266989913309
4,23,68,0.8434266989913309
4,23,69,0.9086137572116849
4,23,70,0.8434266989913309
4,23,71,0.8434266989913309
4,23,72,0.8353300429271996
4,23,73,0.8434266989913309
4,23,74,0.8434266989913309
4,23,75,0.9194565829164911
4,23,76,0.8434266989913309
4,23,77,0.9086137572116849
4,23,78,0.8916572712017098
4,23,79,0.9086137572116849
4,23,80,0.8916572712017098
4,23,81,0.9086137572116849
4,23,82,0.8434266989913309
4,23,83,0.9194565829164911
4,23,84,0.8630162726751739
4,23,85,0.8630162726751739
4,23,86,0.8434266989913309
4,23,87,0.8434266989913309
4,23,88,0.8630162726751739
4,23,89,0.9086137572116849
4,23,90,0.8434266989913309
4,23,91,0.9194565829164911
4,23,92,0.8434266989913309
4,23,93,0.8434266989913309
4,23,94,0.8327943898968955
4,23,95,0.8434266989913309
4,23,96,0.9086137572116849
4,23,97,0.8434266989913309
4,23,98,0.8434266989913309
4,23,99,0.8247573353422688
4,24,25,0.7435774660326517
4,24,26,0.7544314473258652
4,24,27,0.9392576338966611
4,24,28,0.7544314473258652
4,24,29,0.9392576338966611
4,24,30,0.7544314473258652
4,24,31,0.7544314473258652
4,24,32,0.9193651614110203
4,24,33,0.7684223330896244
4,24,34,0.7631296668899032
4,24,35,0.7468312038153508
4,24,36,0.7544314473258652
4,24,37,0.9018618337227722
4,24,38,0.7468312038153508
4,24,39,0.9193651614110203
4,24,40,0.9193651614110203
4,24,41,0.7544314473258652
4,24,42,0.7544314473258652
4,24,43,0.7544314473258652
4,24,44,0.7631296668899032
4,24,45,0.7544314473258652
4,24,46,0.7544314473258652
4,24,47,0.7544314473258652
4,24,48,0.7468312038153508
4,24,49,0.7631296668899032
4,24,50,0.7468312038153508
4,24,51,0.7468312038153508
4,24,52,0.7544314473258652
4,24,53,0.7544314473258652
4,24,54,0.7631296668899032
4,24,55,0.7544314473258652
4,24,56,0.7544314473258652
4,24,57,0.9193651614110203
4,24,58,0.7544314473258652
4,24,59,0.7544314473258652
4,24,60,0.7544314473258652
4,24,61,0.7544314473258652
4,24,62,0.7544314473258652
4,24,63,0.7544314473258652
4,24,64,0.7544314473258652
4,24,65,0.7544314473258652
4,24,66,0.7468312038153508
4,24,67,0.7544314473258652
4,24,68,0.7544314473258652
4,24,69,0.9193651614110203
4,24,70,0.7544314473258652
4,24,71,0.7544314473258652
4,24,72,0.7468312038153508
4,24,73,0.7544314473258652
4,24,74,0.7544314473258652
4,24,75,0.9082982036323495
4,24,76,0.7544314473258652
4,24,77,0.9193651614110203
4,24,78,1.0
4,24,79,0.9193651614110203
4,24,80,1.0
4,24,81,0.9193651614110203
4,24,82,0.7544314473258652
4,24,83,0.9306505164969643
4,24,84,0.770880182934737
4,24,85,0.770880182934737
4,24,86,0.7544314473258652
4,24,87,0.7544314473258652
4,24,88,0.770880182934737
4,24,89,0.9193651614110203
4,24,90,0.7544314473258652
4,24,91,0.9082982036323495
4,24,92,0.7544314473258652
4,24,93,0.7544314473258652
4,24,94,0.7435774660326517
4,24,95,0.7544314473258652
4,24,96,0.9193651614110203
4,24,97,0.7544314473258652
4,24,98,0.7544314473258652
4,24,99,0.7360573098510209
4,25,26,0.9454140244677788
4,25,27,0.7741102541147155
4,25,28,0.9454140244677788
4,25,29,0.7741102541147155
4,25,30,0.9454140244677788
4,25,31,0.9454140244677788
4,25,32,0.7741790948423118
4,25,33,0.9664323951089139
4,25,34,0.9580867895422005
4,25,35,0.9370453051785338
4,25,36,0.9454140244677788
4,25,37,0.8216030499958719
4,25,38,0.9370453051785338
4,25,39,0.7741790948423118
4,25,40,0.7741790948423118
4,25,41,0.9454140244677788
4,25,42,0.9454140244677788
4,25,43,0.9454140244677788
4,25,44,0.9580867895422005
4,25,45,0.9454140244677788
4,25,46,0.9454140244677788
4,25,47,0.9454140244677788
4,25,48,0.9370453051785338
4,25,49,0.9580867895422005
4,25,50,0.9370453051785338
4,25,51,0.9370453051785338
4,25,52,0.9454140244677788
4,25,53,0.9454140244677788
4,25,54,0.9580867895422005
4,25,55,0.9454140244677788
4,25,56,0.9454140244677788
4,25,57,0.7741790948423118
4,25,58,0.9454140244677788
4,25,59,0.9454140244677788
4,25,60,0.9454140244677788
4,25,61,0.9454140244677788
4,25,62,0.9454140244677788
4,25,63,0.9454140244677788
4,25,64,0.9454140244677788
4,25,65,0.9454140244677788
4,25,66,0.9370453051785338
4,25,67,0.9454140244677788
4,25,68,0.9454140244677788
4,25,69,0.7741790948423118
4,25,70,0.9454140244677788
4,25,71,0.9454140244677788
4,25,72,0.9370453051785338
4,25,73,0.9454140244677788
4,25,74,0.9454140244677788
4,25,75,0.7834536722744414
4,25,76,0.9454140244677788
4,25,77,0.7741790948423118
4,25,78,0.7435774660326517
4,25,79,0.7741790948423118
4,25,80,0.7435774660326517
4,25,81,0.7741790948423118
4,25,82,0.9454140244677788
4,25,83,0.7661073404061337
4,25,84,0.9666128564219394
4,25,85,0.9666128564219394
4,25,86,0.9454140244677788
4,25,87,0.9454140244677788
4,25,88,0.9666128564219394
4,25,89,0.7741790948423118
4,25,90,0.9454140244677788
4,25,91,0.7834536722744414
4,25,92,0.9454140244677788
4,25,93,0.9454140244677788
4,25,94,1.0
4,25,95,0.9454140244677788
4,25,96,0.7741790948423118
4,25,97,0.9454140244677788
4,25,98,0.9454140244677788
4,25,99,0.9912385570270125
4,26,27,0.7849654827657713
4,26,28,1.0
4,26,29,0.7849654827657713
4,26,30,1.0
4,26,31,1.0
4,26,32,0.7846879378265484
4,26,33,0.9146890382067759
4,26,34,0.9686658599039086
4,26,35,0.9908700477842567
4,26,36,1.0
4,26,37,0.8321314809309396
4,26,38,0.9908700477842567
4,26,39,0.7846879378265484
4,26,40,0.7846879378265484
4,26,41,1.0
4,26,42,1.0
4,26,43,1.0
4,26,44,0.9686658599039086
4,26,45,1.0
4,26,46,1.0
4,26,47,1.0
4,26,48,0.9908700477842567
4,26,49,0.9686658599039086
4,26,50,0.9908700477842567
4,26,51,0.9908700477842567
4,26,52,1.0
4,26,53,1.0
4,26,54,0.9686658599039086
4,26,55,1.0
4,26,56,1.0
4,26,57,0.7846879378265484
4,26,58,1.0
4,26,59,1.0
4,26,60,1.0
4,26,61,1.0
4,26,62,1.0
4,26,63,1.0
4,26,64,1.0
4,26,65,1.0
4,26,66,0.9908700477842567
4,26,67,1.0
4,26,68,1.0
4,26,69,0.7846879378265484
4,26,70,1.0
4,26,71,1.0
4,26,72,0.9908700477842567
4,26,73,1.0
4,26,74,1.0
4,26,75,0.794093160178949
4,26,76,1.0
4,26,77,0.7846879378265484
4,26,78,0.7544314473258652
4,26,79,0.7846879378265484
4,26,80,0.7544314473258652
4,26,81,0.7846879378265484
4,26,82,1.0
4,26,83,0.7764734579093279
4,26,84,0.9776764401471545
4,26,85,0.9776764401471545
4,26,86,1.0
4,26,87,1.0
4,26,88,0.9776764401471545
4,26,89,0.7846879378265484
4,26,90,1.0
4,26,91,0.794093160178949
4,26,92,1.0
4,26,93,1.0
4,26,94,0.9454140244677788
4,26,95,1.0
4,26,96,0.7846879378265484
4,26,97,1.0
4,26,98,1.0
4,26,99,0.9365972202841413
4,27,28,0.7849654827657713
4,27,29,1.0
4,27,30,0.7849654827657713
4,27,31,0.7849654827657713
4,27,32,0.9796614871834273
4,27,33,0.7995863224347235
4,27,34,0.7943722579355704
4,27,35,0.777627666974689
4,27,36,0.7849654827657713
4,27,37,0.9384711567016109
4,27,38,0.777627666974689
4,27,39,0.9796614871834273
4,27,40,0.9796614871834273
4,27,41,0.7849654827657713
4,27,42,0.7849654827657713
4,27,43,0.7849654827657713
4,27,44,0.7943722579355704
4,27,45,0.7849654827657713
4,27,46,0.7849654827657713
4,27,47,0.7849654827657713
4,27,48,0.777627666974689
4,27,49,0.7943722579355704
4,27,50,0.777627666974689
4,27,51,0.777627666974689
4,27,52,0.7849654827657713
4,27,53,0.7849654827657713
4,27,54,0.7943722579355704
4,27,55,0.7849654827657713
4,27,56,0.7849654827657713
4,27,57,0.9796614871834273
4,27,58,0.7849654827657713
4,27,59,0.7849654827657713
4,27,60,0.7849654827657713
4,27,61,0.7849654827657713
4,27,62,0.7849654827657713
4,27,63,0.7849654827657713
4,27,64,0.7849654827657713
4,27,65,0.7849654827657713
4,27,66,0.777627666974689
4,27,67,0.7849654827657713
4,27,68,0.7849654827657713
4,27,69,0.9796614871834273
4,27,70,0.7849654827657713
4,27,71,0.7849654827657713
4,27,72,0.777627666974689
4,27,73,0.7849654827657713
4,27,74,0.7849654827657713
4,27,75,0.968017608225668
4,27,76,0.7849654827657713
4,27,77,0.9796614871834273
4,27,78,0.9392576338966611
4,27,79,0.9796614871834273
4,27,80,0.9392576338966611
4,27,81,0.9796614871834273
4,27,82,0.7849654827657713
4,27,83,0.9915031854689088
4,27,84,0.8018612550629426
4,27,85,0.8018612550629426
4,27,86,0.7849654827657713
4,27,87,0.7849654827657713
4,27,88,0.8018612550629426
4,27,89,0.9796614871834273
4,27,90,0.7849654827657713
4,27,91,0.968017608225668
4,27,92,0.7849654827657713
4,27,93,0.7849654827657713
4,27,94,0.7741102541147155
4,27,95,0.7849654827657713
4,27,96,0.9796614871834273
4,27,97,0.7849654827657713
4,27,98,0.7849654827657713
4,27,99,0.7668476160070365
4,28,29,0.7849654827657713
4,28,30,1.0
4,28,31,1.0
4,28,32,0.7846879378265484
4,28,33,0.9146890382067759
4,28,34,0.9686658599039086
4,28,35,0.9908700477842567
4,28,36,1.0
4,28,37,0.8321314809309396
4,28,38,0.9908700477842567
4,28,39,0.7846879378265484
4,28,40,0.7846879378265484
4,28,41,1.0
4,28,42,1.0
4,28,43,1.0
4,28,44,0.9686658599039086
4,28,45,1.0
4,28,46,1.0
4,28,47,1.0
4,28,48,0.9908700477842567
4,28,49,0.9686658599039086
4,28,50,0.9908700477842567
4,28,51,0.9908700477842567
4,28,52,1.0
4,28,53,1.0
4,28,54,0.9686658599039086
4,28,55,1.0
4,28,56,1.0
4,28,57,0.7846879378265484
4,28,58,1.0
4,28,59,1.0
4,28,60,1.0
4,28,61,1.0
4,28,62,1.0
4,28,63,1.0
4,28,64,1.0
4,28,65,1.0
4,28,66,0.9908700477842567
4,28,67,1.0
4,28,68,1.0
4,28,69,0.7846879378265484
4,28,70,1.0
4,28,71,1.0
4,28,72,0.9908700477842567
4,28,73,1.0
4,28,74,1.0
4,28,75,0.794093160178949
4,28,76,1.0
4,28,77,0.7846879378265484
4,28,78,0.7544314473258652
4,28,79,0.7846879378265484
4,28,80,0.7544314473258652
4,28,81,0.7846879378265484
4,28,82,1.0
4,28,83,0.7764734579093279
4,28,84,0.9776764401471545
4,28,85,0.9776764401471545
4,28,86,1.0
4,28,87,1.0
4,28,88,0.9776764401471545
4,28,89,0.7846879378265484
4,28,90,1.0
4,28,91,0.794093160178949
4,28,92,1.0
4,28,93,1.0
4,28,94,0.9454140244677788
4,28,95,1.0
4,28,96,0.7846879378265484
4,28,97,1.0
4,28,98,1.0
4,28,99,0.9365972202841413
4,29,30,0.7849654827657713
4,29,31,0.7849654827657713
4,29,32,0.9796614871834273
4,29,33,0.7995863224347235
4,29,34,0.7943722579355704
4,29,35,0.777627666974689
4,29,36,0.7849654827657713
4,29,37,0.9384711567016109
4,29,38,0.777627666974689
4,29,39,0.9796614871834273
4,29,40,0.9796614871834273
4,29,41,0.7849654827657713
4,29,42,0.7849654827657713
4,29,43,0.7849654827657713
4,29,44,0.7943722579355704
4,29,45,0.7849654827657713
4,29,46,0.7849654827657713
4,29,47,0.7849654827657713
4,29,48,0.777627666974689
4,29,49,0.7943722579355704
4,29,50,0.777627666974689
4,29,51,0.777627666974689
4,29,52,0.7849654827657713
4,29,53,0.7849654827657713
4,29,54,0.7943722579355704
4,29,55,0.7849654827657713
4,29,56,0.7849654827657713
4,29,57,0.9796614871834273
4,29,58,0.7849654827657713
4,29,59,0.7849654827657713
4,29,60,0.7849654827657713
4,29,61,0.7849654827657713
4,29,62,0.7849654827657713
4,29,63,0.7849654827657713
4,29,64,0.7849654827657713
4,29,65,0.7849654827657713
4,29,66,0.777627666974689
4,29,67,0.7849654827657713
4,29,68,0.7849654827657713
4,29,69,0.9796614871834273
4,29,70,0.7849654827657713
4,29,71,0.7849654827657713
4,29,72,0.777627666974689
4,29,73,0.7849654827657713
4,29,74,0.7849654827657713
4,29,75,0.968017608225668
4,29,76,0.7849654827657713
4,29,77,0.9796614871834273
4,29,78,0.9392576338966611
4,29,79,0.9796614871834273
4,29,80,0.9392576338966611
4,29,81,0.9796614871834273
4,29,82,0.7849654827657713
4,29,83,0.9915031854689088
4,29,84,0.8018612550629426
4,29,85,0.8018612550629426
4,29,86,0.7849654827657713
4,29,87,0.7849654827657713
4,29,88,0.8018612550629426
4,29,89,0.9796614871834273
4,29,90,0.7849654827657713
4,29,91,0.968017608225668
4,29,92,0.7849654827657713
4,29,93,0.7849654827657713
4,29,94,0.7741102541147155
4,29,95,0.7849654827657713
4,29,96,0.9796614871834273
4,29,97,0.7849654827657713
4,29,98,0.7849654827657713
4,29,99,0.7668476160070365
4,30,31,1.0
4,30,32,0.7846879378265484
4,30,33,0.9146890382067759
4,30,34,0.9686658599039086
4,30,35,0.9908700477842567
4,30,36,1.0
4,30,37,0.8321314809309396
4,30,38,0.9908700477842567
4,30,39,0.7846879378265484
4,30,40,0.7846879378265484
4,30,41,1.0
4,30,42,1.0
4,30,43,1.0
4,30,44,0.9686658599039086
4,30,45,1.0
4,30,46,1.0
4,30,47,1.0
4,30,48,0.9908700477842567
4,30,49,0.9686658599039086
4,30,50,0.9908700477842567
4,30,51,0.9908700477842567
4,30,52,1.0
4,30,53,1.0
4,30,54,0.9686658599039086
4,30,55,1.0
4,30,56,1.0
4,30,57,0.7846879378265484
4,30,58,1.0
4,30,59,1.0
4,30,60,1.0
4,30,61,1.0
4,30,62,1.0
4,30,63,1.0
4,30,64,1.0
4,30,65,1.0
4,30,66,0.9908700477842567
4,30,67,1.0
4,30,68,1.0
4,30,69,0.7846879378265484
4,30,70,1.0
4,30,71,1.0
4,30,72,0.9908700477842567
4,30,73,1.0
4,30,74,1.0
4,30,75,0.794093160178949
4,30,76,1.0
4,30,77,0.7846879378265484
4,30,78,0.7544314473258652
4,30,79,0.7846879378265484
4,30,80,0.7544314473258652
4,30,81,0.7846879378265484
4,30,82,1.0
4,30,83,0.7764734579093279
4,30,84,0.9776764401471545
4,30,85,0.9776764401471545
4,30,86,1.0
4,30,87,1.0
4,30,88,0.9776764401471545
4,30,89,0.7846879378265484
4,30,90,1.0
4,30,91,0.794093160178949
4,30,92,1.0
4,30,93,1.0
4,30,94,0.9454140244677788
4,30,95,1.0
4,30,96,0.7846879378265484
4,30,97,1.0
4,30,98,1.0
4,30,99,0.9365972202841413
4,31,32,0.7846879378265484
4,31,33,0.9146890382067759
4,31,34,0.9686658599039086
4,31,35,0.9908700477842567
4,31,36,1.0
4,31,37,0.8321314809309396
4,31,38,0.9908700477842567
4,31,39,0.7846879378265484
4,31,40,0.7846879378265484
4,31,41,1.0
4,31,42,1.0
4,31,43,1.0
4,31,44,0.9686658599039086
4,31,45,1.0
4,31,46,1.0
4,31,47,1.0
4,31,48,0.9908700477842567
4,31,49,0.9686658599039086
4,31,50,0.9908700477842567
4,31,51,0.9908700477842567
4,31,52,1.0
4,31,53,1.0
4,31,54,0.9686658599039086
4,31,55,1.0
4,31,56,1.0
4,31,57,0.7846879378265484
4,31,58,1.0
4,31,59,1.0
4,31,60,1.0
4,31,61,1.0
4,31,62,1.0
4,31,63,1.0
4,31,64,1.0
4,31,65,1.0
4,31,66,0.9908700477842567
4,31,67,1.0
4,31,68,1.0
4,31,69,0.7846879378265484
4,31,70,1.0
4,31,71,1.0
4,31,72,0.9908700477842567
4,31,73,1.0
4,31,74,1.0
4,31,75,0.794093160178949
4,31,76,1.0
4,31,77,0.7846879378265484
4,31,78,0.7544314473258652
4,31,79,0.7846879378265484
4,31,80,0.7544314473258652
4,31,81,0.7846879378265484
4,31,82,1.0
4,31,83,0.7764734579093279
4,31,84,0.9776764401471545
4,31,85,0.9776764401471545
4,31,86,1.0
4,31,87,1.0
4,31,88,0.9776764401471545
4,31,89,0.7846879378265484
4,31,90,1.0
4,31,91,0.794093160178949
4,31,92,1.0
4,31,93,1.0
4,31,94,0.9454140244677788
4,31,95,1.0
4,31,96,0.7846879378265484
4,31,97,1.0
4,31,98,1.0
4,31,99,0.9365972202841413
4,32,33,0.8002641025088978
4,32,34,0.8106793439959639
4,32,35,0.7934926337845085
4,32,36,0.7846879378265484
4,32,37,0.9413052841176412
4,32,38,0.7934926337845085
4,32,39,1.0
4,32,40,1.0
4,32,41,0.7846879378265484
4,32,42,0.7846879378265484
4,32,43,0.7846879378265484
4,32,44,0.8106793439959639
4,32,45,0.7846879378265484
4,32,46,0.7846879378265484
4,32,47,0.7846879378265484
4,32,48,0.7934926337845085
4,32,49,0.8106793439959639
4,32,50,0.7934926337845085
4,32,51,0.7934926337845085
4,32,52,0.7846879378265484
4,32,53,0.7846879378265484
4,32,54,0.8106793439959639
4,32,55,0.7846879378265484
4,32,56,0.7846879378265484
4,32,57,1.0
4,32,58,0.7846879378265484
4,32,59,0.7846879378265484
4,32,60,0.7846879378265484
4,32,61,0.7846879378265484
4,32,62,0.7846879378265484
4,32,63,0.7846879378265484
4,32,64,0.7846879378265484
4,32,65,0.7846879378265484
4,32,66,0.7934926337845085
4,32,67,0.7846879378265484
4,32,68,0.7846879378265484
4,32,69,1.0
4,32,70,0.7846879378265484
4,32,71,0.7846879378265484
4,32,72,0.7934926337845085
4,32,73,0.7846879378265484
4,32,74,0.7846879378265484
4,32,75,0.9881390135470622
4,32,76,0.7846879378265484
4,32,77,1.0
4,32,78,0.9193651614110203
4,32,79,1.0
4,32,80,0.9193651614110203
4,32,81,1.0
4,32,82,0.7846879378265484
4,32,83,0.9881390135470622
4,32,84,0.8019841764147049
4,32,85,0.8019841764147049
4,32,86,0.7846879378265484
4,32,87,0.7846879378265484
4,32,88,0.8019841764147049
4,32,89,1.0
4,32,90,0.7846879378265484
4,32,91,0.9881390135470622
4,32,92,0.7846879378265484
4,32,93,0.7846879378265484
4,32,94,0.7741790948423118
4,32,95,0.7846879378265484
4,32,96,1.0
4,32,97,0.7846879378265484
4,32,98,0.7846879378265484
4,32,99,0.782584724715456
4,33,34,0.9266900556683837
4,33,35,0.9067906348508019
4,33,36,0.9146890382067759
4,33,37,0.8504999585447843
4,33,38,0.9067906348508019
4,33,39,0.8002641025088978
4,33,40,0.8002641025088978
4,33,41,0.9146890382067759
4,33,42,0.9146890382067759
4,33,43,0.9146890382067759
4,33,44,0.9266900556683837
4,33,45,0.9146890382067759
4,33,46,0.9146890382067759
4,33,47,0.9146890382067759
4,33,48,0.9067906348508019
4,33,49,0.9266900556683837
4,33,50,0.9067906348508019
4,33,51,0.9067906348508019
4,33,52,0.9146890382067759
4,33,53,0.9146890382067759
4,33,54,0.9266900556683837
4,33,55,0.9146890382067759
4,33,56,0.9146890382067759
4,33,57,0.8002641025088978
4,33,58,0.9146890382067759
4,33,59,0.9146890382067759
4,33,60,0.9146890382067759
4,33,61,0.9146890382067759
4,33,62,0.9146890382067759
4,33,63,0.9146890382067759
4,33,64,0.9146890382067759
4,33,65,0.9146890382067759
4,33,66,0.9067906348508019
4,33,67,0.9146890382067759
4,33,68,0.9146890382067759
4,33,69,0.8002641025088978
4,33,70,0.9146890382067759
4,33,71,0.9146890382067759
4,33,72,0.9067906348508019
4,33,73,0.9146890382067759
4,33,74,0.9146890382067759
4,33,75,0.8101254147950745
4,33,76,0.9146890382067759
4,33,77,0.8002641025088978
4,33,78,0.7684223330896244
4,33,79,0.8002641025088978
4,33,80,0.7684223330896244
4,33,81,0.8002641025088978
4,33,82,0.9146890382067759
4,33,83,0.7916010650189843
4,33,84,0.93474471113964
4,33,85,0.93474471113964
4,33,86,0.9146890382067759
4,33,87,0.9146890382067759
4,33,88,0.93474471113964
4,33,89,0.8002641025088978
4,33,90,0.9146890382067759
4,33,91,0.8101254147950745
4,33,92,0.9146890382067759
4,33,93,0.9146890382067759
4,33,94,0.9664323951089139
4,33,95,0.9146890382067759
4,33,96,0.8002641025088978
4,33,97,0.9146890382067759
4,33,98,0.9146890382067759
4,33,99,0.958144114091199
4,34,35,0.9777692819308178
4,34,36,0.9686658599039086
4,34,37,0.8434296808272493
4,34,38,0.9777692819308178
4,34,39,0.8106793439959639
4,34,40,0.8106793439959639
4,34,41,0.9686658599039086
4,34,42,0.9686658599039086
4,34,43,0.9686658599039086
4,34,44,1.0
4,34,45,0.9686658599039086
4,34,46,0.9686658599039086
4,34,47,0.9686658599039086
4,34,48,0.9777692819308178
4,34,49,1.0
4,34,50,0.9777692819308178
4,34,51,0.9777692819308178
4,34,52,0.9686658599039086
4,34,53,0.9686658599039086
4,34,54,1.0
4,34,55,0.9686658599039086
4,34,56,0.9686658599039086
4,34,57,0.8106793439959639
4,34,58,0.9686658599039086
4,34,59,0.9686658599039086
4,34,60,0.9686658599039086
4,34,61,0.9686658599039086
4,34,62,0.9686658599039086
4,34,63,0.9686658599039086
4,34,64,0.9686658599039086
4,34,65,0.9686658599039086
4,34,66,0.9777692819308178
4,34,67,0.9686658599039086
4,34,68,0.9686658599039086
4,34,69,0.8106793439959639
4,34,70,0.9686658599039086
4,34,71,0.9686658599039086
4,34,72,0.9777692819308178
4,34,73,0.9686658599039086
4,34,74,0.9686658599039086
4,34,75,0.8205033171654165
4,34,76,0.9686658599039086
4,34,77,0.8106793439959639
4,34,78,0.7631296668899032
4,34,79,0.8106793439959639
4,34,80,0.7631296668899032
4,34,81,0.8106793439959639
4,34,82,0.9686658599039086
4,34,83,0.8020451063387751
4,34,84,0.9910126481187198
4,34,85,0.9910126481187198
4,34,86,0.9686658599039086
4,34,87,0.9686658599039086
4,34,88,0.9910126481187198
4,34,89,0.8106793439959639
4,34,90,0.9686658599039086
4,34,91,0.8205033171654165
4,34,92,0.9686658599039086
4,34,93,0.9686658599039086
4,34,94,0.9580867895422005
4,34,95,0.9686658599039086
4,34,96,0.8106793439959639
4,34,97,0.9686658599039086
4,34,98,0.9686658599039086
4,34,99,0.9667579921900644
4,35,36,0.9908700477842567
4,35,37,0.824371014119979
4,35,38,1.0
4,35,39,0.7934926337845085
4,35,40,0.7934926337845085
4,35,41,0.9908700477842567
4,35,42,0.9908700477842567
4,35,43,0.9908700477842567
4,35,44,0.9777692819308178
4,35,45,0.9908700477842567
4,35,46,0.9908700477842567
4,35,47,0.9908700477842567
4,35,48,1.0
4,35,49,0.9777692819308178
4,35,50,1.0
4,35,51,1.0
4,35,52,0.9908700477842567
4,35,53,0.9908700477842567
4,35,54,0.9777692819308178
4,35,55,0.9908700477842567
4,35,56,0.9908700477842567
4,35,57,0.7934926337845085
4,35,58,0.9908700477842567
4,35,59,0.9908700477842567
4,35,60,0.9908700477842567
4,35,61,0.9908700477842567
4,35,62,0.9908700477842567
4,35,63,0.9908700477842567
4,35,64,0.9908700477842567
4,35,65,0.9908700477842567
4,35,66,1.0
4,35,67,0.9908700477842567
4,35,68,0.9908700477842567
4,35,69,0.7934926337845085
4,35,70,0.9908700477842567
4,35,71,0.9908700477842567
4,35,72,1.0
4,35,73,0.9908700477842567
4,35,74,0.9908700477842567
4,35,75,0.8029185026175598
4,35,76,0.9908700477842567
4,35,77,0.7934926337845085
4,35,78,0.7468312038153508
4,35,79,0.7934926337845085
4,35,80,0.7468312038153508
4,35,81,0.7934926337845085
4,35,82,0.9908700477842567
4,35,83,0.7852581968463974
4,35,84,0.9688476125557904
4,35,85,0.9688476125557904
4,35,86,0.9908700477842567
4,35,87,0.9908700477842567
4,35,88,0.9688476125557904
4,35,89,0.7934926337845085
4,35,90,0.9908700477842567
4,35,91,0.8029185026175598
4,35,92,0.9908700477842567
4,35,93,0.9908700477842567
4,35,94,0.9370453051785338
4,35,95,0.9908700477842567
4,35,96,0.7934926337845085
4,35,97,0.9908700477842567
4,35,98,0.9908700477842567
4,35,99,0.9456564992695551
4,36,37,0.8321314809309396
4,36,38,0.9908700477842567
4,36,39,0.7846879378265484
4,36,40,0.7846879378265484
4,36,41,1.0
4,36,42,1.0
4,36,43,1.0
4,36,44,0.9686658599039086
4,36,45,1.0
4,36,46,1.0
4,36,47,1.0
4,36,48,0.9908700477842567
4,36,49,0.9686658599039086
4,36,50,0.9908700477842567
4,36,51,0.9908700477842567
4,36,52,1.0
4,36,53,1.0
4,36,54,0.9686658599039086
4,36,55,1.0
4,36,56,1.0
4,36,57,0.7846879378265484
4,36,58,1.0
4,36,59,1.0
4,36,60,1.0
4,36,61,1.0
4,36,62,1.0
4,36,63,1.0
4,36,64,1.0
4,36,65,1.0
4,36,66,0.9908700477842567
4,36,67,1.0
4,36,68,1.0
4,36,69,0.7846879378265484
4,36,70,1.0
4,36,71,1.0
4,36,72,0.9908700477842567
4,36,73,1.0
4,36,74,1.0
4,36,75,0.794093160178949
4,36,76,1.0
4,36,77,0.7846879378265484
4,36,78,0.7544314473258652
4,36,79,0.7846879378265484
4,36,80,0.7544314473258652
4,36,81,0.7846879378265484
4,36,82,1.0
4,36,83,0.7764734579093279
4,36,84,0.9776764401471545
4,36,85,0.9776764401471545
4,36,86,1.0
4,36,87,1.0
4,36,88,0.9776764401471545
4,36,89,0.7846879378265484
4,36,90,1.0
4,36,91,0.794093160178949
4,36,92,1.0
4,36,93,1.0
4,36,94,0.9454140244677788
4,36,95,1.0
4,36,96,0.7846879378265484
4,36,97,1.0
4,36,98,1.0
4,36,99,0.9365972202841413
4,37,38,0.824371014119979
4,37,39,0.9413052841176412
4,37,40,0.9413052841176412
4,37,41,0.8321314809309396
4,37,42,0.8321314809309396
4,37,43,0.8321314809309396
4,37,44,0.8434296808272493
4,37,45,0.8321314809309396
4,37,46,0.8321314809309396
4,37,47,0.8321314809309396
4,37,48,0.824371014119979
4,37,49,0.8434296808272493
4,37,50,0.824371014119979
4,37,51,0.824371014119979
4,37,52,0.8321314809309396
4,37,53,0.8321314809309396
4,37,54,0.8434296808272493
4,37,55,0.8321314809309396
4,37,56,0.8321314809309396
4,37,57,0.9413052841176412
4,37,58,0.8321314809309396
4,37,59,0.8321314809309396
4,37,60,0.8321314809309396
4,37,61,0.8321314809309396
4,37,62,0.8321314809309396
4,37,63,0.8321314809309396
4,37,64,0.8321314809309396
4,37,65,0.8321314809309396
4,37,66,0.824371014119979
4,37,67,0.8321314809309396
4,37,68,0.8321314809309396
4,37,69,0.9413052841176412
4,37,70,0.8321314809309396
4,37,71,0.8321314809309396
4,37,72,0.824371014119979
4,37,73,0.8321314809309396
4,37,74,0.8321314809309396
4,37,75,0.9527286331956104
4,37,76,0.8321314809309396
4,37,77,0.9413052841176412
4,37,78,0.9018618337227722
4,37,79,0.9413052841176412
4,37,80,0.9018618337227722
4,37,81,0.9413052841176412
4,37,82,0.8321314809309396
4,37,83,0.9300916406413957
4,37,84,0.8513412463782002
4,37,85,0.8513412463782002
4,37,86,0.8321314809309396
4,37,87,0.8321314809309396
4,37,88,0.8513412463782002
4,37,89,0.9413052841176412
4,37,90,0.8321314809309396
4,37,91,0.9527286331956104
4,37,92,0.8321314809309396
4,37,93,0.8321314809309396
4,37,94,0.8216030499958719
4,37,95,0.8321314809309396
4,37,96,0.9413052841176412
4,37,97,0.8321314809309396
4,37,98,0.8321314809309396
4,37,99,0.8139064514308031
4,38,39,0.7934926337845085
4,38,40,0.7934926337845085
4,38,41,0.9908700477842567
4,38,42,0.9908700477842567
4,38,43,0.9908700477842567
4,38,44,0.9777692819308178
4,38,45,0.9908700477842567
4,38,46,0.9908700477842567
4,38,47,0.9908700477842567
4,38,48,1.0
4,38,49,0.9777692819308178
4,38,50,1.0
4,38,51,1.0
4,38,52,0.9908700477842567
4,38,53,0.9908700477842567
4,38,54,0.9777692819308178
4,38,55,0.9908700477842567
4,38,56,0.9908700477842567
4,38,57,0.7934926337845085
4,38,58,0.9908700477842567
4,38,59,0.9908700477842567
4,38,60,0.9908700477842567
4,38,61,0.9908700477842567
4,38,62,0.9908700477842567
4,38,63,0.9908700477842567
4,38,64,0.9908700477842567
4,38,65,0.9908700477842567
4,38,66,1.0
4,38,67,0.9908700477842567
4,38,68,0.9908700477842567
4,38,69,0.7934926337845085
4,38,70,0.9908700477842567
4,38,71,0.9908700477842567
4,38,72,1.0
4,38,73,0.9908700477842567
4,38,74,0.9908700477842567
4,38,75,0.8029185026175598
4,38,76,0.9908700477842567
4,38,77,0.7934926337845085
4,38,78,0.7468312038153508
4,38,79,0.7934926337845085
4,38,80,0.7468312038153508
4,38,81,0.7934926337845085
4,38,82,0.9908700477842567
4,38,83,0.7852581968463974
4,38,84,0.9688476125557904
4,38,85,0.9688476125557904
4,38,86,0.9908700477842567
4,38,87,0.9908700477842567
4,38,88,0.9688476125557904
4,38,89,0.7934926337845085
4,38,90,0.9908700477842567
4,38,91,0.8029185026175598
4,38,92,0.9908700477842567
4,38,93,0.9908700477842567
4,38,94,0.9370453051785338
4,38,95,0.9908700477842567
4,38,96,0.7934926337845085
4,38,97,0.9908700477842567
4,38,98,0.9908700477842567
4,38,99,0.9456564992695551
4,39,40,1.0
4,39,41,0.7846879378265484
4,39,42,0.7846879378265484
4,39,43,0.7846879378265484
4,39,44,0.8106793439959639
4,39,45,0.7846879378265484
4,39,46,0.7846879378265484
4,39,47,0.7846879378265484
4,39,48,0.7934926337845085
4,39,49,0.8106793439959639
4,39,50,0.7934926337845085
4,39,51,0.7934926337845085
4,39,52,0.7846879378265484
4,39,53,0.7846879378265484
4,39,54,0.8106793439959639
4,39,55,0.7846879378265484
4,39,56,0.7846879378265484
4,39,57,1.0
4,39,58,0.7846879378265484
4,39,59,0.7846879378265484
4,39,60,0.7846879378265484
4,39,61,0.7846879378265484
4,39,62,0.7846879378265484
4,39,63,0.7846879378265484
4,39,64,0.7846879378265484
4,39,65,0.7846879378265484
4,39,66,0.7934926337845085
4,39,67,0.7846879378265484
4,39,68,0.7846879378265484
4,39,69,1.0
4,39,70,0.7846879378265484
4,39,71,0.7846879378265484
4,39,72,0.7934926337845085
4,39,73,0.7846879378265484
4,39,74,0.7846879378265484
4,39,75,0.9881390135470622
4,39,76,0.7846879378265484
4,39,77,1.0
4,39,78,0.9193651614110203
4,39,79,1.0
4,39,80,0.9193651614110203
4,39,81,1.0
4,39,82,0.7846879378265484
4,39,83,0.9881390135470622
4,39,84,0.8019841764147049
4,39,85,0.8019841764147049
4,39,86,0.7846879378265484
4,39,87,0.7846879378265484
4,39,88,0.8019841764147049
4,39,89,1.0
4,39,90,0.7846879378265484
4,39,91,0.9881390135470622
4,39,92,0.7846879378265484
4,39,93,0.7846879378265484
4,39,94,0.7741790948423118
4,39,95,0.7846879378265484
4,39,96,1.0
4,39,97,0.7846879378265484
4,39,98,0.7846879378265484
4,39,99,0.782584724715456
4,40,41,0.7846879378265484
4,40,42,0.7846879378265484
4,40,43,0.7846879378265484
4,40,44,0.8106793439959639
4,40,45,0.7846879378265484
4,40,46,0.7846879378265484
4,40,47,0.7846879378265484
4,40,48,0.7934926337845085
4,40,49,0.8106793439959639
4,40,50,0.7934926337845085
4,40,51,0.7934926337845085
4,40,52,0.7846879378265484
4,40,53,0.7846879378265484
4,40,54,0.8106793439959639
4,40,55,0.7846879378265484
4,40,56,0.7846879378265484
4,40,57,1.0
4,40,58,0.7846879378265484
4,40,59,0.7846879378265484
4,40,60,0.7846879378265484
4,40,61,0.7846879378265484
4,40,62,0.7846879378265484
4,40,63,0.7846879378265484
4,40,64,0.7846879378265484
4,40,65,0.7846879378265484
4,40,66,0.7934926337845085
4,40,67,0.7846879378265484
4,40,68,0.7846879378265484
4,40,69,1.0
4,40,70,0.7846879378265484
4,40,71,0.7846879378265484
4,40,72,0.7934926337845085
4,40,73,0.7846879378265484
4,40,74,0.7846879378265484
4,40,75,0.9881390135470622
4,40,76,0.7846879378265484
4,40,77,1.0
4,40,78,0.9193651614110203
4,40,79,1.0
4,40,80,0.9193651614110203
4,40,81,1.0
4,40,82,0.7846879378265484
4,40,83,0.9881390135470622
4,40,84,0.8019841764147049
4,40,85,0.8019841764147049
4,40,86,0.7846879378265484
4,40,87,0.7846879378265484
4,40,88,0.8019841764147049
4,40,89,1.0
4,40,90,0.7846879378265484
4,40,91,0.9881390135470622
4,40,92,0.7846879378265484
4,40,93,0.7846879378265484
4,40,94,0.7741790948423118
4,40,95,0.7846879378265484
4,40,96,1.0
4,40,97,0.7846879378265484
4,40,98,0.7846879378265484
4,40,99,0.782584724715456
4,41,42,1.0
4,41,43,1.0
4,41,44,0.9686658599039086
4,41,45,1.0
4,41,46,1.0
4,41,47,1.0
4,41,48,0.9908700477842567
4,41,49,0.9686658599039086
4,41,50,0.9908700477842567
4,41,51,0.9908700477842567
4,41,52,1.0
4,41,53,1.0
4,41,54,0.9686658599039086
4,41,55,1.0
4,41,56,1.0
4,41,57,0.7846879378265484
4,41,58,1.0
4,41,59,1.0
4,41,60,1.0
4,41,61,1.0
4,41,62,1.0
4,41,63,1.0
4,41,64,1.0
4,41,65,1.0
4,41,66,0.9908700477842567
4,41,67,1.0
4,41,68,1.0
4,41,69,0.7846879378265484
4,41,70,1.0
4,41,71,1.0
4,41,72,0.9908700477842567
4,41,73,1.0
4,41,74,1.0
4,41,75,0.794093160178949
4,41,76,1.0
4,41,77,0.7846879378265484
4,41,78,0.7544314473258652
4,41,79,0.7846879378265484
4,41,80,0.7544314473258652
4,41,81,0.7846879378265484
4,41,82,1.0
4,41,83,0.7764734579093279
4,41,84,0.9776764401471545
4,41,85,0.9776764401471545
4,41,86,1.0
4,41,87,1.0
4,41,88,0.9776764401471545
4,41,89,0.7846879378265484
4,41,90,1.0
4,41,91,0.794093160178949
4,41,92,1.0
4,41,93,1.0
4,41,94,0.9454140244677788
4,41,95,1.0
4,41,96,0.7846879378265484
4,41,97,1.0
4,41,98,1.0
4,41,99,0.9365972202841413
4,42,43,1.0
4,42,44,0.9686658599039086
4,42,45,1.0
4,42,46,1.0
4,42,47,1.0
4,42,48,0.9908700477842567
4,42,49,0.9686658599039086
4,42,50,0.9908700477842567
4,42,51,0.9908700477842567
4,42,52,1.0
4,42,53,1.0
4,42,54,0.9686658599039086
4,42,55,1.0
4,42,56,1.0
4,42,57,0.7846879378265484
4,42,58,1.0
4,42,59,1.0
4,42,60,1.0
4,42,61,1.0
4,42,62,1.0
4,42,63,1.0
4,42,64,1.0
4,42,65,1.0
4,42,66,0.9908700477842567
4,42,67,1.0
4,42,68,1.0
4,42,69,0.7846879378265484
4,42,70,1.0
4,42,71,1.0
4,42,72,0.9908700477842567
4,42,73,1.0
4,42,74,1.0
4,42,75,0.794093160178949
4,42,76,1.0
4,42,77,0.7846879378265484
4,42,78,0.7544314473258652
4,42,79,0.7846879378265484
4,42,80,0.7544314473258652
4,42,81,0.7846879378265484
4,42,82,1.0
4,42,83,0.7764734579093279
4,42,84,0.9776764401471545
4,42,85,0.9776764401471545
4,42,86,1.0
4,42,87,1.0
4,42,88,0.9776764401471545
4,42,89,0.7846879378265484
4,42,90,1.0
4,42,91,0.794093160178949
4,42,92,1.0
4,42,93,1.0
4,42,94,0.9454140244677788
4,42,95,1.0
4,42,96,0.7846879378265484
4,42,97,1.0
4,42,98,1.0
4,42,99,0.9365972202841413
4,43,44,0.9686658599039086
4,43,45,1.0
4,43,46,1.0
4,43,47,1.0
4,43,48,0.9908700477842567
4,43,49,0.9686658599039086
4,43,50,0.9908700477842567
4,43,51,0.9908700477842567
4,43,52,1.0
4,43,53,1.0
4,43,54,0.9686658599039086
4,43,55,1.0
4,43,56,1.0
4,43,57,0.7846879378265484
4,43,58,1.0
4,43,59,1.0
4,43,60,1.0
4,43,61,1.0
4,43,62,1.0
4,43,63,1.0
4,43,64,1.0
4,43,65,1.0
4,43,66,0.9908700477842567
4,43,67,1.0
4,43,68,1.0
4,43,69,0.7846879378265484
4,43,70,1.0
4,43,71,1.0
4,43,72,0.9908700477842567
4,43,73,1.0
4,43,74,1.0
4,43,75,0.794093160178949
4,43,76,1.0
4,43,77,0.7846879378265484
4,43,78,0.7544314473258652
4,43,79,0.7846879378265484
4,43,80,0.7544314473258652
4,43,81,0.7846879378265484
4,43,82,1.0
4,43,83,0.7764734579093279
4,43,84,0.9776764401471545
4,43,85,0.9776764401471545
4,43,86,1.0
4,43,87,1.0
4,43,88,0.9776764401471545
4,43,89,0.7846879378265484
4,43,90,1.0
4,43,91,0.794093160178949
4,43,92,1.0
4,43,93,1.0
4,43,94,0.9454140244677788
4,43,95,1.0
4,43,96,0.7846879378265484
4,43,97,1.0
4,43,98,1.0
4,43,99,0.9365972202841413
4,44,45,0.9686658599039086
4,44,46,0.9686658599039086
4,44,47,0.9686658599039086
4,44,48,0.9777692819308178
4,44,49,1.0
4,44,50,0.9777692819308178
4,44,51,0.9777692819308178
4,44,52,0.9686658599039086
4,44,53,0.9686658599039086
4,44,54,1.0
4,44,55,0.9686658599039086
4,44,56,0.9686658599039086
4,44,57,0.8106793439959639
4,44,58,0.9686658599039086
4,44,59,0.9686658599039086
4,44,60,0.9686658599039086
4,44,61,0.9686658599039086
4,44,62,0.9686658599039086
4,44,63,0.9686658599039086
4,44,64,0.9686658599039086
4,44,65,0.9686658599039086
4,44,66,0.9777692819308178
4,44,67,0.9686658599039086
4,44,68,0.9686658599039086
4,44,69,0.8106793439959639
4,44,70,0.9686658599039086
4,44,71,0.9686658599039086
4,44,72,0.9777692819308178
4,44,73,0.9686658599039086
4,44,74,0.9686658599039086
4,44,75,0.8205033171654165
4,44,76,0.9686658599039086
4,44,77,0.8106793439959639
4,44,78,0.7631296668899032
4,44,79,0.8106793439959639
4,44,80,0.7631296668899032
4,44,81,0.8106793439959639
4,44,82,0.9686658599039086
4,44,83,0.8020451063387751
4,44,84,0.9910126481187198
4,44,85,0.9910126481187198
4,44,86,0.9686658599039086
4,44,87,0.9686658599039086
4,44,88,0.9910126481187198
4,44,89,0.8106793439959639
4,44,90,0.9686658599039086
4,44,91,0.8205033171654165
4,44,92,0.9686658599039086
4,44,93,0.9686658599039086
4,44,94,0.9580867895422005
4,44,95,0.9686658599039086
4,44,96,0.8106793439959639
4,44,97,0.9686658599039086
4,44,98,0.9686658599039086
4,44,99,0.9667579921900644
4,45,46,1.0
4,45,47,1.0
4,45,48,0.9908700477842567
4,45,49,0.9686658599039086
4,45,50,0.9908700477842567
4,45,51,0.9908700477842567
4,45,52,1.0
4,45,53,1.0
4,45,54,0.9686658599039086
4,45,55,1.0
4,45,56,1.0
4,45,57,0.7846879378265484
4,45,58,1.0
4,45,59,1.0
4,45,60,1.0
4,45,61,1.0
4,45,62,1.0
4,45,63,1.0
4,45,64,1.0
4,45,65,1.0
4,45,66,0.9908700477842567
4,45,67,1.0
4,45,68,1.0
4,45,69,0.7846879378265484
4,45,70,1.0
4,45,71,1.0
4,45,72,0.9908700477842567
4,45,73,1.0
4,45,74,1.0
4,45,75,0.794093160178949
4,45,76,1.0
4,45,77,0.7846879378265484
4,45,78,0.7544314473258652
4,45,79,0.7846879378265484
4,45,80,0.7544314473258652
4,45,81,0.7846879378265484
4,45,82,1.0
4,45,83,0.7764734579093279
4,45,84,0.9776764401471545
4,45,85,0.9776764401471545
4,45,86,1.0
4,45,87,1.0
4,45,88,0.9776764401471545
4,45,89,0.7846879378265484
4,45,90,1.0
4,45,91,0.794093160178949
4,45,92,1.0
4,45,93,1.0
4,45,94,0.9454140244677788
4,45,95,1.0
4,45,96,0.7846879378265484
4,45,97,1.0
4,45,98,1.0
4,45,99,0.9365972202841413
4,46,47,1.0
4,46,48,0.9908700477842567
4,46,49,0.9686658599039086
4,46,50,0.9908700477842567
4,46,51,0.9908700477842567
4,46,52,1.0
4,46,53,1.0
4,46,54,0.9686658599039086
4,46,55,1.0
4,46,56,1.0
4,46,57,0.7846879378265484
4,46,58,1.0
4,46,59,1.0
4,46,60,1.0
4,46,61,1.0
4,46,62,1.0
4,46,63,1.0
4,46,64,1.0
4,46,65,1.0
4,46,66,0.9908700477842567
4,46,67,1.0
4,46,68,1.0
4,46,69,0.7846879378265484
4,46,70,1.0
4,46,71,1.0
4,46,72,0.9908700477842567
4,46,73,1.0
4,46,74,1.0
4,46,75,0.794093160178949
4,46,76,1.0
4,46,77,0.7846879378265484
4,46,78,0.7544314473258652
4,46,79,0.7846879378265484
4,46,80,0.7544314473258652
4,46,81,0.7846879378265484
4,46,82,1.0
4,46,83,0.7764734579093279
4,46,84,0.9776764401471545
4,46,85,0.9776764401471545
4,46,86,1.0
4,46,87,1.0
4,46,88,0.9776764401471545
4,46,89,0.7846879378265484
4,46,90,1.0
4,46,91,0.794093160178949
4,46,92,1.0
4,46,93,1.0
4,46,94,0.9454140244677788
4,46,95,1.0
4,46,96,0.7846879378265484
4,46,97,1.0
4,46,98,1.0
4,46,99,0.9365972202841413
4,47,48,0.9908700477842567
4,47,49,0.9686658599039086
4,47,50,0.9908700477842567
4,47,51,0.9908700477842567
4,47,52,1.0
4,47,53,1.0
4,47,54,0.9686658599039086
4,47,55,1.0
4,47,56,1.0
4,47,57,0.7846879378265484
4,47,58,1.0
4,47,59,1.0
4,47,60,1.0
4,47,61,1.0
4,47,62,1.0
4,47,63,1.0
4,47,64,1.0
4,47,65,1.0
4,47,66,0.9908700477842567
4,47,67,1.0
4,47,68,1.0
4,47,69,0.7846879378265484
4,47,70,1.0
4,47,71,1.0
4,47,72,0.9908700477842567
4,47,73,1.0
4,47,74,1.0
4,47,75,0.794093160178949
4,47,76,1.0
4,47,77,0.7846879378265484
4,47,78,0.7544314473258652
4,47,79,0.7846879378265484
4,47,80,0.7544314473258652
4,47,81,0.7846879378265484
4,47,82,1.0
4,47,83,0.7764734579093279
4,47,84,0.9776764401471545
4,47,85,0.9776764401471545
4,47,86,1.0
4,47,87,1.0
4,47,88,0.9776764401471545
4,47,89,0.7846879378265484
4,47,90,1.0
4,47,91,0.794093160178949
4,47,92,1.0
4,47,93,1.0
4,47,94,0.9454140244677788
4,47,95,1.0
4,47,96,0.7846879378265484
4,47,97,1.0
4,47,98,1.0
4,47,99,0.9365972202841413
4,48,49,0.9777692819308178
4,48,50,1.0
4,48,51,1.0
4,48,52,0.9908700477842567
4,48,53,0.9908700477842567
4,48,54,0.9777692819308178
4,48,55,0.9908700477842567
4,48,56,0.9908700477842567
4,48,57,0.7934926337845085
4,48,58,0.9908700477842567
4,48,59,0.9908700477842567
4,48,60,0.9908700477842567
4,48,61,0.9908700477842567
4,48,62,0.9908700477842567
4,48,63,0.9908700477842567
4,48,64,0.9908700477842567
4,48,65,0.9908700477842567
4,48,66,1.0
4,48,67,0.9908700477842567
4,48,68,0.9908700477842567
4,48,69,0.7934926337845085
4,48,70,0.9908700477842567
4,48,71,0.9908700477842567
4,48,72,1.0
4,48,73,0.9908700477842567
4,48,74,0.9908700477842567
4,48,75,0.8029185026175598
4,48,76,0.9908700477842567
4,48,77,0.7934926337845085
4,48,78,0.7468312038153508
4,48,79,0.7934926337845085
4,48,80,0.7468312038153508
4,48,81,0.7934926337845085
4,48,82,0.9908700477842567
4,48,83,0.7852581968463974
4,48,84,0.9688476125557904
4,48,85,0.9688476125557904
4,48,86,0.9908700477842567
4,48,87,0.9908700477842567
4,48,88,0.9688476125557904
4,48,89,0.7934926337845085
4,48,90,0.9908700477842567
4,48,91,0.8029185026175598
4,48,92,0.9908700477842567
4,48,93,0.9908700477842567
4,48,94,0.9370453051785338
4,48,95,0.9908700477842567
4,48,96,0.7934926337845085
4,48,97,0.9908700477842567
4,48,98,0.9908700477842567
4,48,99,0.9456564992695551
4,49,50,0.9777692819308178
4,49,51,0.9777692819308178
4,49,52,0.9686658599039086
4,49,53,0.9686658599039086
4,49,54,1.0
4,49,55,0.9686658599039086
4,49,56,0.9686658599039086
4,49,57,0.8106793439959639
4,49,58,0.9686658599039086
4,49,59,0.9686658599039086
4,49,60,0.9686658599039086
4,49,61,0.9686658599039086
4,49,62,0.9686658599039086
4,49,63,0.9686658599039086
4,49,64,0.9686658599039086
4,49,65,0.9686658599039086
4,49,66,0.9777692819308178
4,49,67,0.9686658599039086
4,49,68,0.9686658599039086
4,49,69,0.8106793439959639
4,49,70,0.9686658599039086
4,49,71,0.9686658599039086
4,49,72,0.9777692819308178
4,49,73,0.9686658599039086
4,49,74,0.9686658599039086
4,49,75,0.8205033171654165
4,49,76,0.9686658599039086
4,49,77,0.8106793439959639
4,49,78,0.7631296668899032
4,49,79,0.8106793439959639
4,49,80,0.7631296668899032
4,49,81,0.8106793439959639
4,49,82,0.9686658599039086
4,49,83,0.8020451063387751
4,49,84,0.9910126481187198
4,49,85,0.9910126481187198
4,49,86,0.9686658599039086
4,49,87,0.9686658599039086
4,49,88,0.9910126481187198
4,49,89,0.8106793439959639
4,49,90,0.9686658599039086
4,49,91,0.8205033171654165
4,49,92,0.9686658599039086
4,49,93,0.9686658599039086
4,49,94,0.9580867895422005
4,49,95,0.9686658599039086
4,49,96,0.8106793439959639
4,49,97,0.9686658599039086
4,49,98,0.9686658599039086
4,49,99,0.9667579921900644
4,50,51,1.0
4,50,52,0.9908700477842567
4,50,53,0.9908700477842567
4,50,54,0.9777692819308178
4,50,55,0.9908700477842567
4,50,56,0.9908700477842567
4,50,57,0.7934926337845085
4,50,58,0.9908700477842567
4,50,59,0.9908700477842567
4,50,60,0.9908700477842567
4,50,61,0.9908700477842567
4,50,62,0.9908700477842567
4,50,63,0.9908700477842567
4,50,64,0.9908700477842567
4,50,65,0.9908700477842567
4,50,66,1.0
4,50,67,0.9908700477842567
4,50,68,0.9908700477842567
4,50,69,0.7934926337845085
4,50,70,0.9908700477842567
4,50,71,0.9908700477842567
4,50,72,1.0
4,50,73,0.9908700477842567
4,50,74,0.9908700477842567
4,50,75,0.8029185026175598
4,50,76,0.9908700477842567
4,50,77,0.7934926337845085
4,50,78,0.7468312038153508
4,50,79,0.7934926337845085
4,50,80,0.7468312038153508
4,50,81,0.7934926337845085
4,50,82,0.9908700477842567
4,50,83,0.7852581968463974
4,50,84,0.9688476125557904
4,50,85,0.9688476125557904
4,50,86,0.9908700477842567
4,50,87,0.9908700477842567
4,50,88,0.9688476125557904
4,50,89,0.7934926337845085
4,50,90,0.9908700477842567
4,50,91,0.8029185026175598
4,50,92,0.9908700477842567
4,50,93,0.9908700477842567
4,50,94,0.9370453051785338
4,50,95,0.9908700477842567
4,50,96,0.7934926337845085
4,50,97,0.9908700477842567
4,50,98,0.9908700477842567
4,50,99,0.9456564992695551
4,51,52,0.9908700477842567
4,51,53,0.9908700477842567
4,51,54,0.9777692819308178
4,51,55,0.9908700477842567
4,51,56,0.9908700477842567
4,51,57,0.7934926337845085
4,51,58,0.9908700477842567
4,51,59,0.9908700477842567
4,51,60,0.9908700477842567
4,51,61,0.9908700477842567
4,51,62,0.9908700477842567
4,51,63,0.9908700477842567
4,51,64,0.9908700477842567
4,51,65,0.9908700477842567
4,51,66,1.0
4,51,67,0.9908700477842567
4,51,68,0.9908700477842567
4,51,69,0.7934926337845085
4,51,70,0.9908700477842567
4,51,71,0.9908700477842567
4,51,72,1.0
4,51,73,0.9908700477842567
4,51,74,0.9908700477842567
4,51,75,0.8029185026175598
4,51,76,0.9908700477842567
4,51,77,0.7934926337845085
4,51,78,0.7468312038153508
4,51,79,0.7934926337845085
4,51,80,0.7468312038153508
4,51,81,0.7934926337845085
4,51,82,0.9908700477842567
4,51,83,0.7852581968463974
4,51,84,0.9688476125557904
4,51,85,0.9688476125557904
4,51,86,0.9908700477842567
4,51,87,0.9908700477842567
4,51,88,0.9688476125557904
4,51,89,0.7934926337845085
4,51,90,0.9908700477842567
4,51,91,0.8029185026175598
4,51,92,0.9908700477842567
4,51,93,0.9908700477842567
4,51,94,0.9370453051785338
4,51,95,0.9908700477842567
4,51,96,0.7934926337845085
4,51,97,0.9908700477842567
4,51,98,0.9908700477842567
4,51,99,0.9456564992695551
4,52,53,1.0
4,52,54,0.9686658599039086
4,52,55,1.0
4,52,56,1.0
4,52,57,0.7846879378265484
4,52,58,1.0
4,52,59,1.0
4,52,60,1.0
4,52,61,1.0
4,52,62,1.0
4,52,63,1.0
4,52,64,1.0
4,52,65,1.0
4,52,66,0.9908700477842567
4,52,67,1.0
4,52,68,1.0
4,52,69,0.7846879378265484
4,52,70,1.0
4,52,71,1.0
4,52,72,0.9908700477842567
4,52,73,1.0
4,52,74,1.0
4,52,75,0.794093160178949
4,52,76,1.0
4,52,77,0.7846879378265484
4,52,78,0.7544314473258652
4,52,79,0.7846879378265484
4,52,80,0.7544314473258652
4,52,81,0.7846879378265484
4,52,82,1.0
4,52,83,0.7764734579093279
4,52,84,0.9776764401471545
4,52,85,0.9776764401471545
4,52,86,1.0
4,52,87,1.0
4,52,88,0.9776764401471545
4,52,89,0.7846879378265484
4,52,90,1.0
4,52,91,0.794093160178949
4,52,92,1.0
4,52,93,1.0
4,52,94,0.9454140244677788
4,52,95,1.0
4,52,96,0.7846879378265484
4,52,97,1.0
4,52,98,1.0
4,52,99,0.9365972202841413
4,53,54,0.9686658599039086
4,53,55,1.0
4,53,56,1.0
4,53,57,0.7846879378265484
4,53,58,1.0
4,53,59,1.0
4,53,60,1.0
4,53,61,1.0
4,53,62,1.0
4,53,63,1.0
4,53,64,1.0
4,53,65,1.0
4,53,66,0.9908700477842567
4,53,67,1.0
4,53,68,1.0
4,53,69,0.7846879378265484
4,53,70,1.0
4,53,71,1.0
4,53,72,0.9908700477842567
4,53,73,1.0
4,53,74,1.0
4,53,75,0.794093160178949
4,53,76,1.0
4,53,77,0.7846879378265484
4,53,78,0.7544314473258652
4,53,79,0.7846879378265484
4,53,80,0.7544314473258652
4,53,81,0.7846879378265484
4,53,82,1.0
4,53,83,0.7764734579093279
4,53,84,0.9776764401471545
4,53,85,0.9776764401471545
4,53,86,1.0
4,53,87,1.0
4,53,88,0.9776764401471545
4,53,89,0.7846879378265484
4,53,90,1.0
4,53,91,0.794093160178949
4,53,92,1.0
4,53,93,1.0
4,53,94,0.9454140244677788
4,53,95,1.0
4,53,96,0.7846879378265484
4,53,97,1.0
4,53,98,1.0
4,53,99,0.9365972202841413
4,54,55,0.9686658599039086
4,54,56,0.9686658599039086
4,54,57,0.8106793439959639
4,54,58,0.9686658599039086
4,54,59,0.9686658599039086
4,54,60,0.9686658599039086
4,54,61,0.9686658599039086
4,54,62,0.9686658599039086
4,54,63,0.9686658599039086
4,54,64,0.9686658599039086
4,54,65,0.9686658599039086
4,54,66,0.9777692819308178
4,54,67,0.9686658599039086
4,54,68,0.9686658599039086
4,54,69,0.8106793439959639
4,54,70,0.9686658599039086
4,54,71,0.9686658599039086
4,54,72,0.9777692819308178
4,54,73,0.9686658599039086
4,54,74,0.9686658599039086
4,54,75,0.8205033171654165
4,54,76,0.9686658599039086
4,54,77,0.8106793439959639
4,54,78,0.7631296668899032
4,54,79,0.8106793439959639
4,54,80,0.7631296668899032
4,54,81,0.8106793439959639
4,54,82,0.9686658599039086
4,54,83,0.8020451063387751
4,54,84,0.9910126481187198
4,54,85,0.9910126481187198
4,54,86,0.9686658599039086
4,54,87,0.9686658599039086
4,54,88,0.9910126481187198
4,54,89,0.8106793439959639
4,54,90,0.9686658599039086
4,54,91,0.8205033171654165
4,54,92,0.9686658599039086
4,54,93,0.9686658599039086
4,54,94,0.9580867895422005
4,54,95,0.9686658599039086
4,54,96,0.8106793439959639
4,54,97,0.9686658599039086
4,54,98,0.9686658599039086
4,54,99,0.9667579921900644
4,55,56,1.0
4,55,57,0.7846879378265484
4,55,58,1.0
4,55,59,1.0
4,55,60,1.0
4,55,61,1.0
4,55,62,1.0
4,55,63,1.0
4,55,64,1.0
4,55,65,1.0
4,55,66,0.9908700477842567
4,55,67,1.0
4,55,68,1.0
4,55,69,0.7846879378265484
4,55,70,1.0
4,55,71,1.0
4,55,72,0.9908700477842567
4,55,73,1.0
4,55,74,1.0
4,55,75,0.794093160178949
4,55,76,1.0
4,55,77,0.7846879378265484
4,55,78,0.7544314473258652
4,55,79,0.7846879378265484
4,55,80,0.7544314473258652
4,55,81,0.7846879378265484
4,55,82,1.0
4,55,83,0.7764734579093279
4,55,84,0.9776764401471545
4,55,85,0.9776764401471545
4,55,86,1.0
4,55,87,1.0
4,55,88,0.9776764401471545
4,55,89,0.7846879378265484
4,55,90,1.0
4,55,91,0.794093160178949
4,55,92,1.0
4,55,93,1.0
4,55,94,0.9454140244677788
4,55,95,1.0
4,55,96,0.7846879378265484
4,55,97,1.0
4,55,98,1.0
4,55,99,0.9365972202841413
4,56,57,0.7846879378265484
4,56,58,1.0
4,56,59,1.0
4,56,60,1.0
4,56,61,1.0
4,56,62,1.0
4,56,63,1.0
4,56,64,1.0
4,56,65,1.0
4,56,66,0.9908700477842567
4,56,67,1.0
4,56,68,1.0
4,56,69,0.7846879378265484
4,56,70,1.0
4,56,71,1.0
4,56,72,0.9908700477842567
4,56,73,1.0
4,56,74,1.0
4,56,75,0.794093160178949
4,56,76,1.0
4,56,77,0.7846879378265484
4,56,78,0.7544314473258652
4,56,79,0.7846879378265484
4,56,80,0.7544314473258652
4,56,81,0.7846879378265484
4,56,82,1.0
4,56,83,0.7764734579093279
4,56,84,0.9776764401471545
4,56,85,0.9776764401471545
4,56,86,1.0
4,56,87,1.0
4,56,88,0.9776764401471545
4,56,89,0.7846879378265484
4,56,90,1.0
4,56,91,0.794093160178949
4,56,92,1.0
4,56,93,1.0
4,56,94,0.9454140244677788
4,56,95,1.0
4,56,96,0.7846879378265484
4,56,97,1.0
4,56,98,1.0
4,56,99,0.9365972202841413
4,57,58,0.7846879378265484
4,57,59,0.7846879378265484
4,57,60,0.7846879378265484
4,57,61,0.7846879378265484
4,57,62,0.7846879378265484
4,57,63,0.7846879378265484
4,57,64,0.7846879378265484
4,57,65,0.7846879378265484
4,57,66,0.7934926337845085
4,57,67,0.7846879378265484
4,57,68,0.7846879378265484
4,57,69,1.0
4,57,70,0.7846879378265484
4,57,71,0.7846879378265484
4,57,72,0.7934926337845085
4,57,73,0.7846879378265484
4,57,74,0.7846879378265484
4,57,75,0.9881390135470622
4,57,76,0.7846879378265484
4,57,77,1.0
4,57,78,0.9193651614110203
4,57,79,1.0
4,57,80,0.9193651614110203
4,57,81,1.0
4,57,82,0.7846879378265484
4,57,83,0.9881390135470622
4,57,84,0.8019841764147049
4,57,85,0.8019841764147049
4,57,86,0.7846879378265484
4,57,87,0.7846879378265484
4,57,88,0.8019841764147049
4,57,89,1.0
4,57,90,0.7846879378265484
4,57,91,0.9881390135470622
4,57,92,0.7846879378265484
4,57,93,0.7846879378265484
4,57,94,0.7741790948423118
4,57,95,0.7846879378265484
4,57,96,1.0
4,57,97,0.7846879378265484
4,57,98,0.7846879378265484
4,57,99,0.782584724715456
4,58,59,1.0
4,58,60,1.0
4,58,61,1.0
4,58,62,1.0
4,58,63,1.0
4,58,64,1.0
4,58,65,1.0
4,58,66,0.9908700477842567
4,58,67,1.0
4,58,68,1.0
4,58,69,0.7846879378265484
4,58,70,1.0
4,58,71,1.0
4,58,72,0.9908700477842567
4,58,73,1.0
4,58,74,1.0
4,58,75,0.794093160178949
4,58,76,1.0
4,58,77,0.7846879378265484
4,58,78,0.7544314473258652
4,58,79,0.7846879378265484
4,58,80,0.7544314473258652
4,58,81,0.7846879378265484
4,58,82,1.0
4,58,83,0.7764734579093279
4,58,84,0.9776764401471545
4,58,85,0.9776764401471545
4,58,86,1.0
4,58,87,1.0
4,58,88,0.9776764401471545
4,58,89,0.7846879378265484
4,58,90,1.0
4,58,91,0.794093160178949
4,58,92,1.0
4,58,93,1.0
4,58,94,0.9454140244677788
4,58,95,1.0
4,58,96,0.7846879378265484
4,58,97,1.0
4,58,98,1.0
4,58,99,0.9365972202841413
4,59,60,1.0
4,59,61,1.0
4,59,62,1.0
4,59,63,1.0
4,59,64,1.0
4,59,65,1.0
4,59,66,0.9908700477842567
4,59,67,1.0
4,59,68,1.0
4,59,69,0.7846879378265484
4,59,70,1.0
4,59,71,1.0
4,59,72,0.9908700477842567
4,59,73,1.0
4,59,74,1.0
4,59,75,0.794093160178949
4,59,76,1.0
4,59,77,0.7846879378265484
4,59,78,0.7544314473258652
4,59,79,0.7846879378265484
4,59,80,0.7544314473258652
4,59,81,0.7846879378265484
4,59,82,1.0
4,59,83,0.7764734579093279
4,59,84,0.9776764401471545
4,59,85,0.9776764401471545
4,59,86,1.0
4,59,87,1.0
4,59,88,0.9776764401471545
4,59,89,0.7846879378265484
4,59,90,1.0
4,59,91,0.794093160178949
4,59,92,1.0
4,59,93,1.0
4,59,94,0.9454140244677788
4,59,95,1.0
4,59,96,0.7846879378265484
4,59,97,1.0
4,59,98,1.0
4,59,99,0.9365972202841413
4,60,61,1.0
4,60,62,1.0
4,60,63,1.0
4,60,64,1.0
4,60,65,1.0
4,60,66,0.9908700477842567
4,60,67,1.0
4,60,68,1.0
4,60,69,0.7846879378265484
4,60,70,1.0
4,60,71,1.0
4,60,72,0.9908700477842567
4,60,73,1.0
4,60,74,1.0
4,60,75,0.794093160178949
4,60,76,1.0
4,60,77,0.7846879378265484
4,60,78,0.7544314473258652
4,60,79,0.7846879378265484
4,60,80,0.7544314473258652
4,60,81,0.7846879378265484
4,60,82,1.0
4,60,83,0.7764734579093279
4,60,84,0.9776764401471545
4,60,85,0.9776764401471545
4,60,86,1.0
4,60,87,1.0
4,60,88,0.9776764401471545
4,60,89,0.7846879378265484
4,60,90,1.0
4,60,91,0.794093160178949
4,60,92,1.0
4,60,93,1.0
4,60,94,0.9454140244677788
4,60,95,1.0
4,60,96,0.7846879378265484
4,60,97,1.0
4,60,98,1.0
4,60,99,0.9365972202841413
4,61,62,1.0
4,61,63,1.0
4,61,64,1.0
4,61,65,1.0
4,61,66,0.9908700477842567
4,61,67,1.0
4,61,68,1.0
4,61,69,0.7846879378265484
4,61,70,1.0
4,61,71,1.0
4,61,72,0.9908700477842567
4,61,73,1.0
4,61,74,1.0
4,61,75,0.794093160178949
4,61,76,1.0
4,61,77,0.7846879378265484
4,61,78,0.7544314473258652
4,61,79,0.7846879378265484
4,61,80,0.7544314473258652
4,61,81,0.7846879378265484
4,61,82,1.0
4,61,83,0.7764734579093279
4,61,84,0.9776764401471545
4,61,85,0.9776764401471545
4,61,86,1.0
4,61,87,1.0
4,61,88,0.9776764401471545
4,61,89,0.7846879378265484
4,61,90,1.0
4,61,91,0.794093160178949
4,61,92,1.0
4,61,93,1.0
4,61,94,0.9454140244677788
4,61,95,1.0
4,61,96,0.7846879378265484
4,61,97,1.0
4,61,98,1.0
4,61,99,0.9365972202841413
4,62,63,1.0
4,62,64,1.0
4,62,65,1.0
4,62,66,0.9908700477842567
4,62,67,1.0
4,62,68,1.0
4,62,69,0.7846879378265484
4,62,70,1.0
4,62,71,1.0
4,62,72,0.9908700477842567
4,62,73,1.0
4,62,74,1.0
4,62,75,0.794093160178949
4,62,76,1.0
4,62,77,0.7846879378265484
4,62,78,0.7544314473258652
4,62,79,0.7846879378265484
4,62,80,0.7544314473258652
4,62,81,0.7846879378265484
4,62,82,1.0
4,62,83,0.7764734579093279
4,62,84,0.9776764401471545
4,62,85,0.9776764401471545
4,62,86,1.0
4,62,87,1.0
4,62,88,0.9776764401471545
4,62,89,0.7846879378265484
4,62,90,1.0
4,62,91,0.794093160178949
4,62,92,1.0
4,62,93,1.0
4,62,94,0.9454140244677788
4,62,95,1.0
4,62,96,0.7846879378265484
4,62,97,1.0
4,62,98,1.0
4,62,99,0.9365972202841413
4,63,64,1.0
4,63,65,1.0
4,63,66,0.9908700477842567
4,63,67,1.0
4,63,68,1.0
4,63,69,0.7846879378265484
4,63,70,1.0
4,63,71,1.0
4,63,72,0.9908700477842567
4,63,73,1.0
4,63,74,1.0
4,63,75,0.794093160178949
4,63,76,1.0
4,63,77,0.7846879378265484
4,63,78,0.7544314473258652
4,63,79,0.7846879378265484
4,63,80,0.7544314473258652
4,63,81,0.7846879378265484
4,63,82,1.0
4,63,83,0.7764734579093279
4,63,84,0.9776764401471545
4,63,85,0.9776764401471545
4,63,86,1.0
4,63,87,1.0
4,63,88,0.9776764401471545
4,63,89,0.7846879378265484
4,63,90,1.0
4,63,91,0.794093160178949
4,63,92,1.0
4,63,93,1.0
4,63,94,0.9454140244677788
4,63,95,1.0
4,63,96,0.7846879378265484
4,63,97,1.0
4,63,98,1.0
4,63,99,0.9365972202841413
4,64,65,1.0
4,64,66,0.9908700477842567
4,64,67,1.0
4,64,68,1.0
4,64,69,0.7846879378265484
4,64,70,1.0
4,64,71,1.0
4,64,72,0.9908700477842567
4,64,73,1.0
4,64,74,1.0
4,64,75,0.794093160178949
4,64,76,1.0
4,64,77,0.7846879378265484
4,64,78,0.7544314473258652
4,64,79,0.7846879378265484
4,64,80,0.7544314473258652
4,64,81,0.7846879378265484
4,64,82,1.0
4,64,83,0.7764734579093279
4,64,84,0.9776764401471545
4,64,85,0.9776764401471545
4,64,86,1.0
4,64,87,1.0
4,64,88,0.9776764401471545
4,64,89,0.7846879378265484
4,64,90,1.0
4,64,91,0.794093160178949
4,64,92,1.0
4,64,93,1.0
4,64,94,0.9454140244677788
4,64,95,1.0
4,64,96,0.7846879378265484
4,64,97,1.0
4,64,98,1.0
4,64,99,0.9365972202841413
4,65,66,0.9908700477842567
4,65,67,1.0
4,65,68,1.0
4,65,69,0.7846879378265484
4,65,70,1.0
4,65,71,1.0
4,65,72,0.9908700477842567
4,65,73,1.0
4,65,74,1.0
4,65,75,0.794093160178949
4,65,76,1.0
4,65,77,0.7846879378265484
4,65,78,0.7544314473258652
4,65,79,0.7846879378265484
4,65,80,0.7544314473258652
4,65,81,0.7846879378265484
4,65,82,1.0
4,65,83,0.7764734579093279
4,65,84,0.9776764401471545
4,65,85,0.9776764401471545
4,65,86,1.0
4,65,87,1.0
4,65,88,0.9776764401471545
4,65,89,0.7846879378265484
4,65,90,1.0
4,65,91,0.794093160178949
4,65,92,1.0
4,65,93,1.0
4,65,94,0.9454140244677788
4,65,95,1.0
4,65,96,0.7846879378265484
4,65,97,1.0
4,65,98,1.0
4,65,99,0.9365972202841413
4,66,67,0.9908700477842567
4,66,68,0.9908700477842567
4,66,69,0.7934926337845085
4,66,70,0.9908700477842567
4,66,71,0.9908700477842567
4,66,72,1.0
4,66,73,0.9908700477842567
4,66,74,0.9908700477842567
4,66,75,0.8029185026175598
4,66,76,0.9908700477842567
4,66,77,0.7934926337845085
4,66,78,0.7468312038153508
4,66,79,0.7934926337845085
4,66,80,0.7468312038153508
4,66,81,0.7934926337845085
4,66,82,0.9908700477842567
4,66,83,0.7852581968463974
4,66,84,0.9688476125557904
4,66,85,0.9688476125557904
4,66,86,0.9908700477842567
4,66,87,0.9908700477842567
4,66,88,0.9688476125557904
4,66,89,0.7934926337845085
4,66,90,0.9908700477842567
4,66,91,0.8029185026175598
4,66,92,0.9908700477842567
4,66,93,0.9908700477842567
4,66,94,0.9370453051785338
4,66,95,0.9908700477842567
4,66,96,0.7934926337845085
4,66,97,0.9908700477842567
4,66,98,0.9908700477842567
4,66,99,0.9456564992695551
4,67,68,1.0
4,67,69,0.7846879378265484
4,67,70,1.0
4,67,71,1.0
4,67,72,0.9908700477842567
4,67,73,1.0
4,67,74,1.0
4,67,75,0.794093160178949
4,67,76,1.0
4,67,77,0.7846879378265484
4,67,78,0.7544314473258652
4,67,79,0.7846879378265484
4,67,80,0.7544314473258652
4,67,81,0.7846879378265484
4,67,82,1.0
4,67,83,0.7764734579093279
4,67,84,0.9776764401471545
4,67,85,0.9776764401471545
4,67,86,1.0
4,67,87,1.0
4,67,88,0.9776764401471545
4,67,89,0.7846879378265484
4,67,90,1.0
4,67,91,0.794093160178949
4,67,92,1.0
4,67,93,1.0
4,67,94,0.9454140244677788
4,67,95,1.0
4,67,96,0.7846879378265484
4,67,97,1.0
4,67,98,1.0
4,67,99,0.9365972202841413
4,68,69,0.7846879378265484
4,68,70,1.0
4,68,71,1.0
4,68,72,0.9908700477842567
4,68,73,1.0
4,68,74,1.0
4,68,75,0.794093160178949
4,68,76,1.0
4,68,77,0.7846879378265484
4,68,78,0.7544314473258652
4,68,79,0.7846879378265484
4,68,80,0.7544314473258652
4,68,81,0.7846879378265484
4,68,82,1.0
4,68,83,0.7764734579093279
4,68,84,0.9776764401471545
4,68,85,0.9776764401471545
4,68,86,1.0
4,68,87,1.0
4,68,88,0.9776764401471545
4,68,89,0.7846879378265484
4,68,90,1.0
4,68,91,0.794093160178949
4,68,92,1.0
4,68,93,1.0
4,68,94,0.9454140244677788
4,68,95,1.0
4,68,96,0.7846879378265484
4,68,97,1.0
4,68,98,1.0
4,68,99,0.9365972202841413
4,69,70,0.7846879378265484
4,69,71,0.7846879378265484
4,69,72,0.7934926337845085
4,69,73,0.7846879378265484
4,69,74,0.7846879378265484
4,69,75,0.9881390135470622
4,69,76,0.7846879378265484
4,69,77,1.0
4,69,78,0.9193651614110203
4,69,79,1.0
4,69,80,0.9193651614110203
4,69,81,1.0
4,69,82,0.7846879378265484
4,69,83,0.9881390135470622
4,69,84,0.8019841764147049
4,69,85,0.8019841764147049
4,69,86,0.7846879378265484
4,69,87,0.7846879378265484
4,69,88,0.8019841764147049
4,69,89,1.0
4,69,90,0.7846879378265484
4,69,91,0.9881390135470622
4,69,92,0.7846879378265484
4,69,93,0.7846879378265484
4,69,94,0.7741790948423118
4,69,95,0.7846879378265484
4,69,96,1.0
4,69,97,0.7846879378265484
4,69,98,0.7846879378265484
4,69,99,0.782584724715456
4,70,71,1.0
4,70,72,0.9908700477842567
4,70,73,1.0
4,70,74,1.0
4,70,75,0.794093160178949
4,70,76,1.0
4,70,77,0.7846879378265484
4,70,78,0.7544314473258652
4,70,79,0.7846879378265484
4,70,80,0.7544314473258652
4,70,81,0.7846879378265484
4,70,82,1.0
4,70,83,0.7764734579093279
4,70,84,0.9776764401471545
4,70,85,0.9776764401471545
4,70,86,1.0
4,70,87,1.0
4,70,88,0.9776764401471545
4,70,89,0.7846879378265484
4,70,90,1.0
4,70,91,0.794093160178949
4,70,92,1.0
4,70,93,1.0
4,70,94,0.9454140244677788
4,70,95,1.0
4,70,96,0.7846879378265484
4,70,97,1.0
4,70,98,1.0
4,70,99,0.9365972202841413
4,71,72,0.9908700477842567
4,71,73,1.0
4,71,74,1.0
4,71,75,0.794093160178949
4,71,76,1.0
4,71,77,0.7846879378265484
4,71,78,0.7544314473258652
4,71,79,0.7846879378265484
4,71,80,0.7544314473258652
4,71,81,0.7846879378265484
4,71,82,1.0
4,71,83,0.7764734579093279
4,71,84,0.9776764401471545
4,71,85,0.9776764401471545
4,71,86,1.0
4,71,87,1.0
4,71,88,0.9776764401471545
4,71,89,0.7846879378265484
4,71,90,1.0
4,71,91,0.794093160178949
4,71,92,1.0
4,71,93,1.0
4,71,94,0.9454140244677788
4,71,95,1.0
4,71,96,0.7846879378265484
4,71,97,1.0
4,71,98,1.0
4,71,99,0.9365972202841413
4,72,73,0.9908700477842567
4,72,74,0.9908700477842567
4,72,75,0.8029185026175598
4,72,76,0.9908700477842567
4,72,77,0.7934926337845085
4,72,78,0.7468312038153508
4,72,79,0.7934926337845085
4,72,80,0.7468312038153508
4,72,81,0.7934926337845085
4,72,82,0.9908700477842567
4,72,83,0.7852581968463974
4,72,84,0.9688476125557904
4,72,85,0.9688476125557904
4,72,86,0.9908700477842567
4,72,87,0.9908700477842567
4,72,88,0.9688476125557904
4,72,89,0.7934926337845085
4,72,90,0.9908700477842567
4,72,91,0.8029185026175598
4,72,92,0.9908700477842567
4,72,93,0.9908700477842567
4,72,94,0.9370453051785338
4,72,95,0.9908700477842567
4,72,96,0.7934926337845085
4,72,97,0.9908700477842567
4,72,98,0.9908700477842567
4,72,99,0.9456564992695551
4,73,74,1.0
4,73,75,0.794093160178949
4,73,76,1.0
4,73,77,0.7846879378265484
4,73,78,0.7544314473258652
4,73,79,0.7846879378265484
4,73,80,0.7544314473258652
4,73,81,0.7846879378265484
4,73,82,1.0
4,73,83,0.7764734579093279
4,73,84,0.9776764401471545
4,73,85,0.9776764401471545
4,73,86,1.0
4,73,87,1.0
4,73,88,0.9776764401471545
4,73,89,0.7846879378265484
4,73,90,1.0
4,73,91,0.794093160178949
4,73,92,1.0
4,73,93,1.0
4,73,94,0.9454140244677788
4,73,95,1.0
4,73,96,0.7846879378265484
4,73,97,1.0
4,73,98,1.0
4,73,99,0.9365972202841413
4,74,75,0.794093160178949
4,74,76,1.0
4,74,77,0.7846879378265484
4,74,78,0.7544314473258652
4,74,79,0.7846879378265484
4,74,80,0.7544314473258652
4,74,81,0.7846879378265484
4,74,82,1.0
4,74,83,0.7764734579093279
4,74,84,0.9776764401471545
4,74,85,0.9776764401471545
4,74,86,1.0
4,74,87,1.0
4,74,88,0.9776764401471545
4,74,89,0.7846879378265484
4,74,90,1.0
4,74,91,0.794093160178949
4,74,92,1.0
4,74,93,1.0
4,74,94,0.9454140244677788
4,74,95,1.0
4,74,96,0.7846879378265484
4,74,97,1.0
4,74,98,1.0
4,74,99,0.9365972202841413
4,75,76,0.794093160178949
4,75,77,0.9881390135470622
4,75,78,0.9082982036323495
4,75,79,0.9881390135470622
4,75,80,0.9082982036323495
4,75,81,0.9881390135470622
4,75,82,0.794093160178949
4,75,83,0.9764733482861228
4,75,84,0.8117873920405333
4,75,85,0.8117873920405333
4,75,86,0.794093160178949
4,75,87,0.794093160178949
4,75,88,0.8117873920405333
4,75,89,0.9881390135470622
4,75,90,0.794093160178949
4,75,91,1.0
4,75,92,0.794093160178949
4,75,93,0.794093160178949
4,75,94,0.7834536722744414
4,75,95,0.794093160178949
4,75,96,0.9881390135470622
4,75,97,0.794093160178949
4,75,98,0.794093160178949
4,75,99,0.7918778228335782
4,76,77,0.7846879378265484
4,76,78,0.7544314473258652
4,76,79,0.7846879378265484
4,76,80,0.7544314473258652
4,76,81,0.7846879378265484
4,76,82,1.0
4,76,83,0.7764734579093279
4,76,84,0.9776764401471545
4,76,85,0.9776764401471545
4,76,86,1.0
4,76,87,1.0
4,76,88,0.9776764401471545
4,76,89,0.7846879378265484
4,76,90,1.0
4,76,91,0.794093160178949
4,76,92,1.0
4,76,93,1.0
4,76,94,0.9454140244677788
4,76,95,1.0
4,76,96,0.7846879378265484
4,76,97,1.0
4,76,98,1.0
4,76,99,0.9365972202841413
4,77,78,0.9193651614110203
4,77,79,1.0
4,77,80,0.9193651614110203
4,77,81,1.0
4,77,82,0.7846879378265484
4,77,83,0.9881390135470622
4,77,84,0.8019841764147049
4,77,85,0.8019841764147049
4,77,86,0.7846879378265484
4,77,87,0.7846879378265484
4,77,88,0.8019841764147049
4,77,89,1.0
4,77,90,0.7846879378265484
4,77,91,0.9881390135470622
4,77,92,0.7846879378265484
4,77,93,0.7846879378265484
4,77,94,0.7741790948423118
4,77,95,0.7846879378265484
4,77,96,1.0
4,77,97,0.7846879378265484
4,77,98,0.7846879378265484
4,77,99,0.782584724715456
4,78,79,0.9193651614110203
4,78,80,1.0
4,78,81,0.9193651614110203
4,78,82,0.7544314473258652
4,78,83,0.9306505164969643
4,78,84,0.770880182934737
4,78,85,0.770880182934737
4,78,86,0.7544314473258652
4,78,87,0.7544314473258652
4,78,88,0.770880182934737
4,78,89,0.9193651614110203
4,78,90,0.7544314473258652
4,78,91,0.9082982036323495
4,78,92,0.7544314473258652
4,78,93,0.7544314473258652
4,78,94,0.7435774660326517
4,78,95,0.7544314473258652
4,78,96,0.9193651614110203
4,78,97,0.7544314473258652
4,78,98,0.7544314473258652
4,78,99,0.7360573098510209
4,79,80,0.9193651614110203
4,79,81,1.0
4,79,82,0.7846879378265484
4,79,83,0.9881390135470622
4,79,84,0.8019841764147049
4,79,85,0.8019841764147049
4,79,86,0.7846879378265484
4,79,87,0.7846879378265484
4,79,88,0.8019841764147049
4,79,89,1.0
4,79,90,0.7846879378265484
4,79,91,0.9881390135470622
4,79,92,0.7846879378265484
4,79,93,0.7846879378265484
4,79,94,0.7741790948423118
4,79,95,0.7846879378265484
4,79,96,1.0
4,79,97,0.7846879378265484
4,79,98,0.7846879378265484
4,79,99,0.782584724715456
4,80,81,0.9193651614110203
4,80,82,0.7544314473258652
4,80,83,0.9306505164969643
4,80,84,0.770880182934737
4,80,85,0.770880182934737
4,80,86,0.7544314473258652
4,80,87,0.7544314473258652
4,80,88,0.770880182934737
4,80,89,0.9193651614110203
4,80,90,0.7544314473258652
4,80,91,0.9082982036323495
4,80,92,0.7544314473258652
4,80,93,0.7544314473258652
4,80,94,0.7435774660326517
4,80,95,0.7544314473258652
4,80,96,0.9193651614110203
4,80,97,0.7544314473258652
4,80,98,0.7544314473258652
4,80,99,0.7360573098510209
4,81,82,0.7846879378265484
4,81,83,0.9881390135470622
4,81,84,0.8019841764147049
4,81,85,0.8019841764147049
4,81,86,0.7846879378265484
4,81,87,0.7846879378265484
4,81,88,0.8019841764147049
4,81,89,1.0
4,81,90,0.7846879378265484
4,81,91,0.9881390135470622
4,81,92,0.7846879378265484
4,81,93,0.7846879378265484
4,81,94,0.7741790948423118
4,81,95,0.7846879378265484
4,81,96,1.0
4,81,97,0.7846879378265484
4,81,98,0.7846879378265484
4,81,99,0.782584724715456
4,82,83,0.7764734579093279
4,82,84,0.9776764401471545
4,82,85,0.9776764401471545
4,82,86,1.0
4,82,87,1.0
4,82,88,0.9776764401471545
4,82,89,0.7846879378265484
4,82,90,1.0
4,82,91,0.794093160178949
4,82,92,1.0
4,82,93,1.0
4,82,94,0.9454140244677788
4,82,95,1.0
4,82,96,0.7846879378265484
4,82,97,1.0
4,82,98,1.0
4,82,99,0.9365972202841413
4,83,84,0.7933701822751535
4,83,85,0.7933701822751535
4,83,86,0.7764734579093279
4,83,87,0.7764734579093279
4,83,88,0.7933701822751535
4,83,89,0.9881390135470622
4,83,90,0.7764734579093279
4,83,91,0.9764733482861228
4,83,92,0.7764734579093279
4,83,93,0.7764734579093279
4,83,94,0.7661073404061337
4,83,95,0.7764734579093279
4,83,96,0.9881390135470622
4,83,97,0.7764734579093279
4,83,98,0.7764734579093279
4,83,99,0.7744949446680669
4,84,85,1.0
4,84,86,0.9776764401471545
4,84,87,0.9776764401471545
4,84,88,1.0
4,84,89,0.8019841764147049
4,84,90,0.9776764401471545
4,84,91,0.8117873920405333
4,84,92,0.9776764401471545
4,84,93,0.9776764401471545
4,84,94,0.9666128564219394
4,84,95,0.9776764401471545
4,84,96,0.8019841764147049
4,84,97,0.9776764401471545
4,84,98,0.9776764401471545
4,84,99,0.9578140995735154
4,85,86,0.9776764401471545
4,85,87,0.9776764401471545
4,85,88,1.0
4,85,89,0.8019841764147049
4,85,90,0.9776764401471545
4,85,91,0.8117873920405333
4,85,92,0.9776764401471545
4,85,93,0.9776764401471545
4,85,94,0.9666128564219394
4,85,95,0.9776764401471545
4,85,96,0.8019841764147049
4,85,97,0.9776764401471545
4,85,98,0.9776764401471545
4,85,99,0.9578140995735154
4,86,87,1.0
4,86,88,0.9776764401471545
4,86,89,0.7846879378265484
4,86,90,1.0
4,86,91,0.794093160178949
4,86,92,1.0
4,86,93,1.0
4,86,94,0.9454140244677788
4,86,95,1.0
4,86,96,0.7846879378265484
4,86,97,1.0
4,86,98,1.0
4,86,99,0.9365972202841413
4,87,88,0.9776764401471545
4,87,89,0.7846879378265484
4,87,90,1.0
4,87,91,0.794093160178949
4,87,92,1.0
4,87,93,1.0
4,87,94,0.9454140244677788
4,87,95,1.0
4,87,96,0.7846879378265484
4,87,97,1.0
4,87,98,1.0
4,87,99,0.9365972202841413
4,88,89,0.8019841764147049
4,88,90,0.9776764401471545
4,88,91,0.8117873920405333
4,88,92,0.9776764401471545
4,88,93,0.9776764401471545
4,88,94,0.9666128564219394
4,88,95,0.9776764401471545
4,88,96,0.8019841764147049
4,88,97,0.9776764401471545
4,88,98,0.9776764401471545
4,88,99,0.9578140995735154
4,89,90,0.7846879378265484
4,89,91,0.9881390135470622
4,89,92,0.7846879378265484
4,89,93,0.7846879378265484
4,89,94,0.7741790948423118
4,89,95,0.7846879378265484
4,89,96,1.0
4,89,97,0.7846879378265484
4,89,98,0.7846879378265484
4,89,99,0.782584724715456
4,90,91,0.794093160178949
4,90,92,1.0
4,90,93,1.0
4,90,94,0.9454140244677788
4,90,95,1.0
4,90,96,0.7846879378265484
4,90,97,1.0
4,90,98,1.0
4,90,99,0.9365972202841413
4,91,92,0.794093160178949
4,91,93,0.794093160178949
4,91,94,0.7834536722744414
4,91,95,0.794093160178949
4,91,96,0.9881390135470622
4,91,97,0.794093160178949
4,91,98,0.794093160178949
4,91,99,0.7918778228335782
4,92,93,1.0
4,92,94,0.9454140244677788
4,92,95,1.0
4,92,96,0.7846879378265484
4,92,97,1.0
4,92,98,1.0
4,92,99,0.9365972202841413
4,93,94,0.9454140244677788
4,93,95,1.0
4,93,96,0.7846879378265484
4,93,97,1.0
4,93,98,1.0
4,93,99,0.9365972202841413
4,94,95,0.9454140244677788
4,94,96,0.7741790948423118
4,94,97,0.9454140244677788
4,94,98,0.9454140244677788
4,94,99,0.9912385570270125
4,95,96,0.7846879378265484
4,95,97,1.0
4,95,98,1.0
4,95,99,0.9365972202841413
4,96,97,0.7846879378265484
4,96,98,0.7846879378265484
4,96,99,0.782584724715456
4,97,98,1.0
4,97,99,0.9365972202841413
4,98,99,0.9365972202841413
