"[A]행정구역(시군구)별","행정구역(시군구)별","[YRE]연령별","연령별","[Item]항목","항목","단위","2016 년","2017 년","2018 년","2019 년","2020 년","2021 년","2022 년","2023 년","2024 년","2025 년",
"11110","종로구","120","20 - 24세","T10[14STD04553]","총전입[명]","명","2775","3065","2690","2660","2818","2885","2672","2442","2423","2320",
"11110","종로구","120","20 - 24세","T20[14STD04553]","총전출[명]","명","2373","2439","2403","2278","2535","2443","2051","1920","1839","1756",
"11110","종로구","130","25 - 29세","T10[14STD04553]","총전입[명]","명","2904","3283","3252","3206","3714","3513","3274","2957","3172","3051",
"11110","종로구","130","25 - 29세","T20[14STD04553]","총전출[명]","명","3202","3236","3363","3462","3656","3605","3211","3079","3112","3111",
"11110","종로구","150","30 - 34세","T10[14STD04553]","총전입[명]","명","2379","2870","2405","2293","2542","2453","2133","2302","2485","2476",
"11110","종로구","150","30 - 34세","T20[14STD04553]","총전출[명]","명","3034","2831","2812","2790","3019","2919","2547","2650","2753","2846",
"11110","종로구","160","35 - 39세","T10[14STD04553]","총전입[명]","명","1940","2527","2023","1923","2120","1871","1525","1359","1464","1527",
"11110","종로구","160","35 - 39세","T20[14STD04553]","총전출[명]","명","2301","2309","2242","2247","2270","2136","1694","1617","1623","1701",
"11140","중구","120","20 - 24세","T10[14STD04553]","총전입[명]","명","2128","2144","2114","2101","2310","2369","2104","2033","1928","1860",
"11140","중구","120","20 - 24세","T20[14STD04553]","총전출[명]","명","1650","1600","1527","1468","1758","1808","1562","1388","1473","1453",
"11140","중구","130","25 - 29세","T10[14STD04553]","총전입[명]","명","2668","2747","3100","3133","3392","3553","3056","3365","2973","2809",
"11140","중구","130","25 - 29세","T20[14STD04553]","총전출[명]","명","2464","2449","2659","2754","3061","3086","2687","2578","2609","2725",
"11140","중구","150","30 - 34세","T10[14STD04553]","총전입[명]","명","2695","2787","2787","2707","2892","2820","2357","3253","3079","2914",
"11140","중구","150","30 - 34세","T20[14STD04553]","총전출[명]","명","2774","2744","2599","2591","3000","2936","2516","2793","2990","3328",
"11140","중구","160","35 - 39세","T10[14STD04553]","총전입[명]","명","1982","2153","2081","1987","2023","1925","1519","1936","1846","1676",
"11140","중구","160","35 - 39세","T20[14STD04553]","총전출[명]","명","2228","2229","2307","2235","2469","2296","1844","1909","1972","2186",
"11170","용산구","120","20 - 24세","T10[14STD04553]","총전입[명]","명","3116","3153","3435","3268","3668","3455","3117","2569","2378","2409",
"11170","용산구","120","20 - 24세","T20[14STD04553]","총전출[명]","명","2574","2526","2583","2447","2695","2866","2425","2254","2328","1774",
"11170","용산구","130","25 - 29세","T10[14STD04553]","총전입[명]","명","4524","5204","5704","5660","6371","6351","5468","4853","4552","4511",
"11170","용산구","130","25 - 29세","T20[14STD04553]","총전출[명]","명","4098","4009","4527","4700","5179","5195","4309","4297","4334","3802",
"11170","용산구","150","30 - 34세","T10[14STD04553]","총전입[명]","명","4693","5045","4953","4793","5594","5259","4640","4620","4659","5100",
"11170","용산구","150","30 - 34세","T20[14STD04553]","총전출[명]","명","5015","4856","4830","4800","5338","5424","4539","5242","5480","5091",
"11170","용산구","160","35 - 39세","T10[14STD04553]","총전입[명]","명","3483","3701","3955","3752","4223","3651","2986","2758","2901","2928",
"11170","용산구","160","35 - 39세","T20[14STD04553]","총전출[명]","명","4207","4149","4314","4123","4384","4242","3333","3607","3852","3347",
"11200","성동구","120","20 - 24세","T10[14STD04553]","총전입[명]","명","4582","5220","5268","4644","4990","4660","4771","4200","4034","4257",
"11200","성동구","120","20 - 24세","T20[14STD04553]","총전출[명]","명","3560","3486","3557","3796","4292","3842","3445","3167","3280","3175",
"11200","성동구","130","25 - 29세","T10[14STD04553]","총전입[명]","명","6057","6811","7227","6315","7099","6588","5896","5802","5334","5973",
"11200","성동구","130","25 - 29세","T20[14STD04553]","총전출[명]","명","5593","5699","6384","6618","7200","6711","5981","5641","5687","5488",
"11200","성동구","150","30 - 34세","T10[14STD04553]","총전입[명]","명","6846","7006","7019","5694","6475","5586","4774","5706","6027","7015",
"11200","성동구","150","30 - 34세","T20[14STD04553]","총전출[명]","명","6401","6171","6343","6304","7141","6386","5193","5413","5688","6253",
"11200","성동구","160","35 - 39세","T10[14STD04553]","총전입[명]","명","5100","5550","5653","4242","4953","4036","3137","3617","3859","4904",
"11200","성동구","160","35 - 39세","T20[14STD04553]","총전출[명]","명","5188","5294","5872","5662","6085","5129","3863","4215","4137","4619",
"11215","광진구","120","20 - 24세","T10[14STD04553]","총전입[명]","명","6662","6903","6763","7266","8093","7616","7401","6474","6318","6470",
"11215","광진구","120","20 - 24세","T20[14STD04553]","총전출[명]","명","4987","4846","4875","4992","5522","5521","4812","4360","4254","4407",
"11215","광진구","130","25 - 29세","T10[14STD04553]","총전입[명]","명","8512","8965","9682","10171","10986","10522","9483","9069","8935","9066",
"11215","광진구","130","25 - 29세","T20[14STD04553]","총전출[명]","명","8060","7958","8602","9437","10066","10147","8906","8552","8612","8596",
"11215","광진구","150","30 - 34세","T10[14STD04553]","총전입[명]","명","7604","7553","7075","6588","7210","6718","5914","6492","6475","7599",
"11215","광진구","150","30 - 34세","T20[14STD04553]","총전출[명]","명","9206","8285","8363","8044","8726","8205","7032","7678","8015","8406",
"11215","광진구","160","35 - 39세","T10[14STD04553]","총전입[명]","명","5212","5339","5410","4708","4954","4375","3595","3578","3499","4408",
"11215","광진구","160","35 - 39세","T20[14STD04553]","총전출[명]","명","6142","6006","6609","6354","6487","5719","4447","4508","4576","4840",
"11230","동대문구","120","20 - 24세","T10[14STD04553]","총전입[명]","명","6181","6085","6793","6953","8380","8275","8150","8186","7717","8236",
"11230","동대문구","120","20 - 24세","T20[14STD04553]","총전출[명]","명","4943","4613","5085","5138","5969","5895","5334","5399","5659","5901",
"11230","동대문구","130","25 - 29세","T10[14STD04553]","총전입[명]","명","6393","6546","7327","7911","8569","8489","7287","7873","7196","8000",
"11230","동대문구","130","25 - 29세","T20[14STD04553]","총전출[명]","명","7108","7223","8010","7977","8602","8755","7802","7789","8128","8267",
"11230","동대문구","150","30 - 34세","T10[14STD04553]","총전입[명]","명","5967","5300","6305","5890","6415","5819","5137","6361","6037","8416",
"11230","동대문구","150","30 - 34세","T20[14STD04553]","총전출[명]","명","7173","6415","6698","6229","6809","6387","5583","6236","6423","7087",
"11230","동대문구","160","35 - 39세","T10[14STD04553]","총전입[명]","명","4345","4464","5507","4859","5029","4219","3505","4073","3673","5774",
"11230","동대문구","160","35 - 39세","T20[14STD04553]","총전출[명]","명","5422","5336","5806","5394","5826","4769","3786","4024","4062","4621",
"11260","중랑구","120","20 - 24세","T10[14STD04553]","총전입[명]","명","5305","4825","4665","4332","5181","4564","4444","3785","3927","3717",
"11260","중랑구","120","20 - 24세","T20[14STD04553]","총전출[명]","명","4846","4321","4197","3986","4374","4029","3324","2915","3104","2739",
"11260","중랑구","130","25 - 29세","T10[14STD04553]","총전입[명]","명","6791","6731","7228","7334","8698","8235","7621","6877","7067","6544",
"11260","중랑구","130","25 - 29세","T20[14STD04553]","총전출[명]","명","6581","6402","6895","7174","7809","7689","6480","6226","6326","5983",
"11260","중랑구","150","30 - 34세","T10[14STD04553]","총전입[명]","명","7592","6787","6563","6091","7493","6703","6400","6031","6884","6642",
"11260","중랑구","150","30 - 34세","T20[14STD04553]","총전출[명]","명","8192","7321","7262","6956","7697","7068","6257","6535","7445","7103",
"11260","중랑구","160","35 - 39세","T10[14STD04553]","총전입[명]","명","5704","5558","5428","4746","6094","5014","4120","3745","4065","4080",
"11260","중랑구","160","35 - 39세","T20[14STD04553]","총전출[명]","명","6675","6493","6654","6091","6856","6008","4458","4551","4851","4722",
"11290","성북구","120","20 - 24세","T10[14STD04553]","총전입[명]","명","6763","6772","6817","8115","8402","7905","8118","7588","7775","8072",
"11290","성북구","120","20 - 24세","T20[14STD04553]","총전출[명]","명","5877","5861","5788","5641","6764","6852","5794","5930","6484","6577",
"11290","성북구","130","25 - 29세","T10[14STD04553]","총전입[명]","명","6658","6781","7140","8657","8696","8267","7233","6594","6716","7288",
"11290","성북구","130","25 - 29세","T20[14STD04553]","총전출[명]","명","7899","7831","8012","8261","9460","9203","7857","7696","7951","8005",
"11290","성북구","150","30 - 34세","T10[14STD04553]","총전입[명]","명","6639","6574","5997","7302","6998","6612","5620","5556","6081","6925",
"11290","성북구","150","30 - 34세","T20[14STD04553]","총전출[명]","명","8340","7785","7112","6824","7527","7070","5969","6477","6784","6780",
"11290","성북구","160","35 - 39세","T10[14STD04553]","총전입[명]","명","5434","5851","5346","6745","5757","5498","4246","3817","4141","4899",
"11290","성북구","160","35 - 39세","T20[14STD04553]","총전출[명]","명","6869","6693","6435","5911","6491","5734","4434","4414","4549","4720",
"11305","강북구","120","20 - 24세","T10[14STD04553]","총전입[명]","명","4097","4132","4006","4194","4525","4115","4113","3547","3801","3562",
"11305","강북구","120","20 - 24세","T20[14STD04553]","총전출[명]","명","3837","3462","3603","3645","4099","3874","3149","3065","3264","3155",
"11305","강북구","130","25 - 29세","T10[14STD04553]","총전입[명]","명","4686","4757","5140","4939","5907","5374","4833","4288","4367","4052",
"11305","강북구","130","25 - 29세","T20[14STD04553]","총전출[명]","명","4745","4744","5304","5415","6236","5941","5055","4858","4944","4643",
"11305","강북구","150","30 - 34세","T10[14STD04553]","총전입[명]","명","4936","4619","4141","3934","4321","3864","3215","3314","3607","3594",
"11305","강북구","150","30 - 34세","T20[14STD04553]","총전출[명]","명","5872","5089","4938","4637","4942","4747","4011","4236","4450","4399",
"11305","강북구","160","35 - 39세","T10[14STD04553]","총전입[명]","명","4142","3914","3759","3477","3569","3050","2400","2093","2246","2187",
"11305","강북구","160","35 - 39세","T20[14STD04553]","총전출[명]","명","4846","4745","4801","4408","4610","3825","2986","2687","2863","2636",
"11320","도봉구","120","20 - 24세","T10[14STD04553]","총전입[명]","명","3504","3272","3106","2895","3263","3092","2585","2274","2544","2240",
"11320","도봉구","120","20 - 24세","T20[14STD04553]","총전출[명]","명","3634","3364","3115","3131","3562","3206","2649","2266","2462","2199",
"11320","도봉구","130","25 - 29세","T10[14STD04553]","총전입[명]","명","4118","4182","4257","4282","4782","4621","4015","3851","3770","3394",
"11320","도봉구","130","25 - 29세","T20[14STD04553]","총전출[명]","명","4723","4552","4854","4834","5702","5290","4332","4222","3992","3842",
"11320","도봉구","150","30 - 34세","T10[14STD04553]","총전입[명]","명","5024","4388","4069","3758","4336","4146","3311","3649","3875","3663",
"11320","도봉구","150","30 - 34세","T20[14STD04553]","총전출[명]","명","5683","5110","4865","4553","5215","4693","3781","4219","4397","4109",
"11320","도봉구","160","35 - 39세","T10[14STD04553]","총전입[명]","명","4216","3817","3883","3507","3904","3352","2475","2427","2563","2458",
"11320","도봉구","160","35 - 39세","T20[14STD04553]","총전출[명]","명","4701","4546","4501","4188","4708","4022","2814","2812","2989","2771",
"11350","노원구","120","20 - 24세","T10[14STD04553]","총전입[명]","명","6647","6130","6226","5639","6581","5817","6309","5939","5853","5585",
"11350","노원구","120","20 - 24세","T20[14STD04553]","총전출[명]","명","7112","7374","6936","7013","7852","7076","6058","6012","6267","6264",
"11350","노원구","130","25 - 29세","T10[14STD04553]","총전입[명]","명","6359","6068","6322","6186","7493","6849","5870","5813","5708","5676",
"11350","노원구","130","25 - 29세","T20[14STD04553]","총전출[명]","명","7573","7803","7774","8013","9062","8662","7017","6755","7008","6893",
"11350","노원구","150","30 - 34세","T10[14STD04553]","총전입[명]","명","8196","6818","6473","6043","7471","6974","5746","6129","6543","6779",
"11350","노원구","150","30 - 34세","T20[14STD04553]","총전출[명]","명","9021","8203","7404","6948","7765","6944","5784","6357","6785","6768",
"11350","노원구","160","35 - 39세","T10[14STD04553]","총전입[명]","명","7075","6093","6114","5515","6594","5565","3968","4363","4455","4522",
"11350","노원구","160","35 - 39세","T20[14STD04553]","총전출[명]","명","7931","7613","7495","6679","7177","6036","4499","4835","4862","4998",
"11380","은평구","120","20 - 24세","T10[14STD04553]","총전입[명]","명","6011","5628","5686","5859","6641","5720","5569","5176","4620","4208",
"11380","은평구","120","20 - 24세","T20[14STD04553]","총전출[명]","명","5882","5216","5096","5244","5526","5074","4715","4128","3912","3695",
"11380","은평구","130","25 - 29세","T10[14STD04553]","총전입[명]","명","7666","7751","8308","9569","10690","9240","8565","8534","8077","7569",
"11380","은평구","130","25 - 29세","T20[14STD04553]","총전출[명]","명","7779","7542","7783","8501","9317","8675","7943","7431","7496","7380",
"11380","은평구","150","30 - 34세","T10[14STD04553]","총전입[명]","명","8700","8158","7908","8049","9150","7513","7062","7809","7698","7589",
"11380","은평구","150","30 - 34세","T20[14STD04553]","총전출[명]","명","9931","8733","8100","8247","8864","7949","7533","7669","8384","8281",
"11380","은평구","160","35 - 39세","T10[14STD04553]","총전입[명]","명","7068","6827","6807","7121","7741","5858","4776","4917","4463","4610",
"11380","은평구","160","35 - 39세","T20[14STD04553]","총전출[명]","명","8327","7901","7750","7746","8194","6580","5555","5268","5595","5356",
"11410","서대문구","120","20 - 24세","T10[14STD04553]","총전입[명]","명","6007","5643","5655","5914","7180","6411","6775","6066","5969","5752",
"11410","서대문구","120","20 - 24세","T20[14STD04553]","총전출[명]","명","4715","4444","4416","4492","5259","5149","4462","4273","4665","4622",
"11410","서대문구","130","25 - 29세","T10[14STD04553]","총전입[명]","명","6319","6090","6363","6802","8269","7054","6638","6260","5703","5941",
"11410","서대문구","130","25 - 29세","T20[14STD04553]","총전출[명]","명","6489","6358","6638","7026","7772","7626","6807","6347","6542","6605",
"11410","서대문구","150","30 - 34세","T10[14STD04553]","총전입[명]","명","6085","5382","5013","5141","6609","5044","5010","5142","4881","5352",
"11410","서대문구","150","30 - 34세","T20[14STD04553]","총전출[명]","명","6297","5989","5543","5359","6243","5722","5188","5337","5550","5834",
"11410","서대문구","160","35 - 39세","T10[14STD04553]","총전입[명]","명","4877","4497","4371","4382","5636","3712","3711","3620","3271","3525",
"11410","서대문구","160","35 - 39세","T20[14STD04553]","총전출[명]","명","5054","5042","4840","4707","5369","4309","3495","3651","3717","3832",
"11440","마포구","120","20 - 24세","T10[14STD04553]","총전입[명]","명","6859","6678","7027","7378","8295","8085","7248","6592","6422","6029",
"11440","마포구","120","20 - 24세","T20[14STD04553]","총전출[명]","명","5639","5023","4846","4965","5774","5867","4964","4632","4471","4414",
"11440","마포구","130","25 - 29세","T10[14STD04553]","총전입[명]","명","9384","9581","10602","10750","12230","11885","10199","9532","9279","8749",
"11440","마포구","130","25 - 29세","T20[14STD04553]","총전출[명]","명","9071","8749","8815","9497","11089","10529","9097","8645","8753","8551",
"11440","마포구","150","30 - 34세","T10[14STD04553]","총전입[명]","명","9479","8549","8732","8241","9569","8330","7300","8358","8261","8379",
"11440","마포구","150","30 - 34세","T20[14STD04553]","총전출[명]","명","10828","9517","9134","8596","9913","9107","8029","8424","8763","9201",
"11440","마포구","160","35 - 39세","T10[14STD04553]","총전입[명]","명","6307","5950","6435","6235","6958","6074","4605","5009","4899","5028",
"11440","마포구","160","35 - 39세","T20[14STD04553]","총전출[명]","명","7948","7405","7471","7164","8014","6957","5565","5505","5661","5879",
"11470","양천구","120","20 - 24세","T10[14STD04553]","총전입[명]","명","4345","3764","3605","3372","4214","3908","3191","2938","2740","2580",
"11470","양천구","120","20 - 24세","T20[14STD04553]","총전출[명]","명","5863","5097","4812","4447","5380","4789","4082","3695","3698","3473",
"11470","양천구","130","25 - 29세","T10[14STD04553]","총전입[명]","명","5652","5195","5480","5651","6923","6505","5411","5249","5075","4950",
"11470","양천구","130","25 - 29세","T20[14STD04553]","총전출[명]","명","6501","5885","6190","6181","7413","7016","5657","5510","5584","5393",
"11470","양천구","150","30 - 34세","T10[14STD04553]","총전입[명]","명","7230","5954","5899","5299","6883","5805","5106","5166","5472","5380",
"11470","양천구","150","30 - 34세","T20[14STD04553]","총전출[명]","명","7956","6915","6831","6059","7239","6546","5538","5854","6181","6277",
"11470","양천구","160","35 - 39세","T10[14STD04553]","총전입[명]","명","6593","5660","5870","5343","6944","5154","4034","4246","4439","4339",
"11470","양천구","160","35 - 39세","T20[14STD04553]","총전출[명]","명","6748","5957","6263","5763","6723","5348","4274","4241","4333","4386",
"11500","강서구","120","20 - 24세","T10[14STD04553]","총전입[명]","명","7909","8000","7602","7595","8434","8447","7213","6744","6549","5997",
"11500","강서구","120","20 - 24세","T20[14STD04553]","총전출[명]","명","6318","6179","6478","6207","7132","6607","5627","5167","5121","4814",
"11500","강서구","130","25 - 29세","T10[14STD04553]","총전입[명]","명","12318","13714","13768","15002","16473","16957","14629","13652","13742","13061",
"11500","강서구","130","25 - 29세","T20[14STD04553]","총전출[명]","명","9898","10408","11565","12021","14014","13845","11997","11883","12183","11162",
"11500","강서구","150","30 - 34세","T10[14STD04553]","총전입[명]","명","14705","14037","12907","11963","13767","13445","11577","12153","12825","12790",
"11500","강서구","150","30 - 34세","T20[14STD04553]","총전출[명]","명","13985","12788","13298","12886","14823","14065","12121","13777","14693","14119",
"11500","강서구","160","35 - 39세","T10[14STD04553]","총전입[명]","명","10514","10075","9234","8516","9440","8784","6669","6821","7112","7166",
"11500","강서구","160","35 - 39세","T20[14STD04553]","총전출[명]","명","10984","10352","11278","10776","12548","10606","8143","8566","8791","8675",
"11530","구로구","120","20 - 24세","T10[14STD04553]","총전입[명]","명","4868","4489","4580","4903","5327","4699","4659","4060","3787","3759",
"11530","구로구","120","20 - 24세","T20[14STD04553]","총전출[명]","명","4135","3934","3848","3655","4481","3864","3490","3114","3102","2926",
"11530","구로구","130","25 - 29세","T10[14STD04553]","총전입[명]","명","7213","6758","7802","8348","9112","8389","8081","7355","7325","7280",
"11530","구로구","130","25 - 29세","T20[14STD04553]","총전출[명]","명","6670","6637","7140","7178","8144","7884","6659","6665","6834","6555",
"11530","구로구","150","30 - 34세","T10[14STD04553]","총전입[명]","명","7840","6853","7007","7463","8337","7019","7263","6869","7033","7419",
"11530","구로구","150","30 - 34세","T20[14STD04553]","총전출[명]","명","9112","8234","7907","7004","8216","7455","6551","7146","7594","7562",
"11530","구로구","160","35 - 39세","T10[14STD04553]","총전입[명]","명","5621","5332","5370","5980","6355","4583","4424","3874","3893","4216",
"11530","구로구","160","35 - 39세","T20[14STD04553]","총전출[명]","명","7272","7120","7361","6423","7402","6106","4775","4740","4834","5061",
"11545","금천구","120","20 - 24세","T10[14STD04553]","총전입[명]","명","3296","3291","3430","3510","3999","3967","3616","3233","3104","2873",
"11545","금천구","120","20 - 24세","T20[14STD04553]","총전출[명]","명","2755","2597","2579","2555","2915","2825","2518","2247","2097","1880",
"11545","금천구","130","25 - 29세","T10[14STD04553]","총전입[명]","명","4816","5243","5814","6583","7522","7793","7226","7009","7166","6682",
"11545","금천구","130","25 - 29세","T20[14STD04553]","총전출[명]","명","4546","4639","4863","5410","5902","6025","5756","5874","5913","5665",
"11545","금천구","150","30 - 34세","T10[14STD04553]","총전입[명]","명","4488","4544","4376","4381","5131","5360","4692","4704","5240","5286",
"11545","금천구","150","30 - 34세","T20[14STD04553]","총전출[명]","명","5014","4717","4799","4611","5277","5128","4857","5482","6215","5920",
"11545","금천구","160","35 - 39세","T10[14STD04553]","총전입[명]","명","3135","3319","3334","3118","3251","3133","2371","2234","2526","2406",
"11545","금천구","160","35 - 39세","T20[14STD04553]","총전출[명]","명","3737","3730","3916","3796","3935","3572","3015","3017","3364","3048",
"11560","영등포구","120","20 - 24세","T10[14STD04553]","총전입[명]","명","5677","5884","5664","5804","7081","6520","6061","5546","5359","4920",
"11560","영등포구","120","20 - 24세","T20[14STD04553]","총전출[명]","명","4944","4335","4237","4039","4693","4325","3850","3826","3558","3302",
"11560","영등포구","130","25 - 29세","T10[14STD04553]","총전입[명]","명","9332","9815","11246","11576","13936","12861","11612","12356","11819","11133",
"11560","영등포구","130","25 - 29세","T20[14STD04553]","총전출[명]","명","8275","8307","8545","8894","10340","10173","8941","9152","9222","9171",
"11560","영등포구","150","30 - 34세","T10[14STD04553]","총전입[명]","명","9082","9126","9215","9079","12185","9607","8726","10286","10718","10788",
"11560","영등포구","150","30 - 34세","T20[14STD04553]","총전출[명]","명","10213","9478","8961","9076","10531","10129","9182","10189","10675","11342",
"11560","영등포구","160","35 - 39세","T10[14STD04553]","총전입[명]","명","5914","6416","6109","5922","8694","5898","5066","5241","5642","5867",
"11560","영등포구","160","35 - 39세","T20[14STD04553]","총전출[명]","명","7452","7401","7126","6887","8120","6959","6196","6391","6670","6972",
"11590","동작구","120","20 - 24세","T10[14STD04553]","총전입[명]","명","7830","7573","8211","8207","8700","8906","8444","8182","8003","7710",
"11590","동작구","120","20 - 24세","T20[14STD04553]","총전출[명]","명","5695","5679","5679","5598","6522","6537","5448","5432","5676","5647",
"11590","동작구","130","25 - 29세","T10[14STD04553]","총전입[명]","명","9987","9867","11388","11583","12314","12013","11107","10895","10698","10374",
"11590","동작구","130","25 - 29세","T20[14STD04553]","총전출[명]","명","9223","9619","10184","10538","11860","12102","10611","10282","10550","10445",
"11590","동작구","150","30 - 34세","T10[14STD04553]","총전입[명]","명","8841","7639","8161","7945","8626","7999","7049","7588","8171","8252",
"11590","동작구","150","30 - 34세","T20[14STD04553]","총전출[명]","명","9970","9214","9196","8739","9801","9521","8502","8621","9078","9257",
"11590","동작구","160","35 - 39세","T10[14STD04553]","총전입[명]","명","6142","5570","5931","5662","5930","5435","4058","4454","4710","4697",
"11590","동작구","160","35 - 39세","T20[14STD04553]","총전출[명]","명","7101","7123","7199","6902","7303","6554","5028","5213","5492","5429",
"11620","관악구","120","20 - 24세","T10[14STD04553]","총전입[명]","명","15224","15603","17257","17705","18335","17350","18052","15392","15576","15262",
"11620","관악구","120","20 - 24세","T20[14STD04553]","총전출[명]","명","9605","10019","10334","11179","12109","11222","10261","9778","9645","9102",
"11620","관악구","130","25 - 29세","T10[14STD04553]","총전입[명]","명","20091","21567","24629","25744","26983","25888","26076","23345","23371","23423",
"11620","관악구","130","25 - 29세","T20[14STD04553]","총전출[명]","명","18005","19177","20952","22917","24624","24121","21904","22108","22457","21747",
"11620","관악구","150","30 - 34세","T10[14STD04553]","총전입[명]","명","12878","12062","12158","12280","13354","11937","12263","11629","12751","13629",
"11620","관악구","150","30 - 34세","T20[14STD04553]","총전출[명]","명","16609","15370","15195","15515","16817","16061","15253","15684","16814","17220",
"11620","관악구","160","35 - 39세","T10[14STD04553]","총전입[명]","명","7242","7218","7307","6881","7103","6080","5413","4933","5284","6044",
"11620","관악구","160","35 - 39세","T20[14STD04553]","총전출[명]","명","10039","9965","10189","9647","10096","8809","7140","7048","7434","7593",
"11650","서초구","120","20 - 24세","T10[14STD04553]","총전입[명]","명","5216","5184","5481","4686","5249","5151","4022","4368","3710","3850",
"11650","서초구","120","20 - 24세","T20[14STD04553]","총전출[명]","명","5035","5289","5701","4562","5435","5787","4172","3975","3528","3624",
"11650","서초구","130","25 - 29세","T10[14STD04553]","총전입[명]","명","7848","8015","8775","8120","8543","8274","6854","7581","6723","6818",
"11650","서초구","130","25 - 29세","T20[14STD04553]","총전출[명]","명","7163","7702","8473","7611","8746","8664","6477","6308","6023","6081",
"11650","서초구","150","30 - 34세","T10[14STD04553]","총전입[명]","명","9132","8477","8378","7930","8511","7774","6284","7679","7317","7426",
"11650","서초구","150","30 - 34세","T20[14STD04553]","총전출[명]","명","9836","9425","9428","8252","9734","9256","7123","7365","7534","7529",
"11650","서초구","160","35 - 39세","T10[14STD04553]","총전입[명]","명","7417","7227","7930","6995","7758","6782","4746","6151","5540","6279",
"11650","서초구","160","35 - 39세","T20[14STD04553]","총전출[명]","명","7668","8082","8925","7460","8366","7661","5545","5598","5366","5478",
"11680","강남구","120","20 - 24세","T10[14STD04553]","총전입[명]","명","7992","7538","7397","7613","7653","7785","6078","6542","6090","5249",
"11680","강남구","120","20 - 24세","T20[14STD04553]","총전출[명]","명","8721","8326","8801","7662","8547","8180","6412","6447","6047","5809",
"11680","강남구","130","25 - 29세","T10[14STD04553]","총전입[명]","명","11743","11658","12243","12825","12838","12262","10646","11780","10922","9758",
"11680","강남구","130","25 - 29세","T20[14STD04553]","총전출[명]","명","11658","11737","12551","11527","12755","12195","9953","9497","9237","9192",
"11680","강남구","150","30 - 34세","T10[14STD04553]","총전입[명]","명","12341","11327","10939","11292","11413","10613","9275","12024","11826","10185",
"11680","강남구","150","30 - 34세","T20[14STD04553]","총전출[명]","명","14948","13653","13141","11746","12982","12504","9979","10641","10959","11225",
"11680","강남구","160","35 - 39세","T10[14STD04553]","총전입[명]","명","9723","9489","9587","10119","9851","9006","7075","9641","8852","8114",
"11680","강남구","160","35 - 39세","T20[14STD04553]","총전출[명]","명","11660","11259","11290","10250","10813","10066","7382","7668","7818","7957",
"11710","송파구","120","20 - 24세","T10[14STD04553]","총전입[명]","명","7838","8143","7757","8974","8104","8071","6906","5972","5768","5453",
"11710","송파구","120","20 - 24세","T20[14STD04553]","총전출[명]","명","7650","7234","6558","7597","7833","7627","6026","5564","5529","5273",
"11710","송파구","130","25 - 29세","T10[14STD04553]","총전입[명]","명","12261","13691","14207","16435","15253","14960","13141","13267","12765","12111",
"11710","송파구","130","25 - 29세","T20[14STD04553]","총전출[명]","명","11235","11152","11404","13322","14307","14277","11240","11076","10809","10931",
"11710","송파구","150","30 - 34세","T10[14STD04553]","총전입[명]","명","15097","15365","14144","16193","14613","13567","12286","13391","14111","13802",
"11710","송파구","150","30 - 34세","T20[14STD04553]","총전출[명]","명","15317","14258","13900","15398","15858","15064","12300","13412","14058","14532",
"11710","송파구","160","35 - 39세","T10[14STD04553]","총전입[명]","명","11664","12376","11462","14029","11971","11007","8914","9033","9569","9431",
"11710","송파구","160","35 - 39세","T20[14STD04553]","총전출[명]","명","12415","12136","12387","13478","13558","12579","9203","9889","9880","10056",
"11740","강동구","120","20 - 24세","T10[14STD04553]","총전입[명]","명","5184","5856","4515","5254","6736","5796","4395","4121","5088","4998",
"11740","강동구","120","20 - 24세","T20[14STD04553]","총전출[명]","명","6086","6537","4715","4584","5296","4969","4004","3775","3696","3723",
"11740","강동구","130","25 - 29세","T10[14STD04553]","총전입[명]","명","7207","8416","7301","8801","11398","10241","7952","8338","9517","9840",
"11740","강동구","130","25 - 29세","T20[14STD04553]","총전출[명]","명","7965","8837","7458","7269","8887","9083","7184","7059","7429","7547",
"11740","강동구","150","30 - 34세","T10[14STD04553]","총전입[명]","명","8660","9300","7451","8817","11907","9340","7062","8166","10778","11303",
"11740","강동구","150","30 - 34세","T20[14STD04553]","총전출[명]","명","10206","9941","8465","7865","9119","9120","7517","8084","8760","9095",
"11740","강동구","160","35 - 39세","T10[14STD04553]","총전입[명]","명","6701","8731","6418","8522","11590","8021","5275","5726","8294","8394",
"11740","강동구","160","35 - 39세","T20[14STD04553]","총전출[명]","명","8528","9111","7765","7673","8627","7788","5786","6037","6505","6465",
"26110","중  구","120","20 - 24세","T10[14STD04553]","총전입[명]","명","662","689","663","736","894","971","909","782","727","696",
"26110","중  구","120","20 - 24세","T20[14STD04553]","총전출[명]","명","550","583","594","598","633","676","627","620","593","598",
"26110","중  구","130","25 - 29세","T10[14STD04553]","총전입[명]","명","793","866","853","947","1103","1279","1068","922","924","880",
"26110","중  구","130","25 - 29세","T20[14STD04553]","총전출[명]","명","807","939","969","971","1021","1128","1107","1026","1044","1015",
"26110","중  구","150","30 - 34세","T10[14STD04553]","총전입[명]","명","620","593","500","545","633","746","604","536","589","569",
"26110","중  구","150","30 - 34세","T20[14STD04553]","총전출[명]","명","790","747","710","737","728","755","762","839","788","836",
"26110","중  구","160","35 - 39세","T10[14STD04553]","총전입[명]","명","554","507","411","415","529","491","350","272","248","284",
"26110","중  구","160","35 - 39세","T20[14STD04553]","총전출[명]","명","652","645","612","542","551","584","457","378","392","393",
"26140","서  구","120","20 - 24세","T10[14STD04553]","총전입[명]","명","1418","1450","1612","1502","1777","1749","1640","1486","1357","1376",
"26140","서  구","120","20 - 24세","T20[14STD04553]","총전출[명]","명","1434","1464","1427","1345","1567","1643","1412","1253","1379","1333",
"26140","서  구","130","25 - 29세","T10[14STD04553]","총전입[명]","명","1350","1407","1604","1473","1817","1731","1565","1539","1408","1325",
"26140","서  구","130","25 - 29세","T20[14STD04553]","총전출[명]","명","1729","1726","1813","1860","2102","2104","1902","1753","1764","1719",
"26140","서  구","150","30 - 34세","T10[14STD04553]","총전입[명]","명","1357","1155","1421","981","1481","1231","1323","1240","1184","1194",
"26140","서  구","150","30 - 34세","T20[14STD04553]","총전출[명]","명","1748","1470","1456","1338","1598","1523","1339","1335","1444","1388",
"26140","서  구","160","35 - 39세","T10[14STD04553]","총전입[명]","명","1163","1142","1481","992","1368","1093","1086","835","822","787",
"26140","서  구","160","35 - 39세","T20[14STD04553]","총전출[명]","명","1403","1366","1370","1257","1337","1150","956","902","920","871",
"26170","동  구","120","20 - 24세","T10[14STD04553]","총전입[명]","명","842","1022","890","1044","1245","1180","1010","988","903","785",
"26170","동  구","120","20 - 24세","T20[14STD04553]","총전출[명]","명","934","980","907","880","1025","1026","988","820","859","685",
"26170","동  구","130","25 - 29세","T10[14STD04553]","총전입[명]","명","1083","1348","1316","1655","1912","1976","1751","1777","1703","1566",
"26170","동  구","130","25 - 29세","T20[14STD04553]","총전출[명]","명","1413","1387","1402","1491","1750","1850","1627","1670","1574","1646",
"26170","동  구","150","30 - 34세","T10[14STD04553]","총전입[명]","명","1115","1208","1116","1433","1561","1477","1384","1815","1532","1426",
"26170","동  구","150","30 - 34세","T20[14STD04553]","총전출[명]","명","1439","1286","1254","1244","1427","1526","1422","1580","1676","1652",
"26170","동  구","160","35 - 39세","T10[14STD04553]","총전입[명]","명","971","1093","932","1312","1332","1129","955","1273","862","816",
"26170","동  구","160","35 - 39세","T20[14STD04553]","총전출[명]","명","1168","1182","1142","1118","1276","1125","993","1036","1100","1048",
"26200","영도구","120","20 - 24세","T10[14STD04553]","총전입[명]","명","1080","892","884","867","994","1226","971","850","960","1058",
"26200","영도구","120","20 - 24세","T20[14STD04553]","총전출[명]","명","1315","1195","1154","1091","1261","1358","1126","954","1011","1054",
"26200","영도구","130","25 - 29세","T10[14STD04553]","총전입[명]","명","1067","1091","992","1003","1101","1443","1126","935","898","1037",
"26200","영도구","130","25 - 29세","T20[14STD04553]","총전출[명]","명","1517","1527","1503","1509","1525","1707","1501","1292","1242","1130",
"26200","영도구","150","30 - 34세","T10[14STD04553]","총전입[명]","명","1177","1075","892","740","871","1249","959","928","807","1006",
"26200","영도구","150","30 - 34세","T20[14STD04553]","총전출[명]","명","1584","1411","1302","1193","1189","1250","1085","1044","1153","1144",
"26200","영도구","160","35 - 39세","T10[14STD04553]","총전입[명]","명","1039","1079","945","771","855","1208","791","782","653","681",
"26200","영도구","160","35 - 39세","T20[14STD04553]","총전출[명]","명","1322","1295","1232","1033","1072","1176","820","773","872","748",
"26230","부산진구","120","20 - 24세","T10[14STD04553]","총전입[명]","명","6226","6318","5837","6508","7675","7071","7323","6966","7201","7043",
"26230","부산진구","120","20 - 24세","T20[14STD04553]","총전출[명]","명","5593","5631","5242","5167","5937","6020","5531","5247","5737","5425",
"26230","부산진구","130","25 - 29세","T10[14STD04553]","총전입[명]","명","6724","7631","6838","7873","9852","8875","8769","8529","8778","9180",
"26230","부산진구","130","25 - 29세","T20[14STD04553]","총전출[명]","명","7289","7691","7859","8257","8987","9366","8375","8050","8488","8930",
"26230","부산진구","150","30 - 34세","T10[14STD04553]","총전입[명]","명","6346","6355","5045","5234","7069","6159","6903","6897","7728","8557",
"26230","부산진구","150","30 - 34세","T20[14STD04553]","총전출[명]","명","7323","7069","6481","6112","6675","6718","6499","6606","7759","7816",
"26230","부산진구","160","35 - 39세","T10[14STD04553]","총전입[명]","명","4692","4906","4033","4081","5320","4031","4510","4447","4399","5231",
"26230","부산진구","160","35 - 39세","T20[14STD04553]","총전출[명]","명","5615","5701","5434","5066","5274","4725","4048","4078","4649","4448",
"26260","동래구","120","20 - 24세","T10[14STD04553]","총전입[명]","명","2979","2734","2501","2916","3094","2837","2921","2176","2536","2336",
"26260","동래구","120","20 - 24세","T20[14STD04553]","총전출[명]","명","3369","3110","2952","2952","3501","3224","2964","2702","2792","2556",
"26260","동래구","130","25 - 29세","T10[14STD04553]","총전입[명]","명","3597","3381","3631","3993","4379","4254","4221","3339","3726","3492",
"26260","동래구","130","25 - 29세","T20[14STD04553]","총전출[명]","명","4229","4024","4102","4220","4913","4894","4124","3937","3975","3682",
"26260","동래구","150","30 - 34세","T10[14STD04553]","총전입[명]","명","4218","3618","3346","3990","4069","3561","4112","3334","4521","3641",
"26260","동래구","150","30 - 34세","T20[14STD04553]","총전출[명]","명","4300","4078","3696","3438","4184","3807","3511","3598","3910","3742",
"26260","동래구","160","35 - 39세","T10[14STD04553]","총전입[명]","명","3837","3652","3337","4337","4278","3077","3941","2640","3743","2550",
"26260","동래구","160","35 - 39세","T20[14STD04553]","총전출[명]","명","3479","3673","3502","3331","3801","3106","2723","2514","2873","2499",
"26290","남  구","120","20 - 24세","T10[14STD04553]","총전입[명]","명","3668","3515","4438","4355","4837","4681","4889","4763","5066","4562",
"26290","남  구","120","20 - 24세","T20[14STD04553]","총전출[명]","명","3741","3595","3861","4054","4600","4332","4174","4213","4431","4370",
"26290","남  구","130","25 - 29세","T10[14STD04553]","총전입[명]","명","3552","3511","4437","4268","4405","4419","3767","3870","3888","3481",
"26290","남  구","130","25 - 29세","T20[14STD04553]","총전출[명]","명","4473","4359","5023","5342","5657","5585","5091","4973","4766","4803",
"26290","남  구","150","30 - 34세","T10[14STD04553]","총전입[명]","명","3450","3104","4213","3272","3386","2990","2767","3665","3579","3113",
"26290","남  구","150","30 - 34세","T20[14STD04553]","총전출[명]","명","4267","3871","3775","3673","4211","3553","3383","3577","3356","3547",
"26290","남  구","160","35 - 39세","T10[14STD04553]","총전입[명]","명","3030","2782","5081","3372","3453","2550","2212","2673","2472","2028",
"26290","남  구","160","35 - 39세","T20[14STD04553]","총전출[명]","명","3470","3286","3785","3622","3928","2883","2484","2416","2236","2132",
"26320","북  구","120","20 - 24세","T10[14STD04553]","총전입[명]","명","3261","2691","2425","2380","2568","2865","1990","1770","1795","1609",
"26320","북  구","120","20 - 24세","T20[14STD04553]","총전출[명]","명","3710","3543","3134","3103","3417","3335","2714","2443","2529","2105",
"26320","북  구","130","25 - 29세","T10[14STD04553]","총전입[명]","명","3885","3624","3249","3467","3942","4567","3554","2953","3021","2921",
"26320","북  구","130","25 - 29세","T20[14STD04553]","총전출[명]","명","4363","4665","4477","4667","5169","5207","4272","3859","3666","3539",
"26320","북  구","150","30 - 34세","T10[14STD04553]","총전입[명]","명","4555","3429","2907","2993","3338","4403","3494","3092","3479","3332",
"26320","북  구","150","30 - 34세","T20[14STD04553]","총전출[명]","명","4534","4358","3658","3722","3922","4182","3471","3589","3961","3681",
"26320","북  구","160","35 - 39세","T10[14STD04553]","총전입[명]","명","3548","2943","2599","2577","2638","3511","2164","1835","2031","1831",
"26320","북  구","160","35 - 39세","T20[14STD04553]","총전출[명]","명","3454","3635","3263","3103","3346","3184","2346","2370","2433","2414",
"26350","해운대구","120","20 - 24세","T10[14STD04553]","총전입[명]","명","4222","3707","3730","3770","4563","4135","3246","3023","3086","2853",
"26350","해운대구","120","20 - 24세","T20[14STD04553]","총전출[명]","명","4924","4611","4321","4554","5519","4973","4447","4007","3912","3617",
"26350","해운대구","130","25 - 29세","T10[14STD04553]","총전입[명]","명","5257","4753","5037","5397","6353","6042","4743","4630","4694","4582",
"26350","해운대구","130","25 - 29세","T20[14STD04553]","총전출[명]","명","6021","5915","5818","6235","7281","7081","6080","5651","5367","5023",
"26350","해운대구","150","30 - 34세","T10[14STD04553]","총전입[명]","명","6194","5074","5101","5058","5988","5563","4484","4543","4997","4867",
"26350","해운대구","150","30 - 34세","T20[14STD04553]","총전출[명]","명","6501","5945","5089","5156","6312","5652","5118","4958","5159","4981",
"26350","해운대구","160","35 - 39세","T10[14STD04553]","총전입[명]","명","5663","5027","5231","5087","6398","4965","3663","3452","3798","3496",
"26350","해운대구","160","35 - 39세","T20[14STD04553]","총전출[명]","명","5850","5580","5178","4920","6058","4781","3988","3570","3619","3344",
"26380","사하구","120","20 - 24세","T10[14STD04553]","총전입[명]","명","3372","3439","3363","3247","3540","3737","3337","3067","2921","3008",
"26380","사하구","120","20 - 24세","T20[14STD04553]","총전출[명]","명","3800","3607","3622","3625","4109","3959","3744","3264","3302","3241",
"26380","사하구","130","25 - 29세","T10[14STD04553]","총전입[명]","명","4143","4540","4106","4063","4215","4644","4087","3530","3372","3483",
"26380","사하구","130","25 - 29세","T20[14STD04553]","총전출[명]","명","4653","4974","4781","5159","5616","5503","4855","4522","4340","4332",
"26380","사하구","150","30 - 34세","T10[14STD04553]","총전입[명]","명","4691","4628","3408","3268","3356","3816","3493","3105","3283","3183",
"26380","사하구","150","30 - 34세","T20[14STD04553]","총전출[명]","명","5208","4810","4178","4157","4507","4303","3743","3722","4002","3981",
"26380","사하구","160","35 - 39세","T10[14STD04553]","총전입[명]","명","3728","3948","3036","2881","2984","3153","2499","2201","2182","1951",
"26380","사하구","160","35 - 39세","T20[14STD04553]","총전출[명]","명","4294","4311","3758","3805","3911","3490","2644","2608","2563","2550",
"26410","금정구","120","20 - 24세","T10[14STD04553]","총전입[명]","명","4090","4012","3789","3864","4548","4611","4058","3718","4179","4265",
"26410","금정구","120","20 - 24세","T20[14STD04553]","총전출[명]","명","3887","3816","3708","3715","4375","4231","3808","3437","3705","3682",
"26410","금정구","130","25 - 29세","T10[14STD04553]","총전입[명]","명","3524","3626","3622","3561","3991","4198","3274","2744","2862","2702",
"26410","금정구","130","25 - 29세","T20[14STD04553]","총전출[명]","명","4343","4384","4526","4728","5413","5374","4730","4349","4224","4071",
"26410","금정구","150","30 - 34세","T10[14STD04553]","총전입[명]","명","3192","3064","2660","2457","2819","2917","2326","2050","2171","2177",
"26410","금정구","150","30 - 34세","T20[14STD04553]","총전출[명]","명","3722","3488","3074","3103","3555","3442","3057","2889","3062","2713",
"26410","금정구","160","35 - 39세","T10[14STD04553]","총전입[명]","명","2768","3140","2616","2182","2533","2347","1635","1367","1506","1486",
"26410","금정구","160","35 - 39세","T20[14STD04553]","총전출[명]","명","2977","3100","2765","2561","3064","2505","2157","1708","1965","1664",
"26440","강서구","120","20 - 24세","T10[14STD04553]","총전입[명]","명","1423","1256","1165","1316","1588","1486","1241","1010","1103","1135",
"26440","강서구","120","20 - 24세","T20[14STD04553]","총전출[명]","명","909","1010","938","1056","1246","1191","1179","1117","1127","1050",
"26440","강서구","130","25 - 29세","T10[14STD04553]","총전입[명]","명","2352","2352","2198","2588","2972","2975","2427","2129","2037","2224",
"26440","강서구","130","25 - 29세","T20[14STD04553]","총전출[명]","명","1186","1507","1590","1776","2136","2107","2026","1849","1836","1799",
"26440","강서구","150","30 - 34세","T10[14STD04553]","총전입[명]","명","4008","3536","2891","2921","3847","3082","2483","2353","2554","3672",
"26440","강서구","150","30 - 34세","T20[14STD04553]","총전출[명]","명","1700","1870","2028","2062","2505","2189","2277","2327","2145","2288",
"26440","강서구","160","35 - 39세","T10[14STD04553]","총전입[명]","명","3362","3007","2746","3144","3956","2677","1801","1715","1902","3606",
"26440","강서구","160","35 - 39세","T20[14STD04553]","총전출[명]","명","1336","1794","2061","2361","2833","2111","2022","1862","1934","2113",
"26470","연제구","120","20 - 24세","T10[14STD04553]","총전입[명]","명","2340","2599","2451","2514","3032","2525","2259","2256","2538","2140",
"26470","연제구","120","20 - 24세","T20[14STD04553]","총전출[명]","명","2534","2536","2200","2452","2840","2641","2400","2049","2227","2154",
"26470","연제구","130","25 - 29세","T10[14STD04553]","총전입[명]","명","2951","3401","3163","3643","4132","3861","3239","3672","3803","3540",
"26470","연제구","130","25 - 29세","T20[14STD04553]","총전출[명]","명","3240","3386","3283","3543","4253","4216","3519","3247","3416","3376",
"26470","연제구","150","30 - 34세","T10[14STD04553]","총전입[명]","명","3347","3643","3062","3307","3706","3379","2929","3859","4178","3916",
"26470","연제구","150","30 - 34세","T20[14STD04553]","총전출[명]","명","3493","3394","2911","3124","3630","3441","3149","3237","3383","3644",
"26470","연제구","160","35 - 39세","T10[14STD04553]","총전입[명]","명","2688","3211","2933","3171","3286","2699","2013","2595","3218","2358",
"26470","연제구","160","35 - 39세","T20[14STD04553]","총전출[명]","명","2967","3060","2782","2892","3482","2783","2366","2299","2370","2375",
"26500","수영구","120","20 - 24세","T10[14STD04553]","총전입[명]","명","2769","2917","2649","2834","3437","3151","2886","2661","2543","2382",
"26500","수영구","120","20 - 24세","T20[14STD04553]","총전출[명]","명","2412","2479","2395","2429","2844","2698","2221","2122","2095","2038",
"26500","수영구","130","25 - 29세","T10[14STD04553]","총전입[명]","명","3598","4063","4005","4402","5121","5074","4646","4207","4056","3932",
"26500","수영구","130","25 - 29세","T20[14STD04553]","총전출[명]","명","3473","3763","3918","4184","4729","4813","4248","4062","4181","4035",
"26500","수영구","150","30 - 34세","T10[14STD04553]","총전입[명]","명","3618","3569","2938","3175","3896","3434","3322","3238","3271","3152",
"26500","수영구","150","30 - 34세","T20[14STD04553]","총전출[명]","명","3909","3695","3410","3460","3870","3673","3438","3575","3900","3783",
"26500","수영구","160","35 - 39세","T10[14STD04553]","총전입[명]","명","2761","2957","2472","2792","3193","2571","2156","1910","1910","1881",
"26500","수영구","160","35 - 39세","T20[14STD04553]","총전출[명]","명","2965","3073","3156","2954","3260","2660","2314","2170","2292","2242",
"26530","사상구","120","20 - 24세","T10[14STD04553]","총전입[명]","명","2291","2610","2311","2352","2587","2744","2528","2737","2398","2147",
"26530","사상구","120","20 - 24세","T20[14STD04553]","총전출[명]","명","2570","2601","2565","2437","2618","2736","2426","2298","2416","2200",
"26530","사상구","130","25 - 29세","T10[14STD04553]","총전입[명]","명","2614","2973","2819","2779","3066","3557","2929","3201","2732","2553",
"26530","사상구","130","25 - 29세","T20[14STD04553]","총전출[명]","명","3228","3450","3544","3723","3778","3908","3453","3502","3288","3183",
"26530","사상구","150","30 - 34세","T10[14STD04553]","총전입[명]","명","2821","2676","2041","1963","2223","2600","2277","2863","2279","2185",
"26530","사상구","150","30 - 34세","T20[14STD04553]","총전출[명]","명","3701","3403","3023","2764","2980","2954","2741","2926","3078","3085",
"26530","사상구","160","35 - 39세","T10[14STD04553]","총전입[명]","명","2103","2183","1753","1579","1685","1697","1405","1737","1245","1241",
"26530","사상구","160","35 - 39세","T20[14STD04553]","총전출[명]","명","2741","2800","2617","2324","2374","2106","1806","1718","1730","1823",
"26710","기장군","120","20 - 24세","T10[14STD04553]","총전입[명]","명","1370","1286","1225","1137","1992","1618","1402","1235","1124","1128",
"26710","기장군","120","20 - 24세","T20[14STD04553]","총전출[명]","명","1252","1210","1147","1220","1662","1652","1579","1395","1549","1488",
"26710","기장군","130","25 - 29세","T10[14STD04553]","총전입[명]","명","2063","2004","1932","1849","3011","2501","2364","2239","1866","1902",
"26710","기장군","130","25 - 29세","T20[14STD04553]","총전출[명]","명","1519","1682","1712","1711","2157","2233","2167","1919","1967","1954",
"26710","기장군","150","30 - 34세","T10[14STD04553]","총전입[명]","명","2823","2319","1999","1737","3551","2442","2421","1926","1929","1954",
"26710","기장군","150","30 - 34세","T20[14STD04553]","총전출[명]","명","1982","2014","1649","1679","2242","1957","1983","1820","2057","1899",
"26710","기장군","160","35 - 39세","T10[14STD04553]","총전입[명]","명","2390","2270","2105","1687","3880","2189","2017","1470","1282","1376",
"26710","기장군","160","35 - 39세","T20[14STD04553]","총전출[명]","명","1936","2152","1760","1855","2682","1804","1738","1528","1526","1421",
"27110","중  구","120","20 - 24세","T10[14STD04553]","총전입[명]","명","1536","1594","1908","1843","2184","1855","2187","2315","2499","2315",
"27110","중  구","120","20 - 24세","T20[14STD04553]","총전출[명]","명","1253","1241","1356","1481","1595","1563","1353","1422","1595","1704",
"27110","중  구","130","25 - 29세","T10[14STD04553]","총전입[명]","명","1659","1797","2347","2265","2643","2363","2883","3055","3477","3111",
"27110","중  구","130","25 - 29세","T20[14STD04553]","총전출[명]","명","1612","1834","2029","2368","2544","2538","2403","2402","2695","2741",
"27110","중  구","150","30 - 34세","T10[14STD04553]","총전입[명]","명","1534","1528","1752","1306","1623","1479","2222","3158","3710","3047",
"27110","중  구","150","30 - 34세","T20[14STD04553]","총전출[명]","명","1789","1679","1604","1551","1758","1695","1606","1913","2403","2320",
"27110","중  구","160","35 - 39세","T10[14STD04553]","총전입[명]","명","1071","1269","1395","1124","1244","1207","1797","2493","2592","1735",
"27110","중  구","160","35 - 39세","T20[14STD04553]","총전출[명]","명","1385","1378","1428","1327","1495","1258","1070","1332","1579","1435",
"27140","동  구","120","20 - 24세","T10[14STD04553]","총전입[명]","명","3490","3437","3936","3422","4071","3948","3206","3591","3610","3229",
"27140","동  구","120","20 - 24세","T20[14STD04553]","총전출[명]","명","3307","3360","3791","3732","4021","3912","3323","3397","3400","3182",
"27140","동  구","130","25 - 29세","T10[14STD04553]","총전입[명]","명","4757","4941","5948","5293","6312","6444","5362","5937","5748","5233",
"27140","동  구","130","25 - 29세","T20[14STD04553]","총전출[명]","명","4568","4755","5561","5724","6385","6271","5456","5638","5533","5232",
"27140","동  구","150","30 - 34세","T10[14STD04553]","총전입[명]","명","5990","4832","5632","4371","5398","5641","4730","6491","6510","5315",
"27140","동  구","150","30 - 34세","T20[14STD04553]","총전출[명]","명","5820","5224","5089","4838","5556","5265","4589","5748","6040","5448",
"27140","동  구","160","35 - 39세","T10[14STD04553]","총전입[명]","명","4877","4105","5226","3949","4664","4488","3378","4715","4132","2962",
"27140","동  구","160","35 - 39세","T20[14STD04553]","총전출[명]","명","5030","4781","5209","4686","5209","4401","3440","4179","4349","3332",
"27170","서  구","120","20 - 24세","T10[14STD04553]","총전입[명]","명","1800","1809","1877","1669","1742","1485","1290","1540","1336","1401",
"27170","서  구","120","20 - 24세","T20[14STD04553]","총전출[명]","명","2235","2191","2354","2323","2058","1841","1552","1492","1494","1362",
"27170","서  구","130","25 - 29세","T10[14STD04553]","총전입[명]","명","2093","2037","2269","2319","2559","2327","1896","2682","2311","2316",
"27170","서  구","130","25 - 29세","T20[14STD04553]","총전출[명]","명","2933","3027","3072","3460","3143","3043","2545","2634","2517","2357",
"27170","서  구","150","30 - 34세","T10[14STD04553]","총전입[명]","명","2145","1835","1713","1610","1757","1708","1485","3265","2595","2377",
"27170","서  구","150","30 - 34세","T20[14STD04553]","총전출[명]","명","3313","2939","2585","2577","2386","2216","1897","2384","2605","2310",
"27170","서  구","160","35 - 39세","T10[14STD04553]","총전입[명]","명","1753","1737","1754","1528","1588","1249","1187","2359","1773","1496",
"27170","서  구","160","35 - 39세","T20[14STD04553]","총전출[명]","명","2670","2531","2564","2372","1958","1615","1323","1596","1585","1395",
"27200","남  구","120","20 - 24세","T10[14STD04553]","총전입[명]","명","2252","2284","2513","2536","3122","2656","2936","2342","2259","2270",
"27200","남  구","120","20 - 24세","T20[14STD04553]","총전출[명]","명","2244","2151","2288","2446","2476","2453","2357","2208","2167","2022",
"27200","남  구","130","25 - 29세","T10[14STD04553]","총전입[명]","명","2482","2441","2816","3120","3563","3464","3156","2942","2710","2735",
"27200","남  구","130","25 - 29세","T20[14STD04553]","총전출[명]","명","2861","2798","3046","3247","3507","3660","3393","3288","3157","2936",
"27200","남  구","150","30 - 34세","T10[14STD04553]","총전입[명]","명","2430","2145","2112","2218","2443","2136","2116","2278","2316","2267",
"27200","남  구","150","30 - 34세","T20[14STD04553]","총전출[명]","명","3254","2830","2554","2454","2656","2442","2329","2653","2728","2457",
"27200","남  구","160","35 - 39세","T10[14STD04553]","총전입[명]","명","2010","1953","2018","1977","2004","1724","1520","1422","1317","1336",
"27200","남  구","160","35 - 39세","T20[14STD04553]","총전출[명]","명","2711","2496","2412","2252","2281","1933","1657","1668","1619","1365",
"27230","북  구","120","20 - 24세","T10[14STD04553]","총전입[명]","명","4910","5411","4989","5508","7141","6746","6820","5679","6188","6179",
"27230","북  구","120","20 - 24세","T20[14STD04553]","총전출[명]","명","5132","5442","5436","5804","6556","6918","6370","6555","6789","6268",
"27230","북  구","130","25 - 29세","T10[14STD04553]","총전입[명]","명","5616","6319","6319","6713","8226","7932","6603","6293","6625","6251",
"27230","북  구","130","25 - 29세","T20[14STD04553]","총전출[명]","명","6267","6629","7070","7713","8379","8804","7824","8124","7982","7546",
"27230","북  구","150","30 - 34세","T10[14STD04553]","총전입[명]","명","6252","6857","5874","5560","6718","6200","4882","5575","6083","5490",
"27230","북  구","150","30 - 34세","T20[14STD04553]","총전출[명]","명","6677","6503","5809","5636","6285","6320","5476","6588","6686","5721",
"27230","북  구","160","35 - 39세","T10[14STD04553]","총전입[명]","명","5156","6190","5300","5089","5749","4896","3102","3498","3897","3436",
"27230","북  구","160","35 - 39세","T20[14STD04553]","총전출[명]","명","5712","6061","5292","5265","5629","4994","3772","4538","4478","3504",
"27260","수성구","120","20 - 24세","T10[14STD04553]","총전입[명]","명","4202","4095","4243","4283","5028","4195","3634","3606","4240","3758",
"27260","수성구","120","20 - 24세","T20[14STD04553]","총전출[명]","명","5556","6031","5921","5967","6642","6237","5531","5146","5425","4920",
"27260","수성구","130","25 - 29세","T10[14STD04553]","총전입[명]","명","4586","4730","5227","5365","6212","5918","4932","5028","5587","5470",
"27260","수성구","130","25 - 29세","T20[14STD04553]","총전출[명]","명","5884","6126","6843","7113","7842","7514","6381","6425","6493","6223",
"27260","수성구","150","30 - 34세","T10[14STD04553]","총전입[명]","명","5077","4633","4572","4508","5259","4986","4463","5195","5893","5031",
"27260","수성구","150","30 - 34세","T20[14STD04553]","총전출[명]","명","5637","5248","5122","4721","5646","5193","4591","5553","5780","5041",
"27260","수성구","160","35 - 39세","T10[14STD04553]","총전입[명]","명","5228","5407","5839","5706","6040","4955","4178","4682","5287","4548",
"27260","수성구","160","35 - 39세","T20[14STD04553]","총전출[명]","명","4890","5030","5142","4779","5209","4300","3512","3918","3993","3352",
"27290","달서구","120","20 - 24세","T10[14STD04553]","총전입[명]","명","5799","5739","6050","6322","7392","5917","6080","5358","6037","5643",
"27290","달서구","120","20 - 24세","T20[14STD04553]","총전출[명]","명","7332","7388","7030","7580","8344","7532","7020","6859","7148","6533",
"27290","달서구","130","25 - 29세","T10[14STD04553]","총전입[명]","명","7314","7403","8180","8802","9727","8363","7603","7639","7641","7375",
"27290","달서구","130","25 - 29세","T20[14STD04553]","총전출[명]","명","8939","9407","9674","10226","11643","10688","9522","9165","9266","8484",
"27290","달서구","150","30 - 34세","T10[14STD04553]","총전입[명]","명","8251","6956","7274","7018","7679","6388","6594","6698","8158","7030",
"27290","달서구","150","30 - 34세","T20[14STD04553]","총전출[명]","명","9906","8793","7765","7591","8637","7736","7106","7789","8517","7321",
"27290","달서구","160","35 - 39세","T10[14STD04553]","총전입[명]","명","6804","6152","6842","6571","6736","4779","4984","4753","5373","4311",
"27290","달서구","160","35 - 39세","T20[14STD04553]","총전출[명]","명","7983","7846","7120","6702","7377","5922","5043","5215","5417","4419",
"27710","달성군","120","20 - 24세","T10[14STD04553]","총전입[명]","명","2889","3033","2180","2314","2442","2397","2014","1899","1663","1657",
"27710","달성군","120","20 - 24세","T20[14STD04553]","총전출[명]","명","1996","1991","2161","2313","2655","2559","2370","2268","2234","2121",
"27710","달성군","130","25 - 29세","T10[14STD04553]","총전입[명]","명","4457","5149","4093","4105","4211","4396","3754","3610","3207","2866",
"27710","달성군","130","25 - 29세","T20[14STD04553]","총전출[명]","명","2536","2835","3303","3634","3995","3897","3489","3438","3377","3046",
"27710","달성군","150","30 - 34세","T10[14STD04553]","총전입[명]","명","7575","6781","4312","4320","4354","4299","3553","3721","3304","2856",
"27710","달성군","150","30 - 34세","T20[14STD04553]","총전출[명]","명","3306","3035","3127","3450","3983","3763","3287","3746","3877","3238",
"27710","달성군","160","35 - 39세","T10[14STD04553]","총전입[명]","명","6572","6222","3771","3765","3906","3622","2571","2622","2034","1874",
"27710","달성군","160","35 - 39세","T20[14STD04553]","총전출[명]","명","3120","2957","3171","3460","3733","3390","2703","3044","2717","2231",
"27720","군위군","120","20 - 24세","T10[14STD04553]","총전입[명]","명","","","","","","","","101","87","112",
"27720","군위군","120","20 - 24세","T20[14STD04553]","총전출[명]","명","","","","","","","","172","176","111",
"27720","군위군","130","25 - 29세","T10[14STD04553]","총전입[명]","명","","","","","","","","144","149","124",
"27720","군위군","130","25 - 29세","T20[14STD04553]","총전출[명]","명","","","","","","","","216","203","141",
"27720","군위군","150","30 - 34세","T10[14STD04553]","총전입[명]","명","","","","","","","","98","120","129",
"27720","군위군","150","30 - 34세","T20[14STD04553]","총전출[명]","명","","","","","","","","137","158","130",
"27720","군위군","160","35 - 39세","T10[14STD04553]","총전입[명]","명","","","","","","","","113","94","88",
"27720","군위군","160","35 - 39세","T20[14STD04553]","총전출[명]","명","","","","","","","","118","120","98",
"28110","중  구","120","20 - 24세","T10[14STD04553]","총전입[명]","명","1599","1967","2479","3190","2361","2306","2456","2909","2888","2859",
"28110","중  구","120","20 - 24세","T20[14STD04553]","총전출[명]","명","1264","1237","1536","1740","1922","1967","1604","1617","1925","1954",
"28110","중  구","130","25 - 29세","T10[14STD04553]","총전입[명]","명","2204","2653","3527","4770","4038","4327","4291","4373","4593","5033",
"28110","중  구","130","25 - 29세","T20[14STD04553]","총전출[명]","명","1868","1895","2346","2905","3271","3663","3108","3146","3337","3576",
"28110","중  구","150","30 - 34세","T10[14STD04553]","총전입[명]","명","2218","2224","2470","3741","2844","3259","3629","3443","4276","4438",
"28110","중  구","150","30 - 34세","T20[14STD04553]","총전출[명]","명","2238","1947","2023","2341","2240","2753","2652","3046","3372","3473",
"28110","중  구","160","35 - 39세","T10[14STD04553]","총전입[명]","명","1938","1962","2359","3787","2529","2675","2913","2347","3041","2995",
"28110","중  구","160","35 - 39세","T20[14STD04553]","총전출[명]","명","2033","1765","2013","2332","2187","2250","1928","1982","2117","2211",
"28140","동  구","120","20 - 24세","T10[14STD04553]","총전입[명]","명","510","425","435","396","445","491","446","528","314","263",
"28140","동  구","120","20 - 24세","T20[14STD04553]","총전출[명]","명","599","542","581","501","577","568","588","443","402","356",
"28140","동  구","130","25 - 29세","T10[14STD04553]","총전입[명]","명","683","522","591","590","652","812","749","905","574","461",
"28140","동  구","130","25 - 29세","T20[14STD04553]","총전출[명]","명","791","669","805","758","811","866","852","672","611","644",
"28140","동  구","150","30 - 34세","T10[14STD04553]","총전입[명]","명","877","690","629","539","609","894","706","911","582","503",
"28140","동  구","150","30 - 34세","T20[14STD04553]","총전출[명]","명","1010","846","970","724","798","739","710","729","686","644",
"28140","동  구","160","35 - 39세","T10[14STD04553]","총전입[명]","명","871","769","712","541","658","820","615","649","408","331",
"28140","동  구","160","35 - 39세","T20[14STD04553]","총전출[명]","명","1082","926","1104","828","862","759","710","650","498","446",
"28170","남  구","120","20 - 24세","T10[14STD04553]","총전입[명]","명","6974","6195","3756","0","0","0","0","0","0","0",
"28170","남  구","120","20 - 24세","T20[14STD04553]","총전출[명]","명","5552","5197","3200","0","0","0","0","0","0","0",
"28170","남  구","130","25 - 29세","T10[14STD04553]","총전입[명]","명","7770","7172","4401","0","0","0","0","0","0","0",
"28170","남  구","130","25 - 29세","T20[14STD04553]","총전출[명]","명","6967","6982","4428","0","0","0","0","0","0","0",
"28170","남  구","150","30 - 34세","T10[14STD04553]","총전입[명]","명","8764","7095","4102","0","0","0","0","0","0","0",
"28170","남  구","150","30 - 34세","T20[14STD04553]","총전출[명]","명","7671","6963","4131","0","0","0","0","0","0","0",
"28170","남  구","160","35 - 39세","T10[14STD04553]","총전입[명]","명","7814","6170","3745","0","0","0","0","0","0","0",
"28170","남  구","160","35 - 39세","T20[14STD04553]","총전출[명]","명","6734","6374","3921","0","0","0","0","0","0","0",
"28177","미추홀구","120","20 - 24세","T10[14STD04553]","총전입[명]","명","","","2838","5881","6950","6898","6165","5458","6299","6006",
"28177","미추홀구","120","20 - 24세","T20[14STD04553]","총전출[명]","명","","","2566","5474","5963","5728","5265","4839","4939","5094",
"28177","미추홀구","130","25 - 29세","T10[14STD04553]","총전입[명]","명","","","3721","7601","8735","9323","7712","7057","7539","7595",
"28177","미추홀구","130","25 - 29세","T20[14STD04553]","총전출[명]","명","","","3840","8277","8874","8693","8099","7706","7720","7345",
"28177","미추홀구","150","30 - 34세","T10[14STD04553]","총전입[명]","명","","","2928","5538","6641","7286","6259","7102","7851","7627",
"28177","미추홀구","150","30 - 34세","T20[14STD04553]","총전출[명]","명","","","3394","6677","7287","6906","6537","7334","7314","7209",
"28177","미추홀구","160","35 - 39세","T10[14STD04553]","총전입[명]","명","","","2668","5354","6070","6028","4715","5126","5513","5039",
"28177","미추홀구","160","35 - 39세","T20[14STD04553]","총전출[명]","명","","","3201","6653","6718","5601","4755","4966","4724","4518",
"28185","연수구","120","20 - 24세","T10[14STD04553]","총전입[명]","명","4473","3777","4010","5685","6328","5035","4466","4966","5024","4844",
"28185","연수구","120","20 - 24세","T20[14STD04553]","총전출[명]","명","4223","4045","3910","4531","5654","5488","4937","5120","5218","5197",
"28185","연수구","130","25 - 29세","T10[14STD04553]","총전입[명]","명","5418","5209","5738","8074","8534","7078","5267","6339","6297","6347",
"28185","연수구","130","25 - 29세","T20[14STD04553]","총전출[명]","명","5108","5086","5547","6774","7751","7530","6073","6118","5912","5951",
"28185","연수구","150","30 - 34세","T10[14STD04553]","총전입[명]","명","6679","5884","6364","8265","9108","6506","4895","7270","7305","7363",
"28185","연수구","150","30 - 34세","T20[14STD04553]","총전출[명]","명","5515","5168","5152","5873","7153","6454","5470","6480","6185","6182",
"28185","연수구","160","35 - 39세","T10[14STD04553]","총전입[명]","명","6187","5850","6688","8559","9805","5648","4056","6184","5926","5968",
"28185","연수구","160","35 - 39세","T20[14STD04553]","총전출[명]","명","4729","4593","4877","5531","6545","5151","4320","5118","4754","4607",
"28200","남동구","120","20 - 24세","T10[14STD04553]","총전입[명]","명","6156","6320","6296","6112","6497","6018","4900","4190","4366","4179",
"28200","남동구","120","20 - 24세","T20[14STD04553]","총전출[명]","명","6064","5859","5891","6136","6617","5978","5402","4996","4594","4138",
"28200","남동구","130","25 - 29세","T10[14STD04553]","총전입[명]","명","7905","8597","9161","9063","9930","9524","7770","7042","7601","7130",
"28200","남동구","130","25 - 29세","T20[14STD04553]","총전출[명]","명","8170","8071","9031","9632","10576","10011","8576","8188","7881","7299",
"28200","남동구","150","30 - 34세","T10[14STD04553]","총전입[명]","명","9337","9128","8517","7590","8385","7505","5968","6390","7370","6904",
"28200","남동구","150","30 - 34세","T20[14STD04553]","총전출[명]","명","9613","8818","8778","8507","9301","8237","7399","8340","8093","7719",
"28200","남동구","160","35 - 39세","T10[14STD04553]","총전입[명]","명","7643","8464","8318","7329","7175","5901","4264","4208","4559","4112",
"28200","남동구","160","35 - 39세","T20[14STD04553]","총전출[명]","명","7923","8207","8534","8314","8479","6752","5612","5749","5196","4683",
"28237","부평구","120","20 - 24세","T10[14STD04553]","총전입[명]","명","6684","6007","5049","5269","5375","5571","4848","4713","4227","4001",
"28237","부평구","120","20 - 24세","T20[14STD04553]","총전출[명]","명","6876","6430","5869","5785","6255","5893","4828","4434","4216","4123",
"28237","부평구","130","25 - 29세","T10[14STD04553]","총전입[명]","명","8648","8038","7640","8108","8741","9387","8921","8665","8045","7838",
"28237","부평구","130","25 - 29세","T20[14STD04553]","총전출[명]","명","8875","8770","9103","9293","10273","9576","7782","8090","7739","7592",
"28237","부평구","150","30 - 34세","T10[14STD04553]","총전입[명]","명","9647","8253","6834","6494","7140","7957","8651","10144","8815","8958",
"28237","부평구","150","30 - 34세","T20[14STD04553]","총전출[명]","명","10569","9478","8946","8373","9042","8334","7137","9001","8944","8989",
"28237","부평구","160","35 - 39세","T10[14STD04553]","총전입[명]","명","7340","6629","6059","5735","5802","5874","5773","7256","5587","5239",
"28237","부평구","160","35 - 39세","T20[14STD04553]","총전출[명]","명","8420","8312","8498","7568","8042","6660","5175","6231","5651","5768",
"28245","계양구","120","20 - 24세","T10[14STD04553]","총전입[명]","명","3474","3154","2716","2701","2973","3115","2146","1758","2298","1972",
"28245","계양구","120","20 - 24세","T20[14STD04553]","총전출[명]","명","3893","3711","3693","3528","3652","3442","2691","2555","2437","2177",
"28245","계양구","130","25 - 29세","T10[14STD04553]","총전입[명]","명","4295","4086","3849","3820","4580","5265","3652","3265","3991","3465",
"28245","계양구","130","25 - 29세","T20[14STD04553]","총전출[명]","명","4841","5028","5238","5143","5587","5612","4395","4111","4080","3715",
"28245","계양구","150","30 - 34세","T10[14STD04553]","총전입[명]","명","4644","4107","3339","3161","3647","4819","3170","3365","4567","3897",
"28245","계양구","150","30 - 34세","T20[14STD04553]","총전출[명]","명","5515","4920","4663","4377","4601","4775","3763","4521","4500","4355",
"28245","계양구","160","35 - 39세","T10[14STD04553]","총전입[명]","명","3705","3586","3027","2842","3235","3881","2201","2055","2984","2447",
"28245","계양구","160","35 - 39세","T20[14STD04553]","총전출[명]","명","4488","4452","4501","3972","3921","3730","2783","2987","2882","2737",
"28260","서구","120","20 - 24세","T10[14STD04553]","총전입[명]","명","5348","5266","6756","5680","6051","6308","6348","6675","5441","5814",
"28260","서구","120","20 - 24세","T20[14STD04553]","총전출[명]","명","5253","5054","5611","5614","6518","6061","5564","5757","5340","5214",
"28260","서구","130","25 - 29세","T10[14STD04553]","총전입[명]","명","7220","7354","10374","9276","9900","10776","11377","12340","10178","10991",
"28260","서구","130","25 - 29세","T20[14STD04553]","총전출[명]","명","6807","6805","8133","8524","10007","9786","8796","9338","8734","9205",
"28260","서구","150","30 - 34세","T10[14STD04553]","총전입[명]","명","9602","8390","11510","8787","9005","10354","12907","15600","11642","13396",
"28260","서구","150","30 - 34세","T20[14STD04553]","총전출[명]","명","8636","7755","8407","7980","9192","8558","8298","10442","10067","10648",
"28260","서구","160","35 - 39세","T10[14STD04553]","총전입[명]","명","8297","7935","11834","8709","8367","9649","12054","13152","8275","9803",
"28260","서구","160","35 - 39세","T20[14STD04553]","총전출[명]","명","7945","7659","9096","8036","8804","7575","7036","8021","7250","7324",
"28710","강화군","120","20 - 24세","T10[14STD04553]","총전입[명]","명","452","490","441","426","462","445","448","329","355","343",
"28710","강화군","120","20 - 24세","T20[14STD04553]","총전출[명]","명","504","554","575","554","626","567","519","505","451","466",
"28710","강화군","130","25 - 29세","T10[14STD04553]","총전입[명]","명","455","571","574","589","686","692","563","425","522","531",
"28710","강화군","130","25 - 29세","T20[14STD04553]","총전출[명]","명","614","591","752","760","855","753","642","585","540","550",
"28710","강화군","150","30 - 34세","T10[14STD04553]","총전입[명]","명","565","512","482","512","522","591","502","472","544","595",
"28710","강화군","150","30 - 34세","T20[14STD04553]","총전출[명]","명","561","500","533","441","566","603","508","487","526","548",
"28710","강화군","160","35 - 39세","T10[14STD04553]","총전입[명]","명","567","600","600","546","562","540","432","356","415","424",
"28710","강화군","160","35 - 39세","T20[14STD04553]","총전출[명]","명","527","499","577","479","538","463","373","396","382","402",
"28720","옹진군","120","20 - 24세","T10[14STD04553]","총전입[명]","명","534","542","451","511","492","449","469","433","407","360",
"28720","옹진군","120","20 - 24세","T20[14STD04553]","총전출[명]","명","397","394","373","404","403","425","341","415","392","350",
"28720","옹진군","130","25 - 29세","T10[14STD04553]","총전입[명]","명","421","422","419","444","404","411","461","449","433","438",
"28720","옹진군","130","25 - 29세","T20[14STD04553]","총전출[명]","명","483","489","564","607","514","518","500","527","551","520",
"28720","옹진군","150","30 - 34세","T10[14STD04553]","총전입[명]","명","387","359","299","299","290","284","303","286","303","312",
"28720","옹진군","150","30 - 34세","T20[14STD04553]","총전출[명]","명","361","354","380","394","383","327","329","370","362","396",
"28720","옹진군","160","35 - 39세","T10[14STD04553]","총전입[명]","명","324","317","252","227","273","250","232","202","177","172",
"28720","옹진군","160","35 - 39세","T20[14STD04553]","총전출[명]","명","302","328","352","321","304","274","235","234","239","196",
"29110","동  구","120","20 - 24세","T10[14STD04553]","총전입[명]","명","1661","1781","1979","2399","2702","2485","2438","2378","2251","2062",
"29110","동  구","120","20 - 24세","T20[14STD04553]","총전출[명]","명","1674","1586","1768","1834","1911","2127","1950","1916","1990","1904",
"29110","동  구","130","25 - 29세","T10[14STD04553]","총전입[명]","명","1590","1716","1928","2557","2618","2596","2539","2483","2218","2238",
"29110","동  구","130","25 - 29세","T20[14STD04553]","총전출[명]","명","1869","1862","2181","2313","2427","2594","2414","2350","2439","2496",
"29110","동  구","150","30 - 34세","T10[14STD04553]","총전입[명]","명","1503","1569","1454","2062","2148","1907","2039","1998","1836","1873",
"29110","동  구","150","30 - 34세","T20[14STD04553]","총전출[명]","명","2026","1725","1680","1677","1669","1754","1644","1832","1994","1976",
"29110","동  구","160","35 - 39세","T10[14STD04553]","총전입[명]","명","1197","1302","1477","1925","1880","1663","1630","1301","1166","1028",
"29110","동  구","160","35 - 39세","T20[14STD04553]","총전출[명]","명","1558","1427","1530","1527","1364","1592","1305","1241","1268","1235",
"29140","서  구","120","20 - 24세","T10[14STD04553]","총전입[명]","명","4768","4352","4696","4832","5157","5000","4415","3847","3970","3517",
"29140","서  구","120","20 - 24세","T20[14STD04553]","총전출[명]","명","4630","4748","5083","5169","5488","5331","4755","4221","4375","3803",
"29140","서  구","130","25 - 29세","T10[14STD04553]","총전입[명]","명","5498","5234","5896","6234","6622","6923","6003","5608","5583","5361",
"29140","서  구","130","25 - 29세","T20[14STD04553]","총전출[명]","명","5358","5615","6328","6613","7239","7402","6705","6115","6312","6118",
"29140","서  구","150","30 - 34세","T10[14STD04553]","총전입[명]","명","6215","4881","4503","4417","4434","4275","4150","3890","4120","4296",
"29140","서  구","150","30 - 34세","T20[14STD04553]","총전출[명]","명","5974","5312","5032","4800","5005","4983","4516","4444","4891","4920",
"29140","서  구","160","35 - 39세","T10[14STD04553]","총전입[명]","명","5140","4178","4271","4031","3890","3491","3089","2479","2582","2530",
"29140","서  구","160","35 - 39세","T20[14STD04553]","총전출[명]","명","4628","4317","4426","4263","4376","3842","3232","2636","2887","2709",
"29155","남  구","120","20 - 24세","T10[14STD04553]","총전입[명]","명","2613","2550","2690","3019","2700","3221","2412","2091","2108","2190",
"29155","남  구","120","20 - 24세","T20[14STD04553]","총전출[명]","명","3249","3194","3206","3350","3477","3500","3057","2633","2637","2597",
"29155","남  구","130","25 - 29세","T10[14STD04553]","총전입[명]","명","2849","2814","3006","3517","3401","3931","3153","2848","2763","3037",
"29155","남  구","130","25 - 29세","T20[14STD04553]","총전출[명]","명","3445","3364","3575","3868","4112","4170","3602","3424","3280","3347",
"29155","남  구","150","30 - 34세","T10[14STD04553]","총전입[명]","명","3332","3041","2808","3244","2649","3351","2594","2251","2499","2943",
"29155","남  구","150","30 - 34세","T20[14STD04553]","총전출[명]","명","3582","3177","2931","3000","3050","3040","2684","2654","2748","3011",
"29155","남  구","160","35 - 39세","T10[14STD04553]","총전입[명]","명","2812","3036","2950","3818","2954","3311","2163","1836","1843","2007",
"29155","남  구","160","35 - 39세","T20[14STD04553]","총전출[명]","명","2969","3064","2998","3183","3033","2857","2182","1871","1845","1819",
"29170","북  구","120","20 - 24세","T10[14STD04553]","총전입[명]","명","5645","5802","6675","6215","7250","6642","6034","5087","5835","5085",
"29170","북  구","120","20 - 24세","T20[14STD04553]","총전출[명]","명","6744","6651","7054","7073","7653","6948","6379","5626","5772","5541",
"29170","북  구","130","25 - 29세","T10[14STD04553]","총전입[명]","명","6494","6759","8083","8211","9170","9046","7774","6855","7391","6631",
"29170","북  구","130","25 - 29세","T20[14STD04553]","총전출[명]","명","7499","7590","8565","8857","9890","9587","8765","8001","7916","7935",
"29170","북  구","150","30 - 34세","T10[14STD04553]","총전입[명]","명","6685","6908","7084","5977","6880","6758","6228","5594","7001","5913",
"29170","북  구","150","30 - 34세","T20[14STD04553]","총전출[명]","명","7833","7408","6907","6764","7248","6740","6373","5944","6570","6973",
"29170","북  구","160","35 - 39세","T10[14STD04553]","총전입[명]","명","5320","6136","6506","5444","6139","5550","4782","3846","4433","3681",
"29170","북  구","160","35 - 39세","T20[14STD04553]","총전출[명]","명","5951","6422","6305","6252","6324","5639","4736","3976","4217","4344",
"29200","광산구","120","20 - 24세","T10[14STD04553]","총전입[명]","명","4985","4925","5109","5361","6388","5737","4804","4401","4386","4222",
"29200","광산구","120","20 - 24세","T20[14STD04553]","총전출[명]","명","5352","5534","5742","5937","6927","6514","5779","5271","5414","5295",
"29200","광산구","130","25 - 29세","T10[14STD04553]","총전입[명]","명","6074","6226","6707","7203","8491","7858","7131","6561","6785","6831",
"29200","광산구","130","25 - 29세","T20[14STD04553]","총전출[명]","명","5728","6113","6628","7122","8054","7910","7247","6968","7192","7365",
"29200","광산구","150","30 - 34세","T10[14STD04553]","총전입[명]","명","7368","6563","6091","5842","6762","5964","5219","5144","5410","6174",
"29200","광산구","150","30 - 34세","T20[14STD04553]","총전출[명]","명","6627","6057","5762","5533","6251","5686","5320","5359","5806","6063",
"29200","광산구","160","35 - 39세","T10[14STD04553]","총전입[명]","명","6101","6086","5895","5764","6011","5210","3824","3290","3249","3364",
"29200","광산구","160","35 - 39세","T20[14STD04553]","총전출[명]","명","5978","6061","5836","5529","5885","5142","3991","3542","3736","3566",
"30110","동  구","120","20 - 24세","T10[14STD04553]","총전입[명]","명","3643","3463","3886","4005","4304","4722","4404","4144","4615","4775",
"30110","동  구","120","20 - 24세","T20[14STD04553]","총전출[명]","명","3720","3697","3943","3982","4567","4500","4336","3972","4478","4609",
"30110","동  구","130","25 - 29세","T10[14STD04553]","총전입[명]","명","3226","3160","3786","3854","3992","4348","3882","3598","3684","4015",
"30110","동  구","130","25 - 29세","T20[14STD04553]","총전출[명]","명","3938","3962","4311","4508","4901","4578","4471","4022","4217","4307",
"30110","동  구","150","30 - 34세","T10[14STD04553]","총전입[명]","명","3279","2693","3018","2839","2955","3236","2953","2521","3499","3899",
"30110","동  구","150","30 - 34세","T20[14STD04553]","총전출[명]","명","3912","3420","3317","3232","3343","3089","3037","2844","3236","3598",
"30110","동  구","160","35 - 39세","T10[14STD04553]","총전입[명]","명","2627","2427","3060","2738","2784","2550","2074","1644","2521","2354",
"30110","동  구","160","35 - 39세","T20[14STD04553]","총전출[명]","명","3458","3078","3257","3112","3054","2555","2231","1892","2240","2332",
"30140","중  구","120","20 - 24세","T10[14STD04553]","총전입[명]","명","2796","2928","3090","3238","3503","3343","2992","2453","2716","2712",
"30140","중  구","120","20 - 24세","T20[14STD04553]","총전출[명]","명","3080","3143","3344","3463","3743","3622","3152","2719","2788","2714",
"30140","중  구","130","25 - 29세","T10[14STD04553]","총전입[명]","명","3383","3558","3902","3968","4389","4398","4237","3431","3817","4267",
"30140","중  구","130","25 - 29세","T20[14STD04553]","총전출[명]","명","3939","3861","4433","4556","5003","4745","4555","4059","4194","4136",
"30140","중  구","150","30 - 34세","T10[14STD04553]","총전입[명]","명","3457","3176","2910","2958","3077","2961","3118","2489","3703","3889",
"30140","중  구","150","30 - 34세","T20[14STD04553]","총전출[명]","명","4039","3750","3507","3546","3570","3382","3351","3015","3534","3603",
"30140","중  구","160","35 - 39세","T10[14STD04553]","총전입[명]","명","2875","2833","2830","2703","2491","2234","2299","1638","2642","2635",
"30140","중  구","160","35 - 39세","T20[14STD04553]","총전출[명]","명","3271","3284","3363","3096","3036","2457","2268","1921","2079","2261",
"30170","서  구","120","20 - 24세","T10[14STD04553]","총전입[명]","명","7951","7913","8171","8677","9799","9258","8867","8029","8242","8692",
"30170","서  구","120","20 - 24세","T20[14STD04553]","총전출[명]","명","8370","8017","8226","8853","9329","8993","8290","7748","7792","7782",
"30170","서  구","130","25 - 29세","T10[14STD04553]","총전입[명]","명","10054","10089","11057","11997","12910","12766","12263","11257","11195","12156",
"30170","서  구","130","25 - 29세","T20[14STD04553]","총전출[명]","명","10098","10499","11248","12198","12891","12729","12266","11272","11684","11854",
"30170","서  구","150","30 - 34세","T10[14STD04553]","총전입[명]","명","9669","8592","8228","8457","8749","8435","8142","7834","7909","10229",
"30170","서  구","150","30 - 34세","T20[14STD04553]","총전출[명]","명","9797","8974","8902","9011","9408","8883","8709","8576","9227","10014",
"30170","서  구","160","35 - 39세","T10[14STD04553]","총전입[명]","명","7302","6852","7078","7075","7092","6090","5518","4641","4444","6587",
"30170","서  구","160","35 - 39세","T20[14STD04553]","총전출[명]","명","7167","7271","7263","7195","7528","6449","5778","5376","5340","5917",
"30200","유성구","120","20 - 24세","T10[14STD04553]","총전입[명]","명","5812","5646","6101","6461","7368","7436","6990","7301","7571","7354",
"30200","유성구","120","20 - 24세","T20[14STD04553]","총전출[명]","명","5010","5080","5355","5838","6524","6493","6038","5611","6094","6125",
"30200","유성구","130","25 - 29세","T10[14STD04553]","총전입[명]","명","8621","8714","8801","9429","10261","9628","9968","9769","9806","9892",
"30200","유성구","130","25 - 29세","T20[14STD04553]","총전출[명]","명","7137","7543","8285","8827","9405","9545","8878","8579","9124","9445",
"30200","유성구","150","30 - 34세","T10[14STD04553]","총전입[명]","명","9052","8704","7843","7776","8307","7784","8042","8641","8537","8145",
"30200","유성구","150","30 - 34세","T20[14STD04553]","총전출[명]","명","7766","7959","7630","7857","8020","7615","7273","7216","7974","8304",
"30200","유성구","160","35 - 39세","T10[14STD04553]","총전입[명]","명","6364","6578","5961","5905","6297","5204","5213","5953","4855","4462",
"30200","유성구","160","35 - 39세","T20[14STD04553]","총전출[명]","명","5886","6204","6292","6362","6401","5594","4936","4933","5039","5368",
"30230","대덕구","120","20 - 24세","T10[14STD04553]","총전입[명]","명","2007","2032","1843","1933","2555","2419","1973","1746","2042","1899",
"30230","대덕구","120","20 - 24세","T20[14STD04553]","총전출[명]","명","2481","2632","2424","2503","3026","2634","2454","2095","2261","2160",
"30230","대덕구","130","25 - 29세","T10[14STD04553]","총전입[명]","명","2345","2497","2412","2418","3336","3186","2773","2431","2789","2581",
"30230","대덕구","130","25 - 29세","T20[14STD04553]","총전출[명]","명","3015","3250","3125","3230","3669","3363","3100","2909","3057","2963",
"30230","대덕구","150","30 - 34세","T10[14STD04553]","총전입[명]","명","2351","2227","1932","1804","2755","2478","2220","1951","2590","2329",
"30230","대덕구","150","30 - 34세","T20[14STD04553]","총전출[명]","명","2988","2933","2507","2393","2635","2419","2423","2262","2652","2652",
"30230","대덕구","160","35 - 39세","T10[14STD04553]","총전입[명]","명","1915","1964","1626","1623","2410","1834","1536","1200","1523","1421",
"30230","대덕구","160","35 - 39세","T20[14STD04553]","총전출[명]","명","2481","2531","2202","2187","2265","1831","1552","1496","1626","1716",
"31110","중구","120","20 - 24세","T10[14STD04553]","총전입[명]","명","2507","2165","1762","1839","1882","1969","1582","1501","1595","1545",
"31110","중구","120","20 - 24세","T20[14STD04553]","총전출[명]","명","2995","2953","2820","2916","2876","2686","2419","1979","1996","2005",
"31110","중구","130","25 - 29세","T10[14STD04553]","총전입[명]","명","3099","3110","2510","2948","3100","3399","2683","2949","2954","3131",
"31110","중구","130","25 - 29세","T20[14STD04553]","총전출[명]","명","3496","3745","3560","3879","3974","3947","3186","3013","2922","3032",
"31110","중구","150","30 - 34세","T10[14STD04553]","총전입[명]","명","3318","3201","2235","2618","2532","2702","2093","3337","2895","2868",
"31110","중구","150","30 - 34세","T20[14STD04553]","총전출[명]","명","3599","3628","3093","3388","3082","2948","2535","2835","2832","3078",
"31110","중구","160","35 - 39세","T10[14STD04553]","총전입[명]","명","2690","2671","2088","2311","2282","2008","1393","2446","1692","1891",
"31110","중구","160","35 - 39세","T20[14STD04553]","총전출[명]","명","2881","3064","2738","3226","2713","2255","1616","1964","1643","1927",
"31140","남구","120","20 - 24세","T10[14STD04553]","총전입[명]","명","4489","3892","3816","3997","4639","4350","3988","3559","3922","3562",
"31140","남구","120","20 - 24세","T20[14STD04553]","총전출[명]","명","4984","4672","4563","5020","5598","5178","4558","4069","4021","3809",
"31140","남구","130","25 - 29세","T10[14STD04553]","총전입[명]","명","5603","5357","5570","6003","6954","6623","6215","5846","6041","6157",
"31140","남구","130","25 - 29세","T20[14STD04553]","총전출[명]","명","5901","5969","6137","6823","7406","7228","6518","5957","5942","6057",
"31140","남구","150","30 - 34세","T10[14STD04553]","총전입[명]","명","5623","4676","4533","4503","5523","4782","4767","5007","5299","5772",
"31140","남구","150","30 - 34세","T20[14STD04553]","총전출[명]","명","6046","5533","5062","5349","5645","5229","4787","5362","5576","5438",
"31140","남구","160","35 - 39세","T10[14STD04553]","총전입[명]","명","4207","4053","3930","4004","4568","3469","3092","3205","3152","3242",
"31140","남구","160","35 - 39세","T20[14STD04553]","총전출[명]","명","4562","4583","4240","4449","4711","3864","3056","3346","3267","3158",
"31170","동구","120","20 - 24세","T10[14STD04553]","총전입[명]","명","2272","1517","1389","1354","1439","1548","1364","1455","1342","1353",
"31170","동구","120","20 - 24세","T20[14STD04553]","총전출[명]","명","2557","1998","1900","1829","1945","1886","1679","1652","1513","1547",
"31170","동구","130","25 - 29세","T10[14STD04553]","총전입[명]","명","3894","2494","2120","1975","2223","2206","2078","2425","2221","2250",
"31170","동구","130","25 - 29세","T20[14STD04553]","총전출[명]","명","4106","3371","3030","2652","2597","2547","2220","2273","2125","2125",
"31170","동구","150","30 - 34세","T10[14STD04553]","총전입[명]","명","4330","2655","2010","1804","1878","1859","1589","2317","1744","1577",
"31170","동구","150","30 - 34세","T20[14STD04553]","총전출[명]","명","4537","3584","2942","2691","2308","2124","1767","2198","1916","1842",
"31170","동구","160","35 - 39세","T10[14STD04553]","총전입[명]","명","3150","2159","1805","1761","1906","1566","1241","2118","1194","1085",
"31170","동구","160","35 - 39세","T20[14STD04553]","총전출[명]","명","3208","2769","2519","2492","2182","1793","1436","1892","1405","1236",
"31200","북구","120","20 - 24세","T10[14STD04553]","총전입[명]","명","2017","1914","2190","2712","2155","2288","1799","1660","1695","1662",
"31200","북구","120","20 - 24세","T20[14STD04553]","총전출[명]","명","2230","2149","2296","2711","2721","2916","2410","2110","2118","2068",
"31200","북구","130","25 - 29세","T10[14STD04553]","총전입[명]","명","2995","3103","3469","4373","3811","3861","3378","3283","3606","3569",
"31200","북구","130","25 - 29세","T20[14STD04553]","총전출[명]","명","2597","2831","3046","3428","3711","4112","3263","3198","3199","3298",
"31200","북구","150","30 - 34세","T10[14STD04553]","총전입[명]","명","3615","3878","3587","4767","3256","3320","2733","3188","3239","3155",
"31200","북구","150","30 - 34세","T20[14STD04553]","총전출[명]","명","2834","2672","2561","3045","2948","3300","2623","3243","3007","3004",
"31200","북구","160","35 - 39세","T10[14STD04553]","총전입[명]","명","2836","3370","3239","4618","2637","2578","1724","1773","1920","1651",
"31200","북구","160","35 - 39세","T20[14STD04553]","총전출[명]","명","2364","2571","2436","3125","2523","2548","1765","2243","1866","1814",
"31710","울주군","120","20 - 24세","T10[14STD04553]","총전입[명]","명","1886","1890","1834","2003","1874","2048","1958","1590","1973","1850",
"31710","울주군","120","20 - 24세","T20[14STD04553]","총전출[명]","명","2250","2074","2249","2502","2375","2545","2534","2354","2431","2283",
"31710","울주군","130","25 - 29세","T10[14STD04553]","총전입[명]","명","2390","2422","2682","3049","2906","3349","2810","2422","2874","2925",
"31710","울주군","130","25 - 29세","T20[14STD04553]","총전출[명]","명","2573","2512","2872","3160","3251","3434","3122","2962","2930","2934",
"31710","울주군","150","30 - 34세","T10[14STD04553]","총전입[명]","명","2542","2578","2607","2596","2360","2418","2294","2163","2810","2798",
"31710","울주군","150","30 - 34세","T20[14STD04553]","총전출[명]","명","2686","2422","2269","2382","2460","2458","2246","2433","2673","2563",
"31710","울주군","160","35 - 39세","T10[14STD04553]","총전입[명]","명","2090","2514","2551","2502","2106","1970","1617","1315","1677","1574",
"31710","울주군","160","35 - 39세","T20[14STD04553]","총전출[명]","명","2274","2486","2435","2386","2234","2106","1629","1622","1658","1511",
"36110","세종특별자치시","120","20 - 24세","T10[14STD04553]","총전입[명]","명","4421","5289","5742","5370","5435","5610","4787","4194","4565","4521",
"36110","세종특별자치시","120","20 - 24세","T20[14STD04553]","총전출[명]","명","2742","3389","3891","4416","5101","4974","4564","4455","4958","5000",
"36110","세종특별자치시","130","25 - 29세","T10[14STD04553]","총전입[명]","명","6404","7519","8455","8816","8793","9175","7921","7138","7030","6969",
"36110","세종특별자치시","130","25 - 29세","T20[14STD04553]","총전출[명]","명","3924","4951","5528","6514","7156","7178","6534","6375","6345","6196",
"36110","세종특별자치시","150","30 - 34세","T10[14STD04553]","총전입[명]","명","8316","10057","10043","10093","9166","9252","8286","7539","8181","7664",
"36110","세종특별자치시","150","30 - 34세","T20[14STD04553]","총전출[명]","명","4514","5878","6224","6767","7379","7179","6698","6766","6993","6817",
"36110","세종특별자치시","160","35 - 39세","T10[14STD04553]","총전입[명]","명","7872","10297","10885","10263","9214","8092","7023","5652","5896","5277",
"36110","세종특별자치시","160","35 - 39세","T20[14STD04553]","총전출[명]","명","4018","5834","6901","7181","7687","6693","5750","5372","5611","5173",
"41110","수원시","120","20 - 24세","T10[14STD04553]","총전입[명]","명","16673","16903","17803","17254","17749","19014","17539","16543","16047","14940",
"41110","수원시","120","20 - 24세","T20[14STD04553]","총전출[명]","명","14894","15285","16444","15803","16117","16312","14795","13900","13745","12852",
"41110","수원시","130","25 - 29세","T10[14STD04553]","총전입[명]","명","22442","23884","26447","25699","27066","29165","26507","26128","25312","24250",
"41110","수원시","130","25 - 29세","T20[14STD04553]","총전출[명]","명","20976","22236","25158","26150","27297","28241","24903","24467","23932","24437",
"41110","수원시","150","30 - 34세","T10[14STD04553]","총전입[명]","명","23601","23052","22477","20906","21541","24007","23500","25206","23834","23237",
"41110","수원시","150","30 - 34세","T20[14STD04553]","총전출[명]","명","22998","22396","23958","22774","23067","23649","21596","24051","24703","24640",
"41110","수원시","160","35 - 39세","T10[14STD04553]","총전입[명]","명","17602","18754","19553","18167","16365","17465","15647","16033","13646","13370",
"41110","수원시","160","35 - 39세","T20[14STD04553]","총전출[명]","명","17856","18765","21181","20121","18396","17934","14663","15936","15142","14753",
"41130","성남시","120","20 - 24세","T10[14STD04553]","총전입[명]","명","14098","12641","10811","10315","12332","11478","9495","9440","8435","7908",
"41130","성남시","120","20 - 24세","T20[14STD04553]","총전출[명]","명","12849","12175","10686","10094","11450","10945","9381","9147","8268","8047",
"41130","성남시","130","25 - 29세","T10[14STD04553]","총전입[명]","명","18419","17941","17606","17668","20216","18855","16013","16298","15632","14500",
"41130","성남시","130","25 - 29세","T20[14STD04553]","총전출[명]","명","17661","17779","17895","17574","19352","19175","16085","15658","14760","14217",
"41130","성남시","150","30 - 34세","T10[14STD04553]","총전입[명]","명","20937","18563","16509","15580","18644","17257","15157","17355","16740","16216",
"41130","성남시","150","30 - 34세","T20[14STD04553]","총전출[명]","명","21597","20336","18368","17230","18776","17791","15629","17357","17096","16863",
"41130","성남시","160","35 - 39세","T10[14STD04553]","총전입[명]","명","17677","15992","14675","13220","15832","14630","11426","13010","11464","10902",
"41130","성남시","160","35 - 39세","T20[14STD04553]","총전출[명]","명","18288","17415","17160","15295","15970","14869","11541","12655","11985","11458",
"41150","의정부시","120","20 - 24세","T10[14STD04553]","총전입[명]","명","5449","5447","5390","5601","6744","6126","5370","4686","4449","4237",
"41150","의정부시","120","20 - 24세","T20[14STD04553]","총전출[명]","명","5194","5172","5027","5123","5570","5376","5153","4696","4707","3905",
"41150","의정부시","130","25 - 29세","T10[14STD04553]","총전입[명]","명","6180","6525","7195","7370","9023","8235","7522","6912","6637","6594",
"41150","의정부시","130","25 - 29세","T20[14STD04553]","총전출[명]","명","6075","6735","6964","7257","8414","8145","7760","7313","7535","6971",
"41150","의정부시","150","30 - 34세","T10[14STD04553]","총전입[명]","명","7138","6760","6722","6183","7670","6782","6748","6562","6805","6665",
"41150","의정부시","150","30 - 34세","T20[14STD04553]","총전출[명]","명","6644","6404","5948","5753","6721","6177","6139","6584","7395","6768",
"41150","의정부시","160","35 - 39세","T10[14STD04553]","총전입[명]","명","6160","6682","6948","6308","7727","5814","5280","4957","4699","4212",
"41150","의정부시","160","35 - 39세","T20[14STD04553]","총전출[명]","명","5881","6116","6087","5729","6529","5226","4864","4746","4688","4140",
"41170","안양시","120","20 - 24세","T10[14STD04553]","총전입[명]","명","7564","6701","5634","5569","6359","6293","4810","4126","5268","4526",
"41170","안양시","120","20 - 24세","T20[14STD04553]","총전출[명]","명","7740","7585","6632","6238","7625","6765","5173","4526","5031","4590",
"41170","안양시","130","25 - 29세","T10[14STD04553]","총전입[명]","명","9616","8914","8649","8686","9501","10322","8430","7332","9173","8905",
"41170","안양시","130","25 - 29세","T20[14STD04553]","총전출[명]","명","9604","9635","9624","9714","11485","10622","8516","7624","7827","7878",
"41170","안양시","150","30 - 34세","T10[14STD04553]","총전입[명]","명","11478","9545","8910","8699","9392","11218","9583","8624","12242","12159",
"41170","안양시","150","30 - 34세","T20[14STD04553]","총전출[명]","명","11581","10870","9967","9742","10995","10366","8324","8765","9828","10193",
"41170","안양시","160","35 - 39세","T10[14STD04553]","총전입[명]","명","9209","8177","7595","7488","7581","9297","7039","5936","8975","8380",
"41170","안양시","160","35 - 39세","T20[14STD04553]","총전출[명]","명","9472","9371","9140","8731","9352","8625","6196","6342","7293","7330",
"41190","부천시","120","20 - 24세","T10[14STD04553]","총전입[명]","명","10181","9268","8899","7842","8473","7230","5831","5614","5871","5357",
"41190","부천시","120","20 - 24세","T20[14STD04553]","총전출[명]","명","9787","9116","9101","7904","8033","7464","6487","5624","6056","5780",
"41190","부천시","130","25 - 29세","T10[14STD04553]","총전입[명]","명","12884","12446","12579","11735","12671","12229","9715","9681","10098","9338",
"41190","부천시","130","25 - 29세","T20[14STD04553]","총전출[명]","명","13258","13095","13964","13193","13928","13472","11384","10947","11220","10593",
"41190","부천시","150","30 - 34세","T10[14STD04553]","총전입[명]","명","15583","13696","12919","10468","11409","10928","8714","10208","10976","10549",
"41190","부천시","150","30 - 34세","T20[14STD04553]","총전출[명]","명","15790","14242","14195","12430","12897","11867","10518","11669","12538","12061",
"41190","부천시","160","35 - 39세","T10[14STD04553]","총전입[명]","명","12966","12035","12742","9054","9623","8148","6187","7049","7222","6853",
"41190","부천시","160","35 - 39세","T20[14STD04553]","총전출[명]","명","13070","12476","13688","11402","11508","9774","7679","8001","8388","7952",
"41210","광명시","120","20 - 24세","T10[14STD04553]","총전입[명]","명","2696","2993","3077","2716","3283","2565","2120","1942","1690","2764",
"41210","광명시","120","20 - 24세","T20[14STD04553]","총전출[명]","명","3048","3337","3452","3327","4508","2983","2559","2456","1954","2239",
"41210","광명시","130","25 - 29세","T10[14STD04553]","총전입[명]","명","3950","4331","4890","4475","4754","4476","3516","3314","3140","4977",
"41210","광명시","130","25 - 29세","T20[14STD04553]","총전출[명]","명","4231","4695","5117","5117","6378","4876","3944","3876","3251","3619",
"41210","광명시","150","30 - 34세","T10[14STD04553]","총전입[명]","명","5466","5380","5342","4570","5235","4824","3933","4328","4206","7629",
"41210","광명시","150","30 - 34세","T20[14STD04553]","총전출[명]","명","6223","5846","5732","5337","6368","4732","4191","4616","3842","4560",
"41210","광명시","160","35 - 39세","T10[14STD04553]","총전입[명]","명","4557","4717","5046","4212","4759","4021","3140","2922","2871","5853",
"41210","광명시","160","35 - 39세","T20[14STD04553]","총전출[명]","명","5753","5790","6032","5317","6309","4215","3326","3606","2898","3719",
"41220","평택시","120","20 - 24세","T10[14STD04553]","총전입[명]","명","6161","6361","7094","7678","8901","9897","8668","8115","7708","7556",
"41220","평택시","120","20 - 24세","T20[14STD04553]","총전출[명]","명","5690","5687","6243","6699","6999","7583","7382","7016","6726","6677",
"41220","평택시","130","25 - 29세","T10[14STD04553]","총전입[명]","명","8563","9417","10933","12621","14489","17653","15524","14889","14196","14660",
"41220","평택시","130","25 - 29세","T20[14STD04553]","총전출[명]","명","7266","7884","9076","10471","11197","12942","12385","12467","12481","12702",
"41220","평택시","150","30 - 34세","T10[14STD04553]","총전입[명]","명","9067","8948","9853","10692","12053","14343","12367","13755","13356","14187",
"41220","평택시","150","30 - 34세","T20[14STD04553]","총전출[명]","명","7996","7750","8289","8606","9104","10388","10167","11669","12248","12434",
"41220","평택시","160","35 - 39세","T10[14STD04553]","총전입[명]","명","7853","8443","9830","10299","11268","11826","9072","9695","8552","9146",
"41220","평택시","160","35 - 39세","T20[14STD04553]","총전출[명]","명","6688","7409","8271","8201","8118","8452","7476","8332","7871","8022",
"41250","동두천시","120","20 - 24세","T10[14STD04553]","총전입[명]","명","1155","963","1010","918","1005","1077","794","733","768","725",
"41250","동두천시","120","20 - 24세","T20[14STD04553]","총전출[명]","명","1196","1108","1091","1024","1002","1159","959","949","861","807",
"41250","동두천시","130","25 - 29세","T10[14STD04553]","총전입[명]","명","1372","1185","1267","1225","1470","1562","1137","1008","976","1095",
"41250","동두천시","130","25 - 29세","T20[14STD04553]","총전출[명]","명","1364","1367","1387","1379","1511","1586","1335","1402","1261","1257",
"41250","동두천시","150","30 - 34세","T10[14STD04553]","총전입[명]","명","1514","1173","1085","962","1106","1195","897","867","882","952",
"41250","동두천시","150","30 - 34세","T20[14STD04553]","총전출[명]","명","1556","1372","1255","1141","1155","1147","1074","1274","1202","1101",
"41250","동두천시","160","35 - 39세","T10[14STD04553]","총전입[명]","명","1405","1107","1130","969","1105","1074","701","696","612","730",
"41250","동두천시","160","35 - 39세","T20[14STD04553]","총전출[명]","명","1462","1321","1210","1197","1198","1047","809","879","782","734",
"41270","안산시","120","20 - 24세","T10[14STD04553]","총전입[명]","명","9238","7849","8453","8624","11215","9969","7884","6750","6697","6272",
"41270","안산시","120","20 - 24세","T20[14STD04553]","총전출[명]","명","9618","8518","9561","9051","10153","8999","8393","7374","7175","6468",
"41270","안산시","130","25 - 29세","T10[14STD04553]","총전입[명]","명","10946","10042","11536","12086","14901","13730","11065","10059","9885","9501",
"41270","안산시","130","25 - 29세","T20[14STD04553]","총전출[명]","명","11737","11470","13295","13468","15208","14333","12750","12197","11274","10860",
"41270","안산시","150","30 - 34세","T10[14STD04553]","총전입[명]","명","10844","8902","9168","9395","12158","10023","8196","8835","9196","8749",
"41270","안산시","150","30 - 34세","T20[14STD04553]","총전출[명]","명","12336","10678","11441","10547","12172","10741","9769","10826","10828","10500",
"41270","안산시","160","35 - 39세","T10[14STD04553]","총전입[명]","명","8685","7371","7833","7867","10931","7145","5281","5250","5587","4954",
"41270","안산시","160","35 - 39세","T20[14STD04553]","총전출[명]","명","10101","9158","10410","9112","10349","7524","6441","6577","6558","6054",
"41280","고양시","120","20 - 24세","T10[14STD04553]","총전입[명]","명","12487","11173","11278","12896","13773","12093","10502","9744","9347","8628",
"41280","고양시","120","20 - 24세","T20[14STD04553]","총전출[명]","명","12059","11304","11662","11582","12944","12004","10874","9987","9877","9373",
"41280","고양시","130","25 - 29세","T10[14STD04553]","총전입[명]","명","14910","14579","15315","17928","19274","18184","16664","15120","15513","14253",
"41280","고양시","130","25 - 29세","T20[14STD04553]","총전출[명]","명","14198","15219","16343","17315","19485","19354","17481","16122","16193","15374",
"41280","고양시","150","30 - 34세","T10[14STD04553]","총전입[명]","명","17791","15020","15209","17474","18128","17417","16279","17129","17822","15965",
"41280","고양시","150","30 - 34세","T20[14STD04553]","총전출[명]","명","16345","14740","15061","14574","16333","16310","15327","16371","17615","16860",
"41280","고양시","160","35 - 39세","T10[14STD04553]","총전입[명]","명","15783","13940","14961","17624","17629","14315","12489","12445","12528","10449",
"41280","고양시","160","35 - 39세","T20[14STD04553]","총전출[명]","명","14379","13602","14317","13954","15156","13241","11592","11949","12482","11325",
"41290","과천시","120","20 - 24세","T10[14STD04553]","총전입[명]","명","764","612","660","484","1032","1336","969","853","800","568",
"41290","과천시","120","20 - 24세","T20[14STD04553]","총전출[명]","명","1410","1164","654","606","700","790","849","756","750","993",
"41290","과천시","130","25 - 29세","T10[14STD04553]","총전입[명]","명","959","726","822","794","1295","1827","1380","1136","1211","998",
"41290","과천시","130","25 - 29세","T20[14STD04553]","총전출[명]","명","1446","1281","853","738","938","1133","1172","1155","1058","1441",
"41290","과천시","150","30 - 34세","T10[14STD04553]","총전입[명]","명","1068","681","1017","997","1476","2112","1820","1756","2198","1291",
"41290","과천시","150","30 - 34세","T20[14STD04553]","총전출[명]","명","1487","1260","824","776","1005","1231","1323","1472","1452","1721",
"41290","과천시","160","35 - 39세","T10[14STD04553]","총전입[명]","명","849","694","978","946","1524","2085","1741","1642","2109","1047",
"41290","과천시","160","35 - 39세","T20[14STD04553]","총전출[명]","명","1140","1141","758","669","951","1020","1060","1240","1275","1493",
"41310","구리시","120","20 - 24세","T10[14STD04553]","총전입[명]","명","2599","2379","2264","1763","2198","1867","1361","1201","1457","1318",
"41310","구리시","120","20 - 24세","T20[14STD04553]","총전출[명]","명","2207","2009","2102","2051","2230","2178","1592","1321","1412","1253",
"41310","구리시","130","25 - 29세","T10[14STD04553]","총전입[명]","명","2858","2835","2924","2608","3115","2854","2368","2294","2569","2422",
"41310","구리시","130","25 - 29세","T20[14STD04553]","총전출[명]","명","2556","2595","2964","3066","3492","3402","2746","2550","2394","2385",
"41310","구리시","150","30 - 34세","T10[14STD04553]","총전입[명]","명","3787","3281","3350","2487","3080","2748","2224","2470","2953","2992",
"41310","구리시","150","30 - 34세","T20[14STD04553]","총전출[명]","명","2979","2655","2825","2861","3085","2936","2328","2613","2657","2693",
"41310","구리시","160","35 - 39세","T10[14STD04553]","총전입[명]","명","3631","3511","3823","2385","3002","2348","1584","1790","1961","1959",
"41310","구리시","160","35 - 39세","T20[14STD04553]","총전출[명]","명","2868","2527","3147","2947","3235","2697","1792","1806","1793","1940",
"41360","남양주시","120","20 - 24세","T10[14STD04553]","총전입[명]","명","5212","4918","5881","6178","6393","6828","5085","4462","4747","4254",
"41360","남양주시","120","20 - 24세","T20[14STD04553]","총전출[명]","명","5394","5308","5872","5840","6188","6297","5847","5292","5226","4973",
"41360","남양주시","130","25 - 29세","T10[14STD04553]","총전입[명]","명","6554","6370","7124","8561","8860","9981","8330","7194","7716","7106",
"41360","남양주시","130","25 - 29세","T20[14STD04553]","총전출[명]","명","6534","6702","7626","7751","8732","9304","8457","7908","7725","7740",
"41360","남양주시","150","30 - 34세","T10[14STD04553]","총전입[명]","명","8903","7482","8867","9134","8676","10627","8148","7349","8358","8020",
"41360","남양주시","150","30 - 34세","T20[14STD04553]","총전출[명]","명","7924","7305","7345","6912","7182","7989","7030","7332","7888","7661",
"41360","남양주시","160","35 - 39세","T10[14STD04553]","총전입[명]","명","8950","7864","11792","11450","9913","11373","7141","5699","6221","5467",
"41360","남양주시","160","35 - 39세","T20[14STD04553]","총전출[명]","명","7955","7575","8620","8200","8044","7914","5949","6037","5820","5282",
"41370","오산시","120","20 - 24세","T10[14STD04553]","총전입[명]","명","2504","2670","3180","3101","2990","2935","2335","2240","2880","2591",
"41370","오산시","120","20 - 24세","T20[14STD04553]","총전출[명]","명","2127","2282","2540","2475","2516","2635","2301","2166","2475","2311",
"41370","오산시","130","25 - 29세","T10[14STD04553]","총전입[명]","명","3799","4283","5121","5466","5323","5278","4417","4193","5360","4964",
"41370","오산시","130","25 - 29세","T20[14STD04553]","총전출[명]","명","3217","3454","3934","4205","4505","4673","4235","4182","4334","4105",
"41370","오산시","150","30 - 34세","T10[14STD04553]","총전입[명]","명","4099","4447","4851","4740","4428","4100","3522","3739","6824","5742",
"41370","오산시","150","30 - 34세","T20[14STD04553]","총전출[명]","명","3916","3925","3981","3863","4039","4019","3454","3883","4704","4418",
"41370","오산시","160","35 - 39세","T10[14STD04553]","총전입[명]","명","3090","3908","4800","4446","3944","3075","2357","2655","5125","3746",
"41370","오산시","160","35 - 39세","T20[14STD04553]","총전출[명]","명","3335","3627","4223","3936","3780","3394","2522","2785","3522","2800",
"41390","시흥시","120","20 - 24세","T10[14STD04553]","총전입[명]","명","4580","5311","6123","6574","7507","5989","5384","5125","4393","4174",
"41390","시흥시","120","20 - 24세","T20[14STD04553]","총전출[명]","명","4601","4627","5044","5413","5904","5685","5200","5079","4762","4473",
"41390","시흥시","130","25 - 29세","T10[14STD04553]","총전입[명]","명","5827","7144","9076","9885","11078","9916","8274","8167","7126","6788",
"41390","시흥시","130","25 - 29세","T20[14STD04553]","총전출[명]","명","5681","6068","7097","8138","9132","9314","8371","8016","7438","7194",
"41390","시흥시","150","30 - 34세","T10[14STD04553]","총전입[명]","명","6682","7956","10023","9697","10911","8717","7621","9794","7781","7533",
"41390","시흥시","150","30 - 34세","T20[14STD04553]","총전출[명]","명","6161","5682","6133","6516","7853","7352","7243","8623","7842","7668",
"41390","시흥시","160","35 - 39세","T10[14STD04553]","총전입[명]","명","6077","8011","10981","10060","11032","7860","5655","7260","5146","4750",
"41390","시흥시","160","35 - 39세","T20[14STD04553]","총전출[명]","명","5476","5641","6468","6279","7541","6067","5493","6336","5439","5298",
"41410","군포시","120","20 - 24세","T10[14STD04553]","총전입[명]","명","2585","2434","2592","2614","3044","2458","2086","1795","1855","1752",
"41410","군포시","120","20 - 24세","T20[14STD04553]","총전출[명]","명","2794","2624","2739","2630","2967","2592","2279","2021","2125","1834",
"41410","군포시","130","25 - 29세","T10[14STD04553]","총전입[명]","명","3972","3778","4130","4676","4893","4606","4030","3499","3569","3504",
"41410","군포시","130","25 - 29세","T20[14STD04553]","총전출[명]","명","4072","3901","4285","4459","4811","4767","4063","3828","3741","3676",
"41410","군포시","150","30 - 34세","T10[14STD04553]","총전입[명]","명","4753","4196","4457","4762","4651","4422","3850","3670","3946","3755",
"41410","군포시","150","30 - 34세","T20[14STD04553]","총전출[명]","명","5390","4879","4986","4815","5060","4640","3742","4491","4399","4413",
"41410","군포시","160","35 - 39세","T10[14STD04553]","총전입[명]","명","3468","3132","3605","3746","3643","2973","2451","2252","2167","2101",
"41410","군포시","160","35 - 39세","T20[14STD04553]","총전출[명]","명","4343","3915","4577","4283","4190","3764","2669","3042","3008","2798",
"41430","의왕시","120","20 - 24세","T10[14STD04553]","총전입[명]","명","1613","1589","1350","2300","2383","1654","1182","1099","1087","1305",
"41430","의왕시","120","20 - 24세","T20[14STD04553]","총전출[명]","명","1650","1614","1426","1790","2119","1702","1530","1341","1360","1137",
"41430","의왕시","130","25 - 29세","T10[14STD04553]","총전입[명]","명","2050","1989","1815","3024","3731","2476","1847","1962","1769","2289",
"41430","의왕시","130","25 - 29세","T20[14STD04553]","총전출[명]","명","2058","2265","2115","2654","3225","2649","2232","2240","2108","1960",
"41430","의왕시","150","30 - 34세","T10[14STD04553]","총전입[명]","명","2373","1992","1712","3145","3523","2675","1772","3019","2098","3262",
"41430","의왕시","150","30 - 34세","T20[14STD04553]","총전출[명]","명","2529","2260","2010","2315","2848","2447","2025","2561","2364","2235",
"41430","의왕시","160","35 - 39세","T10[14STD04553]","총전입[명]","명","1809","1645","1581","2927","2906","1890","1286","2111","1453","2413",
"41430","의왕시","160","35 - 39세","T20[14STD04553]","총전출[명]","명","2200","2039","1993","2122","2433","2011","1517","1779","1799","1685",
"41450","하남시","120","20 - 24세","T10[14STD04553]","총전입[명]","명","4847","3300","3519","3724","4443","4867","3032","2948","2744","2482",
"41450","하남시","120","20 - 24세","T20[14STD04553]","총전출[명]","명","2205","2168","2572","2524","2713","2911","2483","2547","2487","2187",
"41450","하남시","130","25 - 29세","T10[14STD04553]","총전입[명]","명","5569","4303","5712","6115","8293","7378","5321","5400","4985","4627",
"41450","하남시","130","25 - 29세","T20[14STD04553]","총전출[명]","명","2893","3044","3924","4044","4704","5256","4766","4701","4592","4305",
"41450","하남시","150","30 - 34세","T10[14STD04553]","총전입[명]","명","8228","5567","6863","6814","7895","8180","5587","6531","6003","5343",
"41450","하남시","150","30 - 34세","T20[14STD04553]","총전출[명]","명","3688","3400","4347","4126","4857","5718","5098","5934","5889","5490",
"41450","하남시","160","35 - 39세","T10[14STD04553]","총전입[명]","명","9255","6150","7629","7105","7493","8613","4717","5125","4429","3982",
"41450","하남시","160","35 - 39세","T20[14STD04553]","총전출[명]","명","3589","3553","4685","4622","5062","5670","4194","4767","4573","4284",
"41460","용인시","120","20 - 24세","T10[14STD04553]","총전입[명]","명","12017","10423","12617","12864","14379","14104","11709","11518","12477","11680",
"41460","용인시","120","20 - 24세","T20[14STD04553]","총전출[명]","명","10492","10600","11766","11329","12882","13636","11998","11811","12063","12002",
"41460","용인시","130","25 - 29세","T10[14STD04553]","총전입[명]","명","13701","13499","16593","17329","18591","18473","14646","14999","16370","15396",
"41460","용인시","130","25 - 29세","T20[14STD04553]","총전출[명]","명","12043","12576","14667","15248","17587","18523","15452","15368","16135","16004",
"41460","용인시","150","30 - 34세","T10[14STD04553]","총전입[명]","명","17415","16040","19172","17892","17421","16488","13258","14994","18087","17099",
"41460","용인시","150","30 - 34세","T20[14STD04553]","총전출[명]","명","15207","13978","14469","14096","15034","15235","12658","14379","15895","15691",
"41460","용인시","160","35 - 39세","T10[14STD04553]","총전입[명]","명","16569","15903","21060","18338","17028","15265","10458","11289","13649","12036",
"41460","용인시","160","35 - 39세","T20[14STD04553]","총전출[명]","명","15326","14496","16707","14781","15423","14470","10089","11149","11849","10815",
"41480","파주시","120","20 - 24세","T10[14STD04553]","총전입[명]","명","4449","4762","5120","4476","5616","6455","5440","4452","4782","4923",
"41480","파주시","120","20 - 24세","T20[14STD04553]","총전출[명]","명","4102","4138","4457","4264","4786","4748","5070","4510","4409","4272",
"41480","파주시","130","25 - 29세","T10[14STD04553]","총전입[명]","명","6560","7127","8194","7126","8346","9976","8661","7147","7586","8082",
"41480","파주시","130","25 - 29세","T20[14STD04553]","총전출[명]","명","5910","6112","7147","6860","7571","7772","7385","7294","7085","7274",
"41480","파주시","150","30 - 34세","T10[14STD04553]","총전입[명]","명","7123","7008","8669","6013","7979","8793","8138","6983","9386","8973",
"41480","파주시","150","30 - 34세","T20[14STD04553]","총전출[명]","명","6397","6033","7109","5991","7241","6859","6618","6650","7747","7291",
"41480","파주시","160","35 - 39세","T10[14STD04553]","총전입[명]","명","6139","6049","8394","5835","8250","7635","6908","5007","7753","6612",
"41480","파주시","160","35 - 39세","T20[14STD04553]","총전출[명]","명","5551","5561","6440","5623","7017","5821","5208","4642","5936","5147",
"41500","이천시","120","20 - 24세","T10[14STD04553]","총전입[명]","명","2767","2611","2627","2796","3136","3711","2976","2667","2836","3034",
"41500","이천시","120","20 - 24세","T20[14STD04553]","총전출[명]","명","2663","2645","2560","2747","2824","3073","3069","2837","3094","3014",
"41500","이천시","130","25 - 29세","T10[14STD04553]","총전입[명]","명","3954","3987","4369","4876","5191","5991","4685","4362","4494","4490",
"41500","이천시","130","25 - 29세","T20[14STD04553]","총전출[명]","명","3166","3318","3645","4195","4239","4837","4296","4249","4333","4023",
"41500","이천시","150","30 - 34세","T10[14STD04553]","총전입[명]","명","4037","3644","3001","3493","3319","4177","2922","3134","3900","3668",
"41500","이천시","150","30 - 34세","T20[14STD04553]","총전출[명]","명","3312","3283","3010","3325","3145","3806","3131","3497","3947","3896",
"41500","이천시","160","35 - 39세","T10[14STD04553]","총전입[명]","명","3244","3055","2619","3022","2675","3205","2019","1976","2305","2187",
"41500","이천시","160","35 - 39세","T20[14STD04553]","총전출[명]","명","2805","2768","2688","2914","2545","2777","2168","2118","2339","2155",
"41550","안성시","120","20 - 24세","T10[14STD04553]","총전입[명]","명","2376","1936","2379","2215","2802","2905","2484","2429","2958","2823",
"41550","안성시","120","20 - 24세","T20[14STD04553]","총전출[명]","명","2324","2108","2433","2393","2357","2675","2533","2278","2594","2547",
"41550","안성시","130","25 - 29세","T10[14STD04553]","총전입[명]","명","2822","2435","3159","3063","3520","3660","2967","2809","3481","3291",
"41550","안성시","130","25 - 29세","T20[14STD04553]","총전출[명]","명","2708","2460","3048","3170","3189","3321","3139","2954","3269","3198",
"41550","안성시","150","30 - 34세","T10[14STD04553]","총전입[명]","명","3362","2303","2774","2510","2703","2821","2203","2133","3558","2820",
"41550","안성시","150","30 - 34세","T20[14STD04553]","총전출[명]","명","2996","2419","2583","2577","2387","2499","2234","2183","2838","2507",
"41550","안성시","160","35 - 39세","T10[14STD04553]","총전입[명]","명","3034","2134","2847","2402","2445","2362","1665","1542","2527","1790",
"41550","안성시","160","35 - 39세","T20[14STD04553]","총전출[명]","명","2842","2303","2882","2503","2183","2147","1727","1579","2045","1638",
"41570","김포시","120","20 - 24세","T10[14STD04553]","총전입[명]","명","3596","4242","4763","4178","6678","5199","4026","4059","3942","3448",
"41570","김포시","120","20 - 24세","T20[14STD04553]","총전출[명]","명","3141","3371","3627","3441","4713","4360","4246","3828","3828","3680",
"41570","김포시","130","25 - 29세","T10[14STD04553]","총전입[명]","명","4747","6140","7810","6715","9985","8274","6596","6529","6478","6004",
"41570","김포시","130","25 - 29세","T20[14STD04553]","총전출[명]","명","4107","4513","5314","5333","7004","7034","6499","6188","6094","5911",
"41570","김포시","150","30 - 34세","T10[14STD04553]","총전입[명]","명","7181","9922","10331","7242","12064","8402","6429","7210","7204","6403",
"41570","김포시","150","30 - 34세","T20[14STD04553]","총전출[명]","명","5446","5606","5641","5211","7469","6452","6247","6764","6811","6270",
"41570","김포시","160","35 - 39세","T10[14STD04553]","총전입[명]","명","6989","11276","11393","7945","14914","8080","5191","5632","5167","4358",
"41570","김포시","160","35 - 39세","T20[14STD04553]","총전출[명]","명","5516","6465","6768","6196","9324","6514","5680","5660","5346","4639",
"41590","화성시","120","20 - 24세","T10[14STD04553]","총전입[명]","명","7725","8852","11028","11269","11500","11652","9618","10068","9330","9135",
"41590","화성시","120","20 - 24세","T20[14STD04553]","총전출[명]","명","5596","5775","7240","8165","8408","9186","8289","8056","8211","8339",
"41590","화성시","130","25 - 29세","T10[14STD04553]","총전입[명]","명","12975","15658","19623","20409","21346","22342","18877","19634","18952","18986",
"41590","화성시","130","25 - 29세","T20[14STD04553]","총전출[명]","명","7999","9080","11806","13223","14590","16082","14002","14439","14427","15011",
"41590","화성시","150","30 - 34세","T10[14STD04553]","총전입[명]","명","16980","17646","21462","20830","19914","19989","16466","21522","20611","20739",
"41590","화성시","150","30 - 34세","T20[14STD04553]","총전출[명]","명","10225","10587","12495","13841","15058","15708","13055","16185","16327","17000",
"41590","화성시","160","35 - 39세","T10[14STD04553]","총전입[명]","명","14826","16431","22331","21098","18369","16478","11405","15535","13695","12928",
"41590","화성시","160","35 - 39세","T20[14STD04553]","총전출[명]","명","9632","10497","13679","14476","14303","13871","9673","12050","11117","11256",
"41610","광주시","120","20 - 24세","T10[14STD04553]","총전입[명]","명","3449","3594","3718","3476","3806","3718","3118","2585","3154","2646",
"41610","광주시","120","20 - 24세","T20[14STD04553]","총전출[명]","명","2644","2698","2850","3023","3113","3475","3109","2879","2925","2790",
"41610","광주시","130","25 - 29세","T10[14STD04553]","총전입[명]","명","4907","5161","5755","5292","5861","6288","5298","4336","5127","4325",
"41610","광주시","130","25 - 29세","T20[14STD04553]","총전출[명]","명","3469","3546","4148","4479","4892","5538","4899","4401","4747","4342",
"41610","광주시","150","30 - 34세","T10[14STD04553]","총전입[명]","명","6799","6780","6450","5517","5663","5840","5285","4694","6410","4766",
"41610","광주시","150","30 - 34세","T20[14STD04553]","총전출[명]","명","4778","4570","4770","4665","4998","5251","4580","4660","5698","4731",
"41610","광주시","160","35 - 39세","T10[14STD04553]","총전입[명]","명","5883","6577","6845","5687","5802","5701","4667","3805","5645","3226",
"41610","광주시","160","35 - 39세","T20[14STD04553]","총전출[명]","명","4658","4698","4953","5010","5318","5619","4282","3973","4970","3324",
"41630","양주시","120","20 - 24세","T10[14STD04553]","총전입[명]","명","1774","2147","2100","2473","2855","2657","2387","3286","3414","2610",
"41630","양주시","120","20 - 24세","T20[14STD04553]","총전출[명]","명","1938","1990","2044","2228","2394","2452","2263","2341","2573","2381",
"41630","양주시","130","25 - 29세","T10[14STD04553]","총전입[명]","명","2232","2832","3142","3335","3837","3544","3410","5062","5684","4404",
"41630","양주시","130","25 - 29세","T20[14STD04553]","총전출[명]","명","2424","2505","2873","3032","3503","3411","3078","3388","3941","3746",
"41630","양주시","150","30 - 34세","T10[14STD04553]","총전입[명]","명","2541","3402","3201","2960","3287","2978","3251","5988","6979","4600",
"41630","양주시","150","30 - 34세","T20[14STD04553]","총전출[명]","명","2653","2621","2592","2425","2625","2458","2430","3129","3834","3633",
"41630","양주시","160","35 - 39세","T10[14STD04553]","총전입[명]","명","2511","3423","3229","3355","3613","3055","2843","5576","5112","2973",
"41630","양주시","160","35 - 39세","T20[14STD04553]","총전출[명]","명","2560","2664","2642","2668","2577","2289","1912","2465","2795","2387",
"41650","포천시","120","20 - 24세","T10[14STD04553]","총전입[명]","명","1489","1495","1458","1401","1667","1842","1350","1196","1308","1266",
"41650","포천시","120","20 - 24세","T20[14STD04553]","총전출[명]","명","1759","1762","1755","1698","1684","1611","1552","1442","1444","1306",
"41650","포천시","130","25 - 29세","T10[14STD04553]","총전입[명]","명","1775","1922","2187","1942","2122","2658","1939","1837","1904","1950",
"41650","포천시","130","25 - 29세","T20[14STD04553]","총전출[명]","명","2094","2317","2505","2396","2349","2454","2383","2339","2310","2191",
"41650","포천시","150","30 - 34세","T10[14STD04553]","총전입[명]","명","1618","1594","1556","1411","1523","1908","1347","1407","1671","1657",
"41650","포천시","150","30 - 34세","T20[14STD04553]","총전출[명]","명","1687","1870","1918","1657","1736","1813","1594","1869","1980","1799",
"41650","포천시","160","35 - 39세","T10[14STD04553]","총전입[명]","명","1535","1530","1538","1302","1341","1400","1068","951","1134","1092",
"41650","포천시","160","35 - 39세","T20[14STD04553]","총전출[명]","명","1484","1704","1810","1586","1428","1308","1168","1276","1263","1158",
"41670","여주시","120","20 - 24세","T10[14STD04553]","총전입[명]","명","1107","1020","971","996","1078","1100","1068","981","1030","942",
"41670","여주시","120","20 - 24세","T20[14STD04553]","총전출[명]","명","1238","1242","1204","1131","1141","1229","1242","1114","1184","1151",
"41670","여주시","130","25 - 29세","T10[14STD04553]","총전입[명]","명","1165","1208","1307","1273","1487","1510","1361","1588","1476","1220",
"41670","여주시","130","25 - 29세","T20[14STD04553]","총전출[명]","명","1314","1302","1361","1543","1548","1557","1394","1527","1594","1424",
"41670","여주시","150","30 - 34세","T10[14STD04553]","총전입[명]","명","1412","1290","1045","1101","1130","1122","1289","1478","1261","1177",
"41670","여주시","150","30 - 34세","T20[14STD04553]","총전출[명]","명","1458","1308","1195","1178","1173","1174","1132","1366","1227","1203",
"41670","여주시","160","35 - 39세","T10[14STD04553]","총전입[명]","명","1407","1281","1178","1212","1219","1121","1215","1164","926","820",
"41670","여주시","160","35 - 39세","T20[14STD04553]","총전출[명]","명","1357","1242","1223","1245","1139","1121","1040","961","917","841",
"41710","양주군","120","20 - 24세","T10[14STD04553]","총전입[명]","명","0","0","0","0","0","0","0","0","0","0",
"41710","양주군","120","20 - 24세","T20[14STD04553]","총전출[명]","명","0","0","0","0","0","0","0","0","0","0",
"41710","양주군","130","25 - 29세","T10[14STD04553]","총전입[명]","명","0","0","0","0","0","0","0","0","0","0",
"41710","양주군","130","25 - 29세","T20[14STD04553]","총전출[명]","명","0","0","0","0","0","0","0","0","0","0",
"41710","양주군","150","30 - 34세","T10[14STD04553]","총전입[명]","명","0","0","0","0","0","0","0","0","0","0",
"41710","양주군","150","30 - 34세","T20[14STD04553]","총전출[명]","명","0","0","0","0","0","0","0","0","0","0",
"41710","양주군","160","35 - 39세","T10[14STD04553]","총전입[명]","명","0","0","0","0","0","0","0","0","0","0",
"41710","양주군","160","35 - 39세","T20[14STD04553]","총전출[명]","명","0","0","0","0","0","0","0","0","0","0",
"41730","여주군","120","20 - 24세","T10[14STD04553]","총전입[명]","명","0","0","0","0","0","0","0","0","0","0",
"41730","여주군","120","20 - 24세","T20[14STD04553]","총전출[명]","명","0","0","0","0","0","0","0","0","0","0",
"41730","여주군","130","25 - 29세","T10[14STD04553]","총전입[명]","명","0","0","0","0","0","0","0","0","0","0",
"41730","여주군","130","25 - 29세","T20[14STD04553]","총전출[명]","명","0","0","0","0","0","0","0","0","0","0",
"41730","여주군","150","30 - 34세","T10[14STD04553]","총전입[명]","명","0","0","0","0","0","0","0","0","0","0",
"41730","여주군","150","30 - 34세","T20[14STD04553]","총전출[명]","명","0","0","0","0","0","0","0","0","0","0",
"41730","여주군","160","35 - 39세","T10[14STD04553]","총전입[명]","명","0","0","0","0","0","0","0","0","0","0",
"41730","여주군","160","35 - 39세","T20[14STD04553]","총전출[명]","명","0","0","0","0","0","0","0","0","0","0",
"41750","화성군","120","20 - 24세","T10[14STD04553]","총전입[명]","명","0","0","0","0","0","0","0","0","0","0",
"41750","화성군","120","20 - 24세","T20[14STD04553]","총전출[명]","명","0","0","0","0","0","0","0","0","0","0",
"41750","화성군","130","25 - 29세","T10[14STD04553]","총전입[명]","명","0","0","0","0","0","0","0","0","0","0",
"41750","화성군","130","25 - 29세","T20[14STD04553]","총전출[명]","명","0","0","0","0","0","0","0","0","0","0",
"41750","화성군","150","30 - 34세","T10[14STD04553]","총전입[명]","명","0","0","0","0","0","0","0","0","0","0",
"41750","화성군","150","30 - 34세","T20[14STD04553]","총전출[명]","명","0","0","0","0","0","0","0","0","0","0",
"41750","화성군","160","35 - 39세","T10[14STD04553]","총전입[명]","명","0","0","0","0","0","0","0","0","0","0",
"41750","화성군","160","35 - 39세","T20[14STD04553]","총전출[명]","명","0","0","0","0","0","0","0","0","0","0",
"41770","파주군","120","20 - 24세","T10[14STD04553]","총전입[명]","명","0","0","0","0","0","0","0","0","0","0",
"41770","파주군","120","20 - 24세","T20[14STD04553]","총전출[명]","명","0","0","0","0","0","0","0","0","0","0",
"41770","파주군","130","25 - 29세","T10[14STD04553]","총전입[명]","명","0","0","0","0","0","0","0","0","0","0",
"41770","파주군","130","25 - 29세","T20[14STD04553]","총전출[명]","명","0","0","0","0","0","0","0","0","0","0",
"41770","파주군","150","30 - 34세","T10[14STD04553]","총전입[명]","명","0","0","0","0","0","0","0","0","0","0",
"41770","파주군","150","30 - 34세","T20[14STD04553]","총전출[명]","명","0","0","0","0","0","0","0","0","0","0",
"41770","파주군","160","35 - 39세","T10[14STD04553]","총전입[명]","명","0","0","0","0","0","0","0","0","0","0",
"41770","파주군","160","35 - 39세","T20[14STD04553]","총전출[명]","명","0","0","0","0","0","0","0","0","0","0",
"41790","광주군","120","20 - 24세","T10[14STD04553]","총전입[명]","명","0","0","0","0","0","0","0","0","0","0",
"41790","광주군","120","20 - 24세","T20[14STD04553]","총전출[명]","명","0","0","0","0","0","0","0","0","0","0",
"41790","광주군","130","25 - 29세","T10[14STD04553]","총전입[명]","명","0","0","0","0","0","0","0","0","0","0",
"41790","광주군","130","25 - 29세","T20[14STD04553]","총전출[명]","명","0","0","0","0","0","0","0","0","0","0",
"41790","광주군","150","30 - 34세","T10[14STD04553]","총전입[명]","명","0","0","0","0","0","0","0","0","0","0",
"41790","광주군","150","30 - 34세","T20[14STD04553]","총전출[명]","명","0","0","0","0","0","0","0","0","0","0",
"41790","광주군","160","35 - 39세","T10[14STD04553]","총전입[명]","명","0","0","0","0","0","0","0","0","0","0",
"41790","광주군","160","35 - 39세","T20[14STD04553]","총전출[명]","명","0","0","0","0","0","0","0","0","0","0",
"41800","연천군","120","20 - 24세","T10[14STD04553]","총전입[명]","명","808","675","622","687","593","572","520","475","426","667",
"41800","연천군","120","20 - 24세","T20[14STD04553]","총전출[명]","명","597","606","567","518","490","519","452","461","406","447",
"41800","연천군","130","25 - 29세","T10[14STD04553]","총전입[명]","명","878","790","753","728","798","745","618","629","586","872",
"41800","연천군","130","25 - 29세","T20[14STD04553]","총전출[명]","명","930","986","1034","918","970","935","802","734","737","797",
"41800","연천군","150","30 - 34세","T10[14STD04553]","총전입[명]","명","648","492","475","414","481","443","418","536","439","641",
"41800","연천군","150","30 - 34세","T20[14STD04553]","총전출[명]","명","629","611","610","610","560","574","523","601","609","582",
"41800","연천군","160","35 - 39세","T10[14STD04553]","총전입[명]","명","443","405","359","353","387","357","277","316","249","351",
"41800","연천군","160","35 - 39세","T20[14STD04553]","총전출[명]","명","491","437","464","464","405","427","366","339","282","324",
"41810","포천군","120","20 - 24세","T10[14STD04553]","총전입[명]","명","0","0","0","0","0","0","0","0","0","0",
"41810","포천군","120","20 - 24세","T20[14STD04553]","총전출[명]","명","0","0","0","0","0","0","0","0","0","0",
"41810","포천군","130","25 - 29세","T10[14STD04553]","총전입[명]","명","0","0","0","0","0","0","0","0","0","0",
"41810","포천군","130","25 - 29세","T20[14STD04553]","총전출[명]","명","0","0","0","0","0","0","0","0","0","0",
"41810","포천군","150","30 - 34세","T10[14STD04553]","총전입[명]","명","0","0","0","0","0","0","0","0","0","0",
"41810","포천군","150","30 - 34세","T20[14STD04553]","총전출[명]","명","0","0","0","0","0","0","0","0","0","0",
"41810","포천군","160","35 - 39세","T10[14STD04553]","총전입[명]","명","0","0","0","0","0","0","0","0","0","0",
"41810","포천군","160","35 - 39세","T20[14STD04553]","총전출[명]","명","0","0","0","0","0","0","0","0","0","0",
"41820","가평군","120","20 - 24세","T10[14STD04553]","총전입[명]","명","556","560","531","508","586","604","492","485","474","449",
"41820","가평군","120","20 - 24세","T20[14STD04553]","총전출[명]","명","579","587","600","611","566","638","562","493","498","488",
"41820","가평군","130","25 - 29세","T10[14STD04553]","총전입[명]","명","718","715","722","725","851","835","726","715","784","640",
"41820","가평군","130","25 - 29세","T20[14STD04553]","총전출[명]","명","707","690","802","885","871","905","753","795","765","748",
"41820","가평군","150","30 - 34세","T10[14STD04553]","총전입[명]","명","718","622","554","535","561","538","523","628","632","574",
"41820","가평군","150","30 - 34세","T20[14STD04553]","총전출[명]","명","675","617","593","614","637","609","520","604","631","686",
"41820","가평군","160","35 - 39세","T10[14STD04553]","총전입[명]","명","589","582","625","505","483","530","371","495","380","349",
"41820","가평군","160","35 - 39세","T20[14STD04553]","총전출[명]","명","548","530","613","552","516","503","371","443","374","398",
"41830","양평군","120","20 - 24세","T10[14STD04553]","총전입[명]","명","1030","1071","978","927","1087","1110","945","973","991","841",
"41830","양평군","120","20 - 24세","T20[14STD04553]","총전출[명]","명","1093","1014","1177","1154","1135","1170","1125","1198","1131","1019",
"41830","양평군","130","25 - 29세","T10[14STD04553]","총전입[명]","명","1282","1206","1143","1179","1421","1456","1232","1308","1130","1094",
"41830","양평군","130","25 - 29세","T20[14STD04553]","총전출[명]","명","1322","1267","1334","1399","1387","1434","1318","1307","1245","1189",
"41830","양평군","150","30 - 34세","T10[14STD04553]","총전입[명]","명","1483","1336","1058","992","1087","1160","1084","1345","1203","1066",
"41830","양평군","150","30 - 34세","T20[14STD04553]","총전출[명]","명","1183","1072","1067","1099","1085","1085","1040","1094","1143","1145",
"41830","양평군","160","35 - 39세","T10[14STD04553]","총전입[명]","명","1528","1496","1322","1230","1204","1318","979","1110","1009","876",
"41830","양평군","160","35 - 39세","T20[14STD04553]","총전출[명]","명","1207","1153","1192","1128","1084","963","908","884","815","865",
"41840","이천군","120","20 - 24세","T10[14STD04553]","총전입[명]","명","0","0","0","0","0","0","0","0","0","0",
"41840","이천군","120","20 - 24세","T20[14STD04553]","총전출[명]","명","0","0","0","0","0","0","0","0","0","0",
"41840","이천군","130","25 - 29세","T10[14STD04553]","총전입[명]","명","0","0","0","0","0","0","0","0","0","0",
"41840","이천군","130","25 - 29세","T20[14STD04553]","총전출[명]","명","0","0","0","0","0","0","0","0","0","0",
"41840","이천군","150","30 - 34세","T10[14STD04553]","총전입[명]","명","0","0","0","0","0","0","0","0","0","0",
"41840","이천군","150","30 - 34세","T20[14STD04553]","총전출[명]","명","0","0","0","0","0","0","0","0","0","0",
"41840","이천군","160","35 - 39세","T10[14STD04553]","총전입[명]","명","0","0","0","0","0","0","0","0","0","0",
"41840","이천군","160","35 - 39세","T20[14STD04553]","총전출[명]","명","0","0","0","0","0","0","0","0","0","0",
"41850","용인군","120","20 - 24세","T10[14STD04553]","총전입[명]","명","0","0","0","0","0","0","0","0","0","0",
"41850","용인군","120","20 - 24세","T20[14STD04553]","총전출[명]","명","0","0","0","0","0","0","0","0","0","0",
"41850","용인군","130","25 - 29세","T10[14STD04553]","총전입[명]","명","0","0","0","0","0","0","0","0","0","0",
"41850","용인군","130","25 - 29세","T20[14STD04553]","총전출[명]","명","0","0","0","0","0","0","0","0","0","0",
"41850","용인군","150","30 - 34세","T10[14STD04553]","총전입[명]","명","0","0","0","0","0","0","0","0","0","0",
"41850","용인군","150","30 - 34세","T20[14STD04553]","총전출[명]","명","0","0","0","0","0","0","0","0","0","0",
"41850","용인군","160","35 - 39세","T10[14STD04553]","총전입[명]","명","0","0","0","0","0","0","0","0","0","0",
"41850","용인군","160","35 - 39세","T20[14STD04553]","총전출[명]","명","0","0","0","0","0","0","0","0","0","0",
"41860","안성군","120","20 - 24세","T10[14STD04553]","총전입[명]","명","0","0","0","0","0","0","0","0","0","0",
"41860","안성군","120","20 - 24세","T20[14STD04553]","총전출[명]","명","0","0","0","0","0","0","0","0","0","0",
"41860","안성군","130","25 - 29세","T10[14STD04553]","총전입[명]","명","0","0","0","0","0","0","0","0","0","0",
"41860","안성군","130","25 - 29세","T20[14STD04553]","총전출[명]","명","0","0","0","0","0","0","0","0","0","0",
"41860","안성군","150","30 - 34세","T10[14STD04553]","총전입[명]","명","0","0","0","0","0","0","0","0","0","0",
"41860","안성군","150","30 - 34세","T20[14STD04553]","총전출[명]","명","0","0","0","0","0","0","0","0","0","0",
"41860","안성군","160","35 - 39세","T10[14STD04553]","총전입[명]","명","0","0","0","0","0","0","0","0","0","0",
"41860","안성군","160","35 - 39세","T20[14STD04553]","총전출[명]","명","0","0","0","0","0","0","0","0","0","0",
"41870","김포군","120","20 - 24세","T10[14STD04553]","총전입[명]","명","0","0","0","0","0","0","0","0","0","0",
"41870","김포군","120","20 - 24세","T20[14STD04553]","총전출[명]","명","0","0","0","0","0","0","0","0","0","0",
"41870","김포군","130","25 - 29세","T10[14STD04553]","총전입[명]","명","0","0","0","0","0","0","0","0","0","0",
"41870","김포군","130","25 - 29세","T20[14STD04553]","총전출[명]","명","0","0","0","0","0","0","0","0","0","0",
"41870","김포군","150","30 - 34세","T10[14STD04553]","총전입[명]","명","0","0","0","0","0","0","0","0","0","0",
"41870","김포군","150","30 - 34세","T20[14STD04553]","총전출[명]","명","0","0","0","0","0","0","0","0","0","0",
"41870","김포군","160","35 - 39세","T10[14STD04553]","총전입[명]","명","0","0","0","0","0","0","0","0","0","0",
"41870","김포군","160","35 - 39세","T20[14STD04553]","총전출[명]","명","0","0","0","0","0","0","0","0","0","0",
"51110","춘천시","120","20 - 24세","T10[14STD04553]","총전입[명]","명","4150","4043","3896","4433","4787","5007","4915","4671","5076","4880",
"51110","춘천시","120","20 - 24세","T20[14STD04553]","총전출[명]","명","4096","3967","4102","4412","4663","4813","4463","4063","4435","4962",
"51110","춘천시","130","25 - 29세","T10[14STD04553]","총전입[명]","명","4809","4731","5151","5275","5803","6329","5873","5031","5310","5169",
"51110","춘천시","130","25 - 29세","T20[14STD04553]","총전출[명]","명","4878","5027","5424","5408","5991","6202","5571","5325","5646","5749",
"51110","춘천시","150","30 - 34세","T10[14STD04553]","총전입[명]","명","5002","4305","4319","4423","4630","4751","4510","3985","4654","4830",
"51110","춘천시","150","30 - 34세","T20[14STD04553]","총전출[명]","명","4654","4292","4321","4251","4414","4296","4232","3966","4702","4830",
"51110","춘천시","160","35 - 39세","T10[14STD04553]","총전입[명]","명","4140","3906","4031","4141","4237","3942","3551","2537","2821","3012",
"51110","춘천시","160","35 - 39세","T20[14STD04553]","총전출[명]","명","3728","3881","3937","3995","4049","3591","3306","2490","2904","2892",
"51130","원주시","120","20 - 24세","T10[14STD04553]","총전입[명]","명","5004","4661","4959","5308","5441","5112","5065","4633","4642","4642",
"51130","원주시","120","20 - 24세","T20[14STD04553]","총전출[명]","명","5128","4756","5179","5518","5685","5613","5246","5064","4982","5012",
"51130","원주시","130","25 - 29세","T10[14STD04553]","총전입[명]","명","5885","5686","6006","7006","7364","7506","6978","6494","6513","6436",
"51130","원주시","130","25 - 29세","T20[14STD04553]","총전출[명]","명","5613","5406","6003","6732","7049","7112","6452","6374","6509","6282",
"51130","원주시","150","30 - 34세","T10[14STD04553]","총전입[명]","명","6285","5419","5472","6127","6112","5600","5492","5556","5648","6179",
"51130","원주시","150","30 - 34세","T20[14STD04553]","총전출[명]","명","5572","5003","5217","5443","5367","5071","4970","5168","5416","5802",
"51130","원주시","160","35 - 39세","T10[14STD04553]","총전입[명]","명","5348","4739","5390","6121","5626","4829","4027","3800","3796","4011",
"51130","원주시","160","35 - 39세","T20[14STD04553]","총전출[명]","명","4881","4360","4944","5413","4937","4170","3634","3611","3526","3815",
"51150","강릉시","120","20 - 24세","T10[14STD04553]","총전입[명]","명","2561","2691","2711","3121","2862","2942","2719","2348","2517","2559",
"51150","강릉시","120","20 - 24세","T20[14STD04553]","총전출[명]","명","3359","3240","3297","3333","3729","3521","3104","2888","3050","2848",
"51150","강릉시","130","25 - 29세","T10[14STD04553]","총전입[명]","명","2813","2848","3127","3269","3459","3613","3103","3083","3254","3274",
"51150","강릉시","130","25 - 29세","T20[14STD04553]","총전출[명]","명","3165","3074","3581","3549","3751","3865","3337","3361","3540","3618",
"51150","강릉시","150","30 - 34세","T10[14STD04553]","총전입[명]","명","2836","2612","2725","2501","2519","2764","2197","2339","2807","2814",
"51150","강릉시","150","30 - 34세","T20[14STD04553]","총전출[명]","명","2880","2545","2792","2505","2459","2683","2245","2393","2878","2882",
"51150","강릉시","160","35 - 39세","T10[14STD04553]","총전입[명]","명","2769","2639","2977","2877","2801","2620","1909","1694","2048","2001",
"51150","강릉시","160","35 - 39세","T20[14STD04553]","총전출[명]","명","2647","2494","2900","2613","2488","2367","1896","1730","2052","1955",
"51170","동해시","120","20 - 24세","T10[14STD04553]","총전입[명]","명","878","1064","836","842","1110","969","848","718","864","773",
"51170","동해시","120","20 - 24세","T20[14STD04553]","총전출[명]","명","1254","1193","1306","1183","1344","1261","1197","1038","1167","1060",
"51170","동해시","130","25 - 29세","T10[14STD04553]","총전입[명]","명","1065","1151","1097","1130","1311","1407","1180","1099","1308","1206",
"51170","동해시","130","25 - 29세","T20[14STD04553]","총전출[명]","명","1211","1244","1313","1320","1421","1462","1231","1166","1313","1192",
"51170","동해시","150","30 - 34세","T10[14STD04553]","총전입[명]","명","1176","1105","947","871","1106","1005","858","842","967","877",
"51170","동해시","150","30 - 34세","T20[14STD04553]","총전출[명]","명","1110","1086","1129","936","1024","978","790","829","999","893",
"51170","동해시","160","35 - 39세","T10[14STD04553]","총전입[명]","명","1027","1042","1031","1064","1272","901","757","604","780","554",
"51170","동해시","160","35 - 39세","T20[14STD04553]","총전출[명]","명","1010","1068","1121","1010","1143","879","710","575","789","622",
"51190","태백시","120","20 - 24세","T10[14STD04553]","총전입[명]","명","488","402","377","365","340","295","292","311","270","263",
"51190","태백시","120","20 - 24세","T20[14STD04553]","총전출[명]","명","711","711","616","633","648","596","504","474","488","397",
"51190","태백시","130","25 - 29세","T10[14STD04553]","총전입[명]","명","482","379","419","360","389","370","318","448","391","336",
"51190","태백시","130","25 - 29세","T20[14STD04553]","총전출[명]","명","564","543","567","489","522","497","438","470","484","378",
"51190","태백시","150","30 - 34세","T10[14STD04553]","총전입[명]","명","547","424","381","342","316","254","283","384","288","293",
"51190","태백시","150","30 - 34세","T20[14STD04553]","총전출[명]","명","557","452","451","387","368","312","330","379","303","304",
"51190","태백시","160","35 - 39세","T10[14STD04553]","총전입[명]","명","611","496","467","428","340","284","277","344","292","216",
"51190","태백시","160","35 - 39세","T20[14STD04553]","총전출[명]","명","639","551","559","471","418","376","282","327","273","235",
"51210","속초시","120","20 - 24세","T10[14STD04553]","총전입[명]","명","1074","1092","934","971","1102","984","877","767","758","658",
"51210","속초시","120","20 - 24세","T20[14STD04553]","총전출[명]","명","1248","1284","1170","1225","1298","1187","1135","1087","1009","917",
"51210","속초시","130","25 - 29세","T10[14STD04553]","총전입[명]","명","1208","1335","1198","1282","1471","1526","1317","1299","1127","1138",
"51210","속초시","130","25 - 29세","T20[14STD04553]","총전출[명]","명","1222","1279","1363","1218","1422","1362","1186","1287","1237","1146",
"51210","속초시","150","30 - 34세","T10[14STD04553]","총전입[명]","명","1334","1341","1158","1156","1258","1191","1196","1187","1091","991",
"51210","속초시","150","30 - 34세","T20[14STD04553]","총전출[명]","명","1291","1256","1144","1044","1101","1121","1030","1173","1199","1088",
"51210","속초시","160","35 - 39세","T10[14STD04553]","총전입[명]","명","1267","1461","1187","1190","1360","1143","893","929","772","663",
"51210","속초시","160","35 - 39세","T20[14STD04553]","총전출[명]","명","1267","1294","1214","1103","1237","1013","841","911","787","757",
"51230","삼척시","120","20 - 24세","T10[14STD04553]","총전입[명]","명","1195","1085","1185","956","787","914","1013","824","895","816",
"51230","삼척시","120","20 - 24세","T20[14STD04553]","총전출[명]","명","1811","1657","1739","1546","1603","1350","1224","1170","1288","1281",
"51230","삼척시","130","25 - 29세","T10[14STD04553]","총전입[명]","명","712","643","973","663","712","654","717","597","777","650",
"51230","삼척시","130","25 - 29세","T20[14STD04553]","총전출[명]","명","1088","946","1217","1014","1013","1014","853","765","920","848",
"51230","삼척시","150","30 - 34세","T10[14STD04553]","총전입[명]","명","692","600","927","574","577","454","618","435","649","465",
"51230","삼척시","150","30 - 34세","T20[14STD04553]","총전출[명]","명","798","674","807","640","707","630","556","471","623","536",
"51230","삼척시","160","35 - 39세","T10[14STD04553]","총전입[명]","명","681","591","1045","558","544","409","538","326","530","279",
"51230","삼척시","160","35 - 39세","T20[14STD04553]","총전출[명]","명","748","631","946","580","697","504","493","354","543","342",
"51720","홍천군","120","20 - 24세","T10[14STD04553]","총전입[명]","명","526","553","455","488","849","595","483","428","416","415",
"51720","홍천군","120","20 - 24세","T20[14STD04553]","총전출[명]","명","621","621","619","650","719","757","713","601","551","528",
"51720","홍천군","130","25 - 29세","T10[14STD04553]","총전입[명]","명","711","723","723","748","971","767","831","706","674","622",
"51720","홍천군","130","25 - 29세","T20[14STD04553]","총전출[명]","명","901","828","911","903","891","996","878","776","797","779",
"51720","홍천군","150","30 - 34세","T10[14STD04553]","총전입[명]","명","619","624","576","512","581","551","649","500","590","516",
"51720","홍천군","150","30 - 34세","T20[14STD04553]","총전출[명]","명","762","682","675","677","585","679","684","543","684","577",
"51720","홍천군","160","35 - 39세","T10[14STD04553]","총전입[명]","명","571","604","566","504","509","438","477","341","428","353",
"51720","홍천군","160","35 - 39세","T20[14STD04553]","총전출[명]","명","577","582","535","588","559","547","442","355","421","380",
"51730","횡성군","120","20 - 24세","T10[14STD04553]","총전입[명]","명","357","334","368","281","294","283","225","213","221","198",
"51730","횡성군","120","20 - 24세","T20[14STD04553]","총전출[명]","명","450","480","443","491","493","449","362","341","328","344",
"51730","횡성군","130","25 - 29세","T10[14STD04553]","총전입[명]","명","312","368","378","360","378","365","322","290","270","284",
"51730","횡성군","130","25 - 29세","T20[14STD04553]","총전출[명]","명","430","474","457","478","488","452","399","395","333","368",
"51730","횡성군","150","30 - 34세","T10[14STD04553]","총전입[명]","명","354","302","352","265","249","307","257","237","236","248",
"51730","횡성군","150","30 - 34세","T20[14STD04553]","총전출[명]","명","384","369","344","329","335","352","289","270","281","299",
"51730","횡성군","160","35 - 39세","T10[14STD04553]","총전입[명]","명","298","310","359","307","300","280","227","187","187","181",
"51730","횡성군","160","35 - 39세","T20[14STD04553]","총전출[명]","명","318","284","313","367","299","321","206","210","214","190",
"51750","영월군","120","20 - 24세","T10[14STD04553]","총전입[명]","명","363","380","382","286","291","340","226","229","199","189",
"51750","영월군","120","20 - 24세","T20[14STD04553]","총전출[명]","명","573","518","554","606","606","572","436","425","381","367",
"51750","영월군","130","25 - 29세","T10[14STD04553]","총전입[명]","명","363","351","313","291","324","292","258","247","250","288",
"51750","영월군","130","25 - 29세","T20[14STD04553]","총전출[명]","명","404","444","461","450","431","431","331","298","351","345",
"51750","영월군","150","30 - 34세","T10[14STD04553]","총전입[명]","명","347","281","307","245","237","249","209","190","217","252",
"51750","영월군","150","30 - 34세","T20[14STD04553]","총전출[명]","명","388","335","352","278","295","277","212","222","247","241",
"51750","영월군","160","35 - 39세","T10[14STD04553]","총전입[명]","명","308","313","318","238","242","220","195","182","170","175",
"51750","영월군","160","35 - 39세","T20[14STD04553]","총전출[명]","명","321","275","318","239","236","245","156","159","177","172",
"51760","평창군","120","20 - 24세","T10[14STD04553]","총전입[명]","명","304","248","271","221","276","259","255","250","206","192",
"51760","평창군","120","20 - 24세","T20[14STD04553]","총전출[명]","명","389","372","389","384","401","384","358","357","329","330",
"51760","평창군","130","25 - 29세","T10[14STD04553]","총전입[명]","명","365","319","356","345","382","384","336","320","320","338",
"51760","평창군","130","25 - 29세","T20[14STD04553]","총전출[명]","명","419","400","487","470","456","495","390","330","349","422",
"51760","평창군","150","30 - 34세","T10[14STD04553]","총전입[명]","명","339","310","277","255","288","256","274","264","241","231",
"51760","평창군","150","30 - 34세","T20[14STD04553]","총전출[명]","명","407","351","367","300","380","349","279","257","266","302",
"51760","평창군","160","35 - 39세","T10[14STD04553]","총전입[명]","명","316","325","309","263","276","272","230","227","194","174",
"51760","평창군","160","35 - 39세","T20[14STD04553]","총전출[명]","명","309","346","334","308","337","285","216","203","190","227",
"51770","정선군","120","20 - 24세","T10[14STD04553]","총전입[명]","명","221","207","239","246","191","193","180","191","167","283",
"51770","정선군","120","20 - 24세","T20[14STD04553]","총전출[명]","명","329","328","330","345","352","340","309","329","301","236",
"51770","정선군","130","25 - 29세","T10[14STD04553]","총전입[명]","명","292","304","330","336","268","262","228","224","238","437",
"51770","정선군","130","25 - 29세","T20[14STD04553]","총전출[명]","명","409","376","438","401","364","401","320","311","264","290",
"51770","정선군","150","30 - 34세","T10[14STD04553]","총전입[명]","명","354","259","302","284","272","186","227","198","200","281",
"51770","정선군","150","30 - 34세","T20[14STD04553]","총전출[명]","명","422","345","340","335","332","271","270","219","220","193",
"51770","정선군","160","35 - 39세","T10[14STD04553]","총전입[명]","명","305","281","289","299","240","212","210","177","140","243",
"51770","정선군","160","35 - 39세","T20[14STD04553]","총전출[명]","명","363","324","341","354","279","262","229","194","186","174",
"51780","철원군","120","20 - 24세","T10[14STD04553]","총전입[명]","명","797","854","816","616","555","484","435","469","381","530",
"51780","철원군","120","20 - 24세","T20[14STD04553]","총전출[명]","명","812","716","683","675","608","678","540","479","491","453",
"51780","철원군","130","25 - 29세","T10[14STD04553]","총전입[명]","명","672","732","702","741","704","668","603","617","638","678",
"51780","철원군","130","25 - 29세","T20[14STD04553]","총전출[명]","명","980","1136","1108","1176","963","955","808","700","767","708",
"51780","철원군","150","30 - 34세","T10[14STD04553]","총전입[명]","명","555","512","484","519","444","478","424","400","488","507",
"51780","철원군","150","30 - 34세","T20[14STD04553]","총전출[명]","명","674","605","609","568","600","578","500","548","651","576",
"51780","철원군","160","35 - 39세","T10[14STD04553]","총전입[명]","명","421","389","449","437","379","341","274","277","288","279",
"51780","철원군","160","35 - 39세","T20[14STD04553]","총전출[명]","명","495","459","488","518","406","415","332","333","351","296",
"51790","화천군","120","20 - 24세","T10[14STD04553]","총전입[명]","명","636","721","353","581","572","444","299","457","419","396",
"51790","화천군","120","20 - 24세","T20[14STD04553]","총전출[명]","명","631","531","443","386","354","386","330","353","323","335",
"51790","화천군","130","25 - 29세","T10[14STD04553]","총전입[명]","명","489","515","456","614","557","496","454","461","465","518",
"51790","화천군","130","25 - 29세","T20[14STD04553]","총전출[명]","명","874","866","860","855","726","742","692","626","552","533",
"51790","화천군","150","30 - 34세","T10[14STD04553]","총전입[명]","명","447","470","374","392","357","352","302","396","357","424",
"51790","화천군","150","30 - 34세","T20[14STD04553]","총전출[명]","명","601","536","513","491","438","479","468","498","478","532",
"51790","화천군","160","35 - 39세","T10[14STD04553]","총전입[명]","명","330","364","317","298","280","290","190","229","240","191",
"51790","화천군","160","35 - 39세","T20[14STD04553]","총전출[명]","명","423","426","401","343","337","362","279","280","259","294",
"51800","양구군","120","20 - 24세","T10[14STD04553]","총전입[명]","명","651","557","385","394","438","318","269","240","228","282",
"51800","양구군","120","20 - 24세","T20[14STD04553]","총전출[명]","명","442","461","382","394","330","353","263","262","234","233",
"51800","양구군","130","25 - 29세","T10[14STD04553]","총전입[명]","명","418","420","431","373","484","428","264","284","333","361",
"51800","양구군","130","25 - 29세","T20[14STD04553]","총전출[명]","명","572","637","619","645","635","589","395","356","421","395",
"51800","양구군","150","30 - 34세","T10[14STD04553]","총전입[명]","명","306","304","299","266","295","237","207","222","270","272",
"51800","양구군","150","30 - 34세","T20[14STD04553]","총전출[명]","명","389","364","363","360","407","332","282","310","344","327",
"51800","양구군","160","35 - 39세","T10[14STD04553]","총전입[명]","명","241","248","246","219","204","193","167","152","119","155",
"51800","양구군","160","35 - 39세","T20[14STD04553]","총전출[명]","명","262","274","270","255","296","215","170","173","187","182",
"51810","인제군","120","20 - 24세","T10[14STD04553]","총전입[명]","명","430","543","496","497","483","746","462","505","419","377",
"51810","인제군","120","20 - 24세","T20[14STD04553]","총전출[명]","명","476","464","405","401","419","464","418","404","380","388",
"51810","인제군","130","25 - 29세","T10[14STD04553]","총전입[명]","명","528","589","576","630","749","955","666","633","627","593",
"51810","인제군","130","25 - 29세","T20[14STD04553]","총전출[명]","명","748","691","755","770","804","902","657","681","718","685",
"51810","인제군","150","30 - 34세","T10[14STD04553]","총전입[명]","명","529","587","466","491","569","703","481","513","578","593",
"51810","인제군","150","30 - 34세","T20[14STD04553]","총전출[명]","명","558","577","580","569","580","676","486","585","661","640",
"51810","인제군","160","35 - 39세","T10[14STD04553]","총전입[명]","명","393","441","445","404","521","572","396","354","334","306",
"51810","인제군","160","35 - 39세","T20[14STD04553]","총전출[명]","명","446","518","520","467","534","549","398","390","397","435",
"51820","고성군","120","20 - 24세","T10[14STD04553]","총전입[명]","명","811","831","372","310","308","357","305","305","226","262",
"51820","고성군","120","20 - 24세","T20[14STD04553]","총전출[명]","명","794","733","698","518","392","392","291","266","279","272",
"51820","고성군","130","25 - 29세","T10[14STD04553]","총전입[명]","명","445","514","358","348","339","439","363","327","319","356",
"51820","고성군","130","25 - 29세","T20[14STD04553]","총전출[명]","명","697","777","801","662","570","556","392","380","376","384",
"51820","고성군","150","30 - 34세","T10[14STD04553]","총전입[명]","명","325","365","265","211","203","396","257","301","291","263",
"51820","고성군","150","30 - 34세","T20[14STD04553]","총전출[명]","명","392","419","372","282","271","353","271","279","297","283",
"51820","고성군","160","35 - 39세","T10[14STD04553]","총전입[명]","명","345","432","289","250","299","426","217","282","221","190",
"51820","고성군","160","35 - 39세","T20[14STD04553]","총전출[명]","명","345","409","380","255","260","288","228","230","221","201",
"51830","양양군","120","20 - 24세","T10[14STD04553]","총전입[명]","명","232","246","236","277","245","304","200","191","171","165",
"51830","양양군","120","20 - 24세","T20[14STD04553]","총전출[명]","명","295","329","297","298","293","369","300","251","228","210",
"51830","양양군","130","25 - 29세","T10[14STD04553]","총전입[명]","명","261","304","278","302","332","347","296","282","238","247",
"51830","양양군","130","25 - 29세","T20[14STD04553]","총전출[명]","명","338","363","366","379","323","410","324","287","299","281",
"51830","양양군","150","30 - 34세","T10[14STD04553]","총전입[명]","명","269","263","269","279","290","263","254","249","199","239",
"51830","양양군","150","30 - 34세","T20[14STD04553]","총전출[명]","명","284","281","261","242","257","299","240","241","229","237",
"51830","양양군","160","35 - 39세","T10[14STD04553]","총전입[명]","명","305","334","352","353","353","305","274","215","182","216",
"51830","양양군","160","35 - 39세","T20[14STD04553]","총전출[명]","명","314","304","284","258","344","268","227","219","179","175",
"43110","청주시","120","20 - 24세","T10[14STD04553]","총전입[명]","명","10768","10446","11865","11750","14284","13427","12043","11543","11973","12156",
"43110","청주시","120","20 - 24세","T20[14STD04553]","총전출[명]","명","10820","10315","11669","11832","14125","13324","11850","11449","11750","11661",
"43110","청주시","130","25 - 29세","T10[14STD04553]","총전입[명]","명","13839","13808","16163","16280","20580","20401","18440","17805","17263","17110",
"43110","청주시","130","25 - 29세","T20[14STD04553]","총전출[명]","명","13684","13980","15837","16282","19784","19319","17633","17019","17025","16647",
"43110","청주시","150","30 - 34세","T10[14STD04553]","총전입[명]","명","13867","12300","13679","12929","15444","13951","13078","14861","15199","15460",
"43110","청주시","150","30 - 34세","T20[14STD04553]","총전출[명]","명","13858","12675","13631","12854","14800","13177","12632","14130","14878","14944",
"43110","청주시","160","35 - 39세","T10[14STD04553]","총전입[명]","명","10310","9875","12101","11363","13033","10867","8753","9455","9253","9256",
"43110","청주시","160","35 - 39세","T20[14STD04553]","총전출[명]","명","10461","10254","12061","11111","12648","10400","8628","9124","9031","8882",
"43130","충주시","120","20 - 24세","T10[14STD04553]","총전입[명]","명","2467","2229","2712","2655","2672","2832","2596","2792","2993","2847",
"43130","충주시","120","20 - 24세","T20[14STD04553]","총전출[명]","명","2919","2744","2939","3092","3111","3273","3002","2825","3069","3072",
"43130","충주시","130","25 - 29세","T10[14STD04553]","총전입[명]","명","2853","2786","3489","3545","3664","3844","3375","3470","3275","3437",
"43130","충주시","130","25 - 29세","T20[14STD04553]","총전출[명]","명","3119","3053","3466","3616","3726","4008","3512","3567","3347","3477",
"43130","충주시","150","30 - 34세","T10[14STD04553]","총전입[명]","명","2929","2735","3331","2988","2786","2879","2461","2836","2681","2886",
"43130","충주시","150","30 - 34세","T20[14STD04553]","총전출[명]","명","2935","2711","3017","2894","2832","2922","2473","2719","2703","2834",
"43130","충주시","160","35 - 39세","T10[14STD04553]","총전입[명]","명","2555","2603","3293","3326","2561","2490","1798","1933","1700","1915",
"43130","충주시","160","35 - 39세","T20[14STD04553]","총전출[명]","명","2423","2403","2883","3166","2560","2426","1813","1804","1662","1840",
"43150","제천시","120","20 - 24세","T10[14STD04553]","총전입[명]","명","2014","1785","1543","1767","1465","1661","1964","2018","1725","1721",
"43150","제천시","120","20 - 24세","T20[14STD04553]","총전출[명]","명","2142","2294","2302","2232","2240","2156","1909","2073","2436","2163",
"43150","제천시","130","25 - 29세","T10[14STD04553]","총전입[명]","명","1711","1736","1865","1915","1854","1881","1851","1664","1785","1905",
"43150","제천시","130","25 - 29세","T20[14STD04553]","총전출[명]","명","2001","2013","2230","2281","2177","2171","2079","1955","2040","2095",
"43150","제천시","150","30 - 34세","T10[14STD04553]","총전입[명]","명","1754","1724","1456","1523","1345","1327","1230","1120","1336","1642",
"43150","제천시","150","30 - 34세","T20[14STD04553]","총전출[명]","명","1710","1763","1507","1528","1478","1402","1321","1263","1411","1675",
"43150","제천시","160","35 - 39세","T10[14STD04553]","총전입[명]","명","1538","1718","1588","1439","1299","1122","914","847","856","1131",
"43150","제천시","160","35 - 39세","T20[14STD04553]","총전출[명]","명","1477","1626","1525","1449","1339","1227","935","875","922","1136",
"43710","청원군","120","20 - 24세","T10[14STD04553]","총전입[명]","명","0","0","0","0","0","0","0","0","0","0",
"43710","청원군","120","20 - 24세","T20[14STD04553]","총전출[명]","명","0","0","0","0","0","0","0","0","0","0",
"43710","청원군","130","25 - 29세","T10[14STD04553]","총전입[명]","명","0","0","0","0","0","0","0","0","0","0",
"43710","청원군","130","25 - 29세","T20[14STD04553]","총전출[명]","명","0","0","0","0","0","0","0","0","0","0",
"43710","청원군","150","30 - 34세","T10[14STD04553]","총전입[명]","명","0","0","0","0","0","0","0","0","0","0",
"43710","청원군","150","30 - 34세","T20[14STD04553]","총전출[명]","명","0","0","0","0","0","0","0","0","0","0",
"43710","청원군","160","35 - 39세","T10[14STD04553]","총전입[명]","명","0","0","0","0","0","0","0","0","0","0",
"43710","청원군","160","35 - 39세","T20[14STD04553]","총전출[명]","명","0","0","0","0","0","0","0","0","0","0",
"43720","보은군","120","20 - 24세","T10[14STD04553]","총전입[명]","명","226","190","195","187","219","211","151","150","150","168",
"43720","보은군","120","20 - 24세","T20[14STD04553]","총전출[명]","명","318","299","297","322","358","336","266","264","253","243",
"43720","보은군","130","25 - 29세","T10[14STD04553]","총전입[명]","명","234","260","232","222","256","263","227","205","207","272",
"43720","보은군","130","25 - 29세","T20[14STD04553]","총전출[명]","명","342","295","323","355","379","339","280","261","243","265",
"43720","보은군","150","30 - 34세","T10[14STD04553]","총전입[명]","명","271","227","190","208","185","179","157","172","155","223",
"43720","보은군","150","30 - 34세","T20[14STD04553]","총전출[명]","명","261","236","273","275","249","227","196","185","177","195",
"43720","보은군","160","35 - 39세","T10[14STD04553]","총전입[명]","명","224","247","235","215","209","193","179","122","117","168",
"43720","보은군","160","35 - 39세","T20[14STD04553]","총전출[명]","명","232","266","243","242","226","221","147","133","138","125",
"43730","옥천군","120","20 - 24세","T10[14STD04553]","총전입[명]","명","341","332","368","356","356","333","308","300","272","408",
"43730","옥천군","120","20 - 24세","T20[14STD04553]","총전출[명]","명","489","487","531","487","552","555","453","396","421","452",
"43730","옥천군","130","25 - 29세","T10[14STD04553]","총전입[명]","명","340","372","384","380","406","392","321","313","314","490",
"43730","옥천군","130","25 - 29세","T20[14STD04553]","총전출[명]","명","507","486","531","545","596","602","436","396","410","412",
"43730","옥천군","150","30 - 34세","T10[14STD04553]","총전입[명]","명","323","262","298","291","286","322","230","237","248","426",
"43730","옥천군","150","30 - 34세","T20[14STD04553]","총전출[명]","명","387","380","302","328","322","344","288","269","309","279",
"43730","옥천군","160","35 - 39세","T10[14STD04553]","총전입[명]","명","314","312","313","247","284","285","205","166","189","311",
"43730","옥천군","160","35 - 39세","T20[14STD04553]","총전출[명]","명","319","337","325","259","321","260","207","182","174","182",
"43740","영동군","120","20 - 24세","T10[14STD04553]","총전입[명]","명","711","550","640","447","417","294","338","265","319","357",
"43740","영동군","120","20 - 24세","T20[14STD04553]","총전출[명]","명","981","812","774","807","887","787","580","498","463","443",
"43740","영동군","130","25 - 29세","T10[14STD04553]","총전입[명]","명","521","498","521","430","457","366","398","370","348","415",
"43740","영동군","130","25 - 29세","T20[14STD04553]","총전출[명]","명","689","656","735","684","694","647","474","462","452","443",
"43740","영동군","150","30 - 34세","T10[14STD04553]","총전입[명]","명","481","462","388","367","292","266","252","268","255","319",
"43740","영동군","150","30 - 34세","T20[14STD04553]","총전출[명]","명","519","491","476","478","457","388","368","291","268","330",
"43740","영동군","160","35 - 39세","T10[14STD04553]","총전입[명]","명","394","361","328","300","306","257","217","192","190","214",
"43740","영동군","160","35 - 39세","T20[14STD04553]","총전출[명]","명","380","385","395","351","365","340","243","195","211","206",
"43745","증평군","120","20 - 24세","T10[14STD04553]","총전입[명]","명","383","414","356","452","458","473","416","353","334","367",
"43745","증평군","120","20 - 24세","T20[14STD04553]","총전출[명]","명","394","340","415","429","487","486","389","358","437","383",
"43745","증평군","130","25 - 29세","T10[14STD04553]","총전입[명]","명","478","534","482","583","625","615","716","602","544","522",
"43745","증평군","130","25 - 29세","T20[14STD04553]","총전출[명]","명","457","451","528","582","675","631","562","562","540","558",
"43745","증평군","150","30 - 34세","T10[14STD04553]","총전입[명]","명","506","436","413","422","435","393","515","457","434","411",
"43745","증평군","150","30 - 34세","T20[14STD04553]","총전출[명]","명","426","408","492","452","453","528","398","425","482","464",
"43745","증평군","160","35 - 39세","T10[14STD04553]","총전입[명]","명","400","384","349","338","360","349","349","312","271","237",
"43745","증평군","160","35 - 39세","T20[14STD04553]","총전출[명]","명","347","419","415","383","441","417","282","283","291","299",
"43750","진천군","120","20 - 24세","T10[14STD04553]","총전입[명]","명","722","879","1001","983","987","986","889","775","716","773",
"43750","진천군","120","20 - 24세","T20[14STD04553]","총전출[명]","명","756","780","834","986","1075","1048","846","953","929","929",
"43750","진천군","130","25 - 29세","T10[14STD04553]","총전입[명]","명","899","1289","1452","1524","1638","1665","1580","1391","1352","1395",
"43750","진천군","130","25 - 29세","T20[14STD04553]","총전출[명]","명","796","914","989","1155","1280","1387","1326","1302","1374","1266",
"43750","진천군","150","30 - 34세","T10[14STD04553]","총전입[명]","명","1060","1414","1461","1263","1315","1204","1096","1051","1254","1189",
"43750","진천군","150","30 - 34세","T20[14STD04553]","총전출[명]","명","863","852","980","939","1016","1022","1021","1050","1220","1195",
"43750","진천군","160","35 - 39세","T10[14STD04553]","총전입[명]","명","954","1211","1630","1222","1285","955","803","750","913","773",
"43750","진천군","160","35 - 39세","T20[14STD04553]","총전출[명]","명","749","764","998","909","940","863","755","733","750","802",
"43760","괴산군","120","20 - 24세","T10[14STD04553]","총전입[명]","명","408","683","462","531","548","355","264","224","336","440",
"43760","괴산군","120","20 - 24세","T20[14STD04553]","총전출[명]","명","485","459","581","631","767","721","493","347","345","381",
"43760","괴산군","130","25 - 29세","T10[14STD04553]","총전입[명]","명","387","334","424","478","577","436","259","287","320","495",
"43760","괴산군","130","25 - 29세","T20[14STD04553]","총전출[명]","명","425","480","474","537","642","674","440","367","365","295",
"43760","괴산군","150","30 - 34세","T10[14STD04553]","총전입[명]","명","369","320","321","346","357","300","236","211","250","424",
"43760","괴산군","150","30 - 34세","T20[14STD04553]","총전출[명]","명","407","383","323","334","399","460","289","251","286","282",
"43760","괴산군","160","35 - 39세","T10[14STD04553]","총전입[명]","명","354","340","371","395","401","348","253","202","178","303",
"43760","괴산군","160","35 - 39세","T20[14STD04553]","총전출[명]","명","346","376","354","361","402","434","271","201","236","172",
"43770","음성군","120","20 - 24세","T10[14STD04553]","총전입[명]","명","971","901","887","937","904","905","850","756","887","1071",
"43770","음성군","120","20 - 24세","T20[14STD04553]","총전출[명]","명","1045","1147","1091","1122","1244","1196","1084","1013","986","1057",
"43770","음성군","130","25 - 29세","T10[14STD04553]","총전입[명]","명","1414","1391","1486","1505","1469","1492","1356","1299","1484","1809",
"43770","음성군","130","25 - 29세","T20[14STD04553]","총전출[명]","명","1282","1501","1531","1548","1638","1507","1319","1282","1286","1357",
"43770","음성군","150","30 - 34세","T10[14STD04553]","총전입[명]","명","1432","1255","1176","1028","971","1048","983","1021","1311","1624",
"43770","음성군","150","30 - 34세","T20[14STD04553]","총전출[명]","명","1264","1357","1308","1170","1222","1178","1027","1057","1324","1241",
"43770","음성군","160","35 - 39세","T10[14STD04553]","총전입[명]","명","1137","1165","1072","938","856","810","747","591","864","1057",
"43770","음성군","160","35 - 39세","T20[14STD04553]","총전출[명]","명","1072","1242","1394","1097","1075","858","693","680","838","745",
"43800","단양군","120","20 - 24세","T10[14STD04553]","총전입[명]","명","178","192","209","204","170","170","132","134","130","147",
"43800","단양군","120","20 - 24세","T20[14STD04553]","총전출[명]","명","270","264","267","314","270","302","256","220","215","217",
"43800","단양군","130","25 - 29세","T10[14STD04553]","총전입[명]","명","211","229","289","240","235","210","206","224","226","211",
"43800","단양군","130","25 - 29세","T20[14STD04553]","총전출[명]","명","292","285","330","323","375","333","263","250","243","250",
"43800","단양군","150","30 - 34세","T10[14STD04553]","총전입[명]","명","204","205","216","156","149","138","166","192","139","140",
"43800","단양군","150","30 - 34세","T20[14STD04553]","총전출[명]","명","261","240","201","242","227","211","170","180","173","180",
"43800","단양군","160","35 - 39세","T10[14STD04553]","총전입[명]","명","193","199","223","150","148","143","119","164","111","93",
"43800","단양군","160","35 - 39세","T20[14STD04553]","총전출[명]","명","203","224","239","185","182","164","126","146","118","101",
"44130","천안시","120","20 - 24세","T10[14STD04553]","총전입[명]","명","9999","10365","11132","10348","12019","11424","10986","10594","11275","11405",
"44130","천안시","120","20 - 24세","T20[14STD04553]","총전출[명]","명","8881","9162","10072","9586","11144","10998","10379","9766","10538","10611",
"44130","천안시","130","25 - 29세","T10[14STD04553]","총전입[명]","명","13845","14194","15995","15089","17241","16160","14850","14233","14887","14441",
"44130","천안시","130","25 - 29세","T20[14STD04553]","총전출[명]","명","12366","12325","14303","14165","15984","15901","14678","13943","14495","13791",
"44130","천안시","150","30 - 34세","T10[14STD04553]","총전입[명]","명","14139","13046","13974","11675","13781","11437","10795","11429","12775","12721",
"44130","천안시","150","30 - 34세","T20[14STD04553]","총전출[명]","명","12943","11837","12446","10999","12930","11868","11238","12307","12661","12275",
"44130","천안시","160","35 - 39세","T10[14STD04553]","총전입[명]","명","9991","10776","11779","9490","10847","8590","7314","7469","8188","7922",
"44130","천안시","160","35 - 39세","T20[14STD04553]","총전출[명]","명","9093","9513","10431","9309","10488","8863","7977","8500","8210","7871",
"44150","공주시","120","20 - 24세","T10[14STD04553]","총전입[명]","명","1408","1396","1536","1387","1305","1527","1699","1527","1529","1413",
"44150","공주시","120","20 - 24세","T20[14STD04553]","총전출[명]","명","1570","1649","1782","1656","1908","1711","1580","1561","1671","1778",
"44150","공주시","130","25 - 29세","T10[14STD04553]","총전입[명]","명","1293","1373","1474","1362","1457","1449","1353","1335","1181","1095",
"44150","공주시","130","25 - 29세","T20[14STD04553]","총전출[명]","명","1679","1702","1801","1765","1949","1754","1642","1488","1500","1397",
"44150","공주시","150","30 - 34세","T10[14STD04553]","총전입[명]","명","1100","1171","1311","1043","1069","1027","912","966","890","833",
"44150","공주시","150","30 - 34세","T20[14STD04553]","총전출[명]","명","1341","1399","1441","1168","1305","1173","1051","1046","1012","1000",
"44150","공주시","160","35 - 39세","T10[14STD04553]","총전입[명]","명","960","1142","1344","1037","1021","890","698","738","702","545",
"44150","공주시","160","35 - 39세","T20[14STD04553]","총전출[명]","명","1047","1258","1295","1080","1100","921","717","756","723","649",
"44180","보령시","120","20 - 24세","T10[14STD04553]","총전입[명]","명","990","1049","920","995","1158","991","900","774","747","743",
"44180","보령시","120","20 - 24세","T20[14STD04553]","총전출[명]","명","1247","1318","1215","1273","1525","1383","1244","1174","1068","944",
"44180","보령시","130","25 - 29세","T10[14STD04553]","총전입[명]","명","1170","1221","1148","1238","1445","1356","1289","1125","1026","1123",
"44180","보령시","130","25 - 29세","T20[14STD04553]","총전출[명]","명","1351","1376","1326","1410","1687","1517","1402","1270","1174","1185",
"44180","보령시","150","30 - 34세","T10[14STD04553]","총전입[명]","명","1133","1322","946","1035","1092","989","879","929","726","874",
"44180","보령시","150","30 - 34세","T20[14STD04553]","총전출[명]","명","1246","1327","1050","1133","1209","1082","948","986","952","964",
"44180","보령시","160","35 - 39세","T10[14STD04553]","총전입[명]","명","1036","1382","986","1021","1193","878","768","769","591","575",
"44180","보령시","160","35 - 39세","T20[14STD04553]","총전출[명]","명","1095","1361","1044","1078","1182","978","775","798","683","681",
"44200","아산시","120","20 - 24세","T10[14STD04553]","총전입[명]","명","3416","3662","3572","3464","4118","4531","4402","4318","4753","4233",
"44200","아산시","120","20 - 24세","T20[14STD04553]","총전출[명]","명","3458","3395","3465","3579","4310","4270","4148","4044","4282","4336",
"44200","아산시","130","25 - 29세","T10[14STD04553]","총전입[명]","명","5286","5995","5632","5449","6412","7233","6764","7079","7502","6376",
"44200","아산시","130","25 - 29세","T20[14STD04553]","총전출[명]","명","4965","5058","5260","5169","5839","5871","5506","5730","5803","5737",
"44200","아산시","150","30 - 34세","T10[14STD04553]","총전입[명]","명","6309","6638","5112","4599","5221","6040","5966","7609","6739","5694",
"44200","아산시","150","30 - 34세","T20[14STD04553]","총전출[명]","명","5907","5393","4986","4419","5053","4605","4536","5541","5285","5129",
"44200","아산시","160","35 - 39세","T10[14STD04553]","총전입[명]","명","4971","6146","4630","4188","4793","5208","5119","5998","4593","3952",
"44200","아산시","160","35 - 39세","T20[14STD04553]","총전출[명]","명","4608","5318","4895","4250","4866","4295","3820","4365","3675","3448",
"44210","서산시","120","20 - 24세","T10[14STD04553]","총전입[명]","명","1817","1801","2277","1857","2060","2196","1810","1734","1858","1772",
"44210","서산시","120","20 - 24세","T20[14STD04553]","총전출[명]","명","2073","2027","2434","2194","2469","2638","2156","2050","2186","2125",
"44210","서산시","130","25 - 29세","T10[14STD04553]","총전입[명]","명","2729","2590","3413","2958","3204","3344","3010","2702","2763","2536",
"44210","서산시","130","25 - 29세","T20[14STD04553]","총전출[명]","명","2498","2452","3129","2864","2948","3130","2797","2568","2804","2618",
"44210","서산시","150","30 - 34세","T10[14STD04553]","총전입[명]","명","2559","2497","3136","2282","2341","2663","2152","2215","2189","1950",
"44210","서산시","150","30 - 34세","T20[14STD04553]","총전출[명]","명","2528","2346","2792","2168","2272","2549","2167","2212","2431","2150",
"44210","서산시","160","35 - 39세","T10[14STD04553]","총전입[명]","명","2145","2341","2996","2225","2014","2197","1554","1525","1529","1271",
"44210","서산시","160","35 - 39세","T20[14STD04553]","총전출[명]","명","2147","2244","2739","2128","1929","2082","1550","1538","1652","1466",
"44230","논산시","120","20 - 24세","T10[14STD04553]","총전입[명]","명","1223","1092","1028","1155","1192","1135","1014","904","899","1013",
"44230","논산시","120","20 - 24세","T20[14STD04553]","총전출[명]","명","1690","1632","1477","1583","1702","1635","1391","1259","1296","1262",
"44230","논산시","130","25 - 29세","T10[14STD04553]","총전입[명]","명","1387","1385","1347","1505","1507","1552","1358","1235","1241","1360",
"44230","논산시","130","25 - 29세","T20[14STD04553]","총전출[명]","명","1586","1646","1622","1694","1808","1697","1484","1367","1446","1362",
"44230","논산시","150","30 - 34세","T10[14STD04553]","총전입[명]","명","1292","1312","1099","1120","1092","1050","991","960","1022","1097",
"44230","논산시","150","30 - 34세","T20[14STD04553]","총전출[명]","명","1490","1356","1311","1230","1307","1250","1124","1195","1110","1218",
"44230","논산시","160","35 - 39세","T10[14STD04553]","총전입[명]","명","1128","1166","1081","1096","967","896","813","661","706","805",
"44230","논산시","160","35 - 39세","T20[14STD04553]","총전출[명]","명","1155","1179","1198","1167","1091","933","768","757","694","809",
"44250","계룡시","120","20 - 24세","T10[14STD04553]","총전입[명]","명","583","623","569","601","649","598","549","689","582","513",
"44250","계룡시","120","20 - 24세","T20[14STD04553]","총전출[명]","명","755","776","738","871","967","879","819","828","811","810",
"44250","계룡시","130","25 - 29세","T10[14STD04553]","총전입[명]","명","611","690","579","643","697","752","805","936","720","735",
"44250","계룡시","130","25 - 29세","T20[14STD04553]","총전출[명]","명","606","659","734","720","810","799","762","825","741","809",
"44250","계룡시","150","30 - 34세","T10[14STD04553]","총전입[명]","명","773","813","581","616","658","830","815","1051","725","708",
"44250","계룡시","150","30 - 34세","T20[14STD04553]","총전출[명]","명","625","662","643","680","594","627","562","658","677","701",
"44250","계룡시","160","35 - 39세","T10[14STD04553]","총전입[명]","명","878","1101","867","835","929","945","932","1143","651","600",
"44250","계룡시","160","35 - 39세","T20[14STD04553]","총전출[명]","명","766","878","753","820","857","737","648","737","572","651",
"44270","당진시","120","20 - 24세","T10[14STD04553]","총전입[명]","명","1864","1773","1542","1390","1506","1722","1548","1434","1538","1390",
"44270","당진시","120","20 - 24세","T20[14STD04553]","총전출[명]","명","1926","1798","1732","1761","1927","1948","1821","1751","1767","1789",
"44270","당진시","130","25 - 29세","T10[14STD04553]","총전입[명]","명","2998","2602","2813","2310","2432","2652","2512","2529","2787","2636",
"44270","당진시","130","25 - 29세","T20[14STD04553]","총전출[명]","명","2676","2407","2764","2353","2552","2515","2334","2142","2347","2197",
"44270","당진시","150","30 - 34세","T10[14STD04553]","총전입[명]","명","3257","2492","2722","2035","2267","2441","2182","2482","2660","2365",
"44270","당진시","150","30 - 34세","T20[14STD04553]","총전출[명]","명","3069","2478","2723","2122","2417","2496","1948","2144","2313","2088",
"44270","당진시","160","35 - 39세","T10[14STD04553]","총전입[명]","명","2670","2224","2438","1841","2113","2308","1816","2181","2279","1750",
"44270","당진시","160","35 - 39세","T20[14STD04553]","총전출[명]","명","2575","2251","2480","1976","2249","2197","1661","1852","2029","1596",
"44710","금산군","120","20 - 24세","T10[14STD04553]","총전입[명]","명","388","299","316","339","345","325","322","323","424","383",
"44710","금산군","120","20 - 24세","T20[14STD04553]","총전출[명]","명","499","477","460","517","609","584","489","457","492","551",
"44710","금산군","130","25 - 29세","T10[14STD04553]","총전입[명]","명","443","375","433","369","380","362","390","369","346","343",
"44710","금산군","130","25 - 29세","T20[14STD04553]","총전출[명]","명","592","575","580","564","558","551","474","436","426","436",
"44710","금산군","150","30 - 34세","T10[14STD04553]","총전입[명]","명","400","379","323","306","304","262","283","328","262","239",
"44710","금산군","150","30 - 34세","T20[14STD04553]","총전출[명]","명","508","469","437","374","423","350","292","278","306","310",
"44710","금산군","160","35 - 39세","T10[14STD04553]","총전입[명]","명","399","343","357","307","298","228","236","254","201","217",
"44710","금산군","160","35 - 39세","T20[14STD04553]","총전출[명]","명","404","426","391","362","341","267","250","219","205","212",
"44730","연기군","120","20 - 24세","T10[14STD04553]","총전입[명]","명","0","0","0","0","0","0","0","0","0","0",
"44730","연기군","120","20 - 24세","T20[14STD04553]","총전출[명]","명","0","0","0","0","0","0","0","0","0","0",
"44730","연기군","130","25 - 29세","T10[14STD04553]","총전입[명]","명","0","0","0","0","0","0","0","0","0","0",
"44730","연기군","130","25 - 29세","T20[14STD04553]","총전출[명]","명","0","0","0","0","0","0","0","0","0","0",
"44730","연기군","150","30 - 34세","T10[14STD04553]","총전입[명]","명","0","0","0","0","0","0","0","0","0","0",
"44730","연기군","150","30 - 34세","T20[14STD04553]","총전출[명]","명","0","0","0","0","0","0","0","0","0","0",
"44730","연기군","160","35 - 39세","T10[14STD04553]","총전입[명]","명","0","0","0","0","0","0","0","0","0","0",
"44730","연기군","160","35 - 39세","T20[14STD04553]","총전출[명]","명","0","0","0","0","0","0","0","0","0","0",
"44750","논산군","120","20 - 24세","T10[14STD04553]","총전입[명]","명","0","0","0","0","0","0","0","0","0","0",
"44750","논산군","120","20 - 24세","T20[14STD04553]","총전출[명]","명","0","0","0","0","0","0","0","0","0","0",
"44750","논산군","130","25 - 29세","T10[14STD04553]","총전입[명]","명","0","0","0","0","0","0","0","0","0","0",
"44750","논산군","130","25 - 29세","T20[14STD04553]","총전출[명]","명","0","0","0","0","0","0","0","0","0","0",
"44750","논산군","150","30 - 34세","T10[14STD04553]","총전입[명]","명","0","0","0","0","0","0","0","0","0","0",
"44750","논산군","150","30 - 34세","T20[14STD04553]","총전출[명]","명","0","0","0","0","0","0","0","0","0","0",
"44750","논산군","160","35 - 39세","T10[14STD04553]","총전입[명]","명","0","0","0","0","0","0","0","0","0","0",
"44750","논산군","160","35 - 39세","T20[14STD04553]","총전출[명]","명","0","0","0","0","0","0","0","0","0","0",
"44760","부여군","120","20 - 24세","T10[14STD04553]","총전입[명]","명","495","458","494","400","423","380","361","306","338","346",
"44760","부여군","120","20 - 24세","T20[14STD04553]","총전출[명]","명","742","703","782","753","801","721","699","575","569","548",
"44760","부여군","130","25 - 29세","T10[14STD04553]","총전입[명]","명","574","512","557","476","533","561","504","407","426","464",
"44760","부여군","130","25 - 29세","T20[14STD04553]","총전출[명]","명","807","769","780","742","809","748","647","597","617","571",
"44760","부여군","150","30 - 34세","T10[14STD04553]","총전입[명]","명","547","400","472","374","374","336","332","306","322","310",
"44760","부여군","150","30 - 34세","T20[14STD04553]","총전출[명]","명","618","513","596","514","494","441","404","369","401","360",
"44760","부여군","160","35 - 39세","T10[14STD04553]","총전입[명]","명","476","445","526","369","400","355","253","252","249","226",
"44760","부여군","160","35 - 39세","T20[14STD04553]","총전출[명]","명","480","499","510","404","417","388","306","235","250","249",
"44770","서천군","120","20 - 24세","T10[14STD04553]","총전입[명]","명","334","247","268","302","286","301","268","249","232","263",
"44770","서천군","120","20 - 24세","T20[14STD04553]","총전출[명]","명","521","463","503","487","561","489","459","430","387","373",
"44770","서천군","130","25 - 29세","T10[14STD04553]","총전입[명]","명","401","349","376","358","424","420","385","344","399","359",
"44770","서천군","130","25 - 29세","T20[14STD04553]","총전출[명]","명","521","535","558","529","580","588","465","441","426","382",
"44770","서천군","150","30 - 34세","T10[14STD04553]","총전입[명]","명","392","330","291","287","351","302","300","268","258","269",
"44770","서천군","150","30 - 34세","T20[14STD04553]","총전출[명]","명","484","375","386","335","443","407","320","275","325","324",
"44770","서천군","160","35 - 39세","T10[14STD04553]","총전입[명]","명","353","298","316","256","331","292","235","190","189","205",
"44770","서천군","160","35 - 39세","T20[14STD04553]","총전출[명]","명","385","320","369","331","385","306","237","176","204","223",
"44790","청양군","120","20 - 24세","T10[14STD04553]","총전입[명]","명","396","424","389","331","290","304","284","276","284","309",
"44790","청양군","120","20 - 24세","T20[14STD04553]","총전출[명]","명","381","430","530","585","613","502","396","379","425","482",
"44790","청양군","130","25 - 29세","T10[14STD04553]","총전입[명]","명","305","316","296","309","277","298","266","275","256","306",
"44790","청양군","130","25 - 29세","T20[14STD04553]","총전출[명]","명","348","354","420","403","416","399","346","297","330","332",
"44790","청양군","150","30 - 34세","T10[14STD04553]","총전입[명]","명","271","219","204","190","183","197","198","198","165","210",
"44790","청양군","150","30 - 34세","T20[14STD04553]","총전출[명]","명","272","296","257","257","256","260","225","214","204","215",
"44790","청양군","160","35 - 39세","T10[14STD04553]","총전입[명]","명","256","226","223","203","167","175","164","144","118","161",
"44790","청양군","160","35 - 39세","T20[14STD04553]","총전출[명]","명","224","230","283","240","231","175","149","126","153","147",
"44800","홍성군","120","20 - 24세","T10[14STD04553]","총전입[명]","명","1176","1001","1004","903","922","932","793","855","925","904",
"44800","홍성군","120","20 - 24세","T20[14STD04553]","총전출[명]","명","1133","1086","1236","1274","1330","1344","1181","1156","1166","1153",
"44800","홍성군","130","25 - 29세","T10[14STD04553]","총전입[명]","명","1487","1217","1162","1145","1339","1203","1220","1212","1475","1429",
"44800","홍성군","130","25 - 29세","T20[14STD04553]","총전출[명]","명","1173","1242","1324","1317","1463","1349","1157","1219","1203","1196",
"44800","홍성군","150","30 - 34세","T10[14STD04553]","총전입[명]","명","1971","1154","1002","977","1009","930","849","1119","1450","1303",
"44800","홍성군","150","30 - 34세","T20[14STD04553]","총전출[명]","명","1244","984","1060","941","1026","917","885","1041","1001","1000",
"44800","홍성군","160","35 - 39세","T10[14STD04553]","총전입[명]","명","1832","1114","1006","905","909","790","614","796","959","935",
"44800","홍성군","160","35 - 39세","T20[14STD04553]","총전출[명]","명","1102","879","1057","912","916","746","690","729","731","619",
"44810","예산군","120","20 - 24세","T10[14STD04553]","총전입[명]","명","550","477","619","553","552","541","526","557","582","573",
"44810","예산군","120","20 - 24세","T20[14STD04553]","총전출[명]","명","866","740","772","851","891","838","752","685","716","701",
"44810","예산군","130","25 - 29세","T10[14STD04553]","총전입[명]","명","651","617","825","624","782","728","782","856","877","831",
"44810","예산군","130","25 - 29세","T20[14STD04553]","총전출[명]","명","959","866","939","861","1042","902","853","795","910","805",
"44810","예산군","150","30 - 34세","T10[14STD04553]","총전입[명]","명","561","562","599","516","563","608","744","858","862","732",
"44810","예산군","150","30 - 34세","T20[14STD04553]","총전출[명]","명","870","657","655","595","659","676","613","685","758","662",
"44810","예산군","160","35 - 39세","T10[14STD04553]","총전입[명]","명","529","505","615","565","520","478","632","706","739","546",
"44810","예산군","160","35 - 39세","T20[14STD04553]","총전출[명]","명","695","587","580","550","560","554","425","507","525","482",
"44825","태안군","120","20 - 24세","T10[14STD04553]","총전입[명]","명","536","505","483","465","442","449","416","400","390","409",
"44825","태안군","120","20 - 24세","T20[14STD04553]","총전출[명]","명","649","610","723","696","736","707","574","568","540","549",
"44825","태안군","130","25 - 29세","T10[14STD04553]","총전입[명]","명","600","563","565","575","619","632","547","565","538","612",
"44825","태안군","130","25 - 29세","T20[14STD04553]","총전출[명]","명","679","635","762","684","796","770","620","611","573","618",
"44825","태안군","150","30 - 34세","T10[14STD04553]","총전입[명]","명","665","514","472","492","455","436","387","388","389","441",
"44825","태안군","150","30 - 34세","T20[14STD04553]","총전출[명]","명","641","512","565","513","556","559","435","460","396","497",
"44825","태안군","160","35 - 39세","T10[14STD04553]","총전입[명]","명","561","516","498","463","455","409","319","273","305","276",
"44825","태안군","160","35 - 39세","T20[14STD04553]","총전출[명]","명","486","529","578","494","486","515","342","332","317","311",
"44830","당진군","120","20 - 24세","T10[14STD04553]","총전입[명]","명","0","0","0","0","0","0","0","0","0","0",
"44830","당진군","120","20 - 24세","T20[14STD04553]","총전출[명]","명","0","0","0","0","0","0","0","0","0","0",
"44830","당진군","130","25 - 29세","T10[14STD04553]","총전입[명]","명","0","0","0","0","0","0","0","0","0","0",
"44830","당진군","130","25 - 29세","T20[14STD04553]","총전출[명]","명","0","0","0","0","0","0","0","0","0","0",
"44830","당진군","150","30 - 34세","T10[14STD04553]","총전입[명]","명","0","0","0","0","0","0","0","0","0","0",
"44830","당진군","150","30 - 34세","T20[14STD04553]","총전출[명]","명","0","0","0","0","0","0","0","0","0","0",
"44830","당진군","160","35 - 39세","T10[14STD04553]","총전입[명]","명","0","0","0","0","0","0","0","0","0","0",
"44830","당진군","160","35 - 39세","T20[14STD04553]","총전출[명]","명","0","0","0","0","0","0","0","0","0","0",
"52110","전주시","120","20 - 24세","T10[14STD04553]","총전입[명]","명","8601","8343","9535","9591","10784","10518","9170","8416","8968","8592",
"52110","전주시","120","20 - 24세","T20[14STD04553]","총전출[명]","명","9643","9358","10260","10277","11314","10846","10108","9248","9529","9220",
"52110","전주시","130","25 - 29세","T10[14STD04553]","총전입[명]","명","9701","9412","11210","11910","13223","13857","11924","10686","11093","10333",
"52110","전주시","130","25 - 29세","T20[14STD04553]","총전출[명]","명","10821","10564","12005","12539","13721","13974","13232","12354","12855","12280",
"52110","전주시","150","30 - 34세","T10[14STD04553]","총전입[명]","명","10496","8740","10056","9757","10592","10089","8918","8239","9123","8554",
"52110","전주시","150","30 - 34세","T20[14STD04553]","총전출[명]","명","10622","9194","9891","9394","10060","9707","9362","9305","10017","9813",
"52110","전주시","160","35 - 39세","T10[14STD04553]","총전입[명]","명","9090","8104","10229","9750","10288","8007","6496","5357","5511","5133",
"52110","전주시","160","35 - 39세","T20[14STD04553]","총전출[명]","명","8909","7976","9556","8904","9294","7610","6671","5894","5999","5750",
"52130","군산시","120","20 - 24세","T10[14STD04553]","총전입[명]","명","2944","2521","2907","2663","3332","3044","2516","2492","2708","2724",
"52130","군산시","120","20 - 24세","T20[14STD04553]","총전출[명]","명","3569","3244","3680","3424","4100","3854","3424","3224","3395","3261",
"52130","군산시","130","25 - 29세","T10[14STD04553]","총전입[명]","명","3549","3107","3528","3446","4137","3951","3674","3536","3720","3565",
"52130","군산시","130","25 - 29세","T20[14STD04553]","총전출[명]","명","3876","3643","4025","3804","4478","4261","3960","3837","3913","3802",
"52130","군산시","150","30 - 34세","T10[14STD04553]","총전입[명]","명","4326","3366","3625","2976","3474","2998","2694","2761","3366","3108",
"52130","군산시","150","30 - 34세","T20[14STD04553]","총전출[명]","명","4321","3720","3823","3132","3561","3036","2814","2841","3287","3090",
"52130","군산시","160","35 - 39세","T10[14STD04553]","총전입[명]","명","3850","3248","3971","3235","3878","3154","2287","2178","2637","2023",
"52130","군산시","160","35 - 39세","T20[14STD04553]","총전출[명]","명","3886","3623","4106","3441","3984","3117","2298","2200","2548","1975",
"52140","익산시","120","20 - 24세","T10[14STD04553]","총전입[명]","명","3570","5035","3565","3602","3930","3962","3488","3151","3435","3608",
"52140","익산시","120","20 - 24세","T20[14STD04553]","총전출[명]","명","4154","4706","4843","4817","4977","4926","4271","3940","4417","4084",
"52140","익산시","130","25 - 29세","T10[14STD04553]","총전입[명]","명","3669","4122","3829","3649","4150","4355","3920","3581","4370","4198",
"52140","익산시","130","25 - 29세","T20[14STD04553]","총전출[명]","명","4421","4705","5102","4995","5469","5212","4792","4274","4937","4644",
"52140","익산시","150","30 - 34세","T10[14STD04553]","총전입[명]","명","3726","3565","2917","2761","2728","3064","2577","2518","3843","3858",
"52140","익산시","150","30 - 34세","T20[14STD04553]","총전출[명]","명","4042","3749","3622","3400","3434","3374","2906","2776","3791","3734",
"52140","익산시","160","35 - 39세","T10[14STD04553]","총전입[명]","명","3166","3175","2798","2743","2655","2611","2031","1782","2683","2655",
"52140","익산시","160","35 - 39세","T20[14STD04553]","총전출[명]","명","3314","3358","3276","3226","3103","2661","2114","1882","2521","2469",
"52180","정읍시","120","20 - 24세","T10[14STD04553]","총전입[명]","명","931","1026","952","930","1019","888","836","728","735","793",
"52180","정읍시","120","20 - 24세","T20[14STD04553]","총전출[명]","명","1252","1469","1413","1457","1512","1332","1293","1214","1155","1093",
"52180","정읍시","130","25 - 29세","T10[14STD04553]","총전입[명]","명","1051","1057","1000","1069","1236","1092","1145","1069","1010","1181",
"52180","정읍시","130","25 - 29세","T20[14STD04553]","총전출[명]","명","1275","1360","1321","1408","1572","1383","1295","1208","1179","1232",
"52180","정읍시","150","30 - 34세","T10[14STD04553]","총전입[명]","명","1042","1088","881","836","897","755","795","885","805","898",
"52180","정읍시","150","30 - 34세","T20[14STD04553]","총전출[명]","명","1072","1140","1008","935","1033","857","840","930","844","863",
"52180","정읍시","160","35 - 39세","T10[14STD04553]","총전입[명]","명","1134","1234","953","872","1011","719","694","720","564","654",
"52180","정읍시","160","35 - 39세","T20[14STD04553]","총전출[명]","명","1097","1247","996","951","1059","745","656","740","552","627",
"52190","남원시","120","20 - 24세","T10[14STD04553]","총전입[명]","명","720","690","673","665","804","650","550","563","601","477",
"52190","남원시","120","20 - 24세","T20[14STD04553]","총전출[명]","명","1028","1005","986","1075","1205","1026","971","952","928","819",
"52190","남원시","130","25 - 29세","T10[14STD04553]","총전입[명]","명","757","753","834","810","1017","845","751","708","782","811",
"52190","남원시","130","25 - 29세","T20[14STD04553]","총전출[명]","명","962","955","1025","1077","1120","1030","989","859","888","863",
"52190","남원시","150","30 - 34세","T10[14STD04553]","총전입[명]","명","841","731","734","614","794","584","575","622","620","560",
"52190","남원시","150","30 - 34세","T20[14STD04553]","총전출[명]","명","856","729","790","679","854","684","623","694","651","625",
"52190","남원시","160","35 - 39세","T10[14STD04553]","총전입[명]","명","825","694","735","706","870","551","517","529","502","380",
"52190","남원시","160","35 - 39세","T20[14STD04553]","총전출[명]","명","813","700","735","717","879","607","544","500","479","404",
"52210","김제시","120","20 - 24세","T10[14STD04553]","총전입[명]","명","764","660","700","653","588","718","721","631","580","595",
"52210","김제시","120","20 - 24세","T20[14STD04553]","총전출[명]","명","1068","881","943","882","900","972","780","719","801","618",
"52210","김제시","130","25 - 29세","T10[14STD04553]","총전입[명]","명","715","752","752","715","805","957","939","892","851","984",
"52210","김제시","130","25 - 29세","T20[14STD04553]","총전출[명]","명","947","926","943","1010","1052","1127","839","839","965","891",
"52210","김제시","150","30 - 34세","T10[14STD04553]","총전입[명]","명","914","775","671","631","637","680","694","759","783","1004",
"52210","김제시","150","30 - 34세","T20[14STD04553]","총전출[명]","명","949","859","821","745","728","729","516","693","783","760",
"52210","김제시","160","35 - 39세","T10[14STD04553]","총전입[명]","명","946","832","777","677","765","666","634","534","640","682",
"52210","김제시","160","35 - 39세","T20[14STD04553]","총전출[명]","명","934","805","832","723","820","705","544","445","593","541",
"52710","완주군","120","20 - 24세","T10[14STD04553]","총전입[명]","명","969","880","856","741","897","893","848","1098","912","855",
"52710","완주군","120","20 - 24세","T20[14STD04553]","총전출[명]","명","1130","1066","1050","1059","1199","1062","1014","1009","1009","966",
"52710","완주군","130","25 - 29세","T10[14STD04553]","총전입[명]","명","1102","959","1015","1017","1302","1126","1424","1843","1441","1422",
"52710","완주군","130","25 - 29세","T20[14STD04553]","총전출[명]","명","1146","1066","1239","1210","1349","1240","1199","1200","1170","1248",
"52710","완주군","150","30 - 34세","T10[14STD04553]","총전입[명]","명","1194","1055","913","777","953","881","1332","1818","1410","1424",
"52710","완주군","150","30 - 34세","T20[14STD04553]","총전출[명]","명","1176","1040","1139","1092","993","884","943","958","1027","1165",
"52710","완주군","160","35 - 39세","T10[14STD04553]","총전입[명]","명","1077","1041","952","875","960","810","1039","1365","946","854",
"52710","완주군","160","35 - 39세","T20[14STD04553]","총전출[명]","명","1147","989","1257","1228","1083","860","760","827","797","792",
"52720","진안군","120","20 - 24세","T10[14STD04553]","총전입[명]","명","200","196","203","180","175","173","118","103","94","135",
"52720","진안군","120","20 - 24세","T20[14STD04553]","총전출[명]","명","217","244","268","236","274","245","192","165","143","165",
"52720","진안군","130","25 - 29세","T10[14STD04553]","총전입[명]","명","214","218","211","229","230","185","159","170","150","169",
"52720","진안군","130","25 - 29세","T20[14STD04553]","총전출[명]","명","253","234","285","261","288","303","241","194","188","179",
"52720","진안군","150","30 - 34세","T10[14STD04553]","총전입[명]","명","175","179","189","159","136","130","113","122","128","167",
"52720","진안군","150","30 - 34세","T20[14STD04553]","총전출[명]","명","232","201","213","169","203","170","138","116","142","154",
"52720","진안군","160","35 - 39세","T10[14STD04553]","총전입[명]","명","189","195","179","184","169","133","100","104","110","115",
"52720","진안군","160","35 - 39세","T20[14STD04553]","총전출[명]","명","192","163","194","223","198","171","129","111","120","97",
"52730","무주군","120","20 - 24세","T10[14STD04553]","총전입[명]","명","126","156","174","131","149","143","103","116","122","105",
"52730","무주군","120","20 - 24세","T20[14STD04553]","총전출[명]","명","210","216","218","231","251","223","176","164","167","159",
"52730","무주군","130","25 - 29세","T10[14STD04553]","총전입[명]","명","177","179","215","222","214","213","153","169","189","186",
"52730","무주군","130","25 - 29세","T20[14STD04553]","총전출[명]","명","229","222","265","261","305","268","207","208","188","203",
"52730","무주군","150","30 - 34세","T10[14STD04553]","총전입[명]","명","160","154","144","162","144","172","119","139","133","147",
"52730","무주군","150","30 - 34세","T20[14STD04553]","총전출[명]","명","229","165","175","164","161","189","166","132","145","146",
"52730","무주군","160","35 - 39세","T10[14STD04553]","총전입[명]","명","180","165","180","161","174","133","103","99","85","89",
"52730","무주군","160","35 - 39세","T20[14STD04553]","총전출[명]","명","178","167","190","168","183","159","120","97","91","95",
"52740","장수군","120","20 - 24세","T10[14STD04553]","총전입[명]","명","198","108","236","158","130","116","125","95","80","149",
"52740","장수군","120","20 - 24세","T20[14STD04553]","총전출[명]","명","195","222","219","306","246","215","221","166","170","157",
"52740","장수군","130","25 - 29세","T10[14STD04553]","총전입[명]","명","230","138","269","197","172","141","143","115","137","235",
"52740","장수군","130","25 - 29세","T20[14STD04553]","총전출[명]","명","210","247","247","325","224","232","193","175","168","173",
"52740","장수군","150","30 - 34세","T10[14STD04553]","총전입[명]","명","205","162","205","137","121","111","109","85","105","134",
"52740","장수군","150","30 - 34세","T20[14STD04553]","총전출[명]","명","194","215","212","191","169","161","137","128","110","118",
"52740","장수군","160","35 - 39세","T10[14STD04553]","총전입[명]","명","203","146","224","172","136","113","93","88","80","114",
"52740","장수군","160","35 - 39세","T20[14STD04553]","총전출[명]","명","180","200","207","215","178","134","77","88","79","86",
"52750","임실군","120","20 - 24세","T10[14STD04553]","총전입[명]","명","379","335","385","316","181","151","193","157","142","117",
"52750","임실군","120","20 - 24세","T20[14STD04553]","총전출[명]","명","375","419","398","496","399","272","229","225","188","188",
"52750","임실군","130","25 - 29세","T10[14STD04553]","총전입[명]","명","369","354","416","382","271","233","254","234","229","177",
"52750","임실군","130","25 - 29세","T20[14STD04553]","총전출[명]","명","405","455","453","509","479","331","290","252","260","224",
"52750","임실군","150","30 - 34세","T10[14STD04553]","총전입[명]","명","343","311","303","258","175","197","161","170","183","207",
"52750","임실군","150","30 - 34세","T20[14STD04553]","총전출[명]","명","375","312","294","367","349","244","209","210","207","222",
"52750","임실군","160","35 - 39세","T10[14STD04553]","총전입[명]","명","311","330","331","285","189","157","207","126","148","163",
"52750","임실군","160","35 - 39세","T20[14STD04553]","총전출[명]","명","311","311","380","370","336","203","191","148","171","149",
"52770","순창군","120","20 - 24세","T10[14STD04553]","총전입[명]","명","304","239","236","179","196","147","180","194","168","217",
"52770","순창군","120","20 - 24세","T20[14STD04553]","총전출[명]","명","450","356","323","310","319","291","249","174","222","234",
"52770","순창군","130","25 - 29세","T10[14STD04553]","총전입[명]","명","332","282","252","225","240","200","235","233","222","257",
"52770","순창군","130","25 - 29세","T20[14STD04553]","총전출[명]","명","404","339","352","330","354","295","240","245","240","226",
"52770","순창군","150","30 - 34세","T10[14STD04553]","총전입[명]","명","318","274","233","174","198","152","149","187","172","217",
"52770","순창군","150","30 - 34세","T20[14STD04553]","총전출[명]","명","355","271","280","228","237","243","175","168","175","152",
"52770","순창군","160","35 - 39세","T10[14STD04553]","총전입[명]","명","301","291","304","212","189","147","174","144","138","159",
"52770","순창군","160","35 - 39세","T20[14STD04553]","총전출[명]","명","332","298","312","283","271","210","173","129","130","103",
"52790","고창군","120","20 - 24세","T10[14STD04553]","총전입[명]","명","853","693","369","288","319","305","280","250","260","254",
"52790","고창군","120","20 - 24세","T20[14STD04553]","총전출[명]","명","912","885","912","644","593","566","525","461","448","382",
"52790","고창군","130","25 - 29세","T10[14STD04553]","총전입[명]","명","732","703","416","367","423","380","329","365","350","392",
"52790","고창군","130","25 - 29세","T20[14STD04553]","총전출[명]","명","805","797","875","629","641","575","462","416","414","421",
"52790","고창군","150","30 - 34세","T10[14STD04553]","총전입[명]","명","654","637","362","326","287","278","289","298","292","327",
"52790","고창군","150","30 - 34세","T20[14STD04553]","총전출[명]","명","654","656","662","439","397","350","352","314","328","322",
"52790","고창군","160","35 - 39세","T10[14STD04553]","총전입[명]","명","682","672","400","355","375","337","294","245","211","261",
"52790","고창군","160","35 - 39세","T20[14STD04553]","총전출[명]","명","526","591","637","399","404","335","288","216","228","240",
"52800","부안군","120","20 - 24세","T10[14STD04553]","총전입[명]","명","602","483","344","317","320","344","331","273","246","271",
"52800","부안군","120","20 - 24세","T20[14STD04553]","총전출[명]","명","665","707","646","572","613","590","527","456","457","395",
"52800","부안군","130","25 - 29세","T10[14STD04553]","총전입[명]","명","614","471","417","420","438","376","423","355","317","324",
"52800","부안군","130","25 - 29세","T20[14STD04553]","총전출[명]","명","701","637","673","617","600","578","531","441","426","438",
"52800","부안군","150","30 - 34세","T10[14STD04553]","총전입[명]","명","546","472","392","352","367","305","257","299","257","272",
"52800","부안군","150","30 - 34세","T20[14STD04553]","총전출[명]","명","559","509","509","450","466","403","312","295","299","310",
"52800","부안군","160","35 - 39세","T10[14STD04553]","총전입[명]","명","617","506","402","362","412","311","300","233","231","213",
"52800","부안군","160","35 - 39세","T20[14STD04553]","총전출[명]","명","522","553","480","406","433","350","302","288","254","205",
"46110","목포시","120","20 - 24세","T10[14STD04553]","총전입[명]","명","3048","2680","2946","2774","3264","2962","2704","2408","2412","2190",
"46110","목포시","120","20 - 24세","T20[14STD04553]","총전출[명]","명","3752","3481","3607","3656","4387","3931","3379","3115","3049","3058",
"46110","목포시","130","25 - 29세","T10[14STD04553]","총전입[명]","명","3268","2979","3193","3128","3637","3561","3369","2881","3205","2956",
"46110","목포시","130","25 - 29세","T20[14STD04553]","총전출[명]","명","3629","3466","3740","3626","4396","4108","3568","3336","3643","3658",
"46110","목포시","150","30 - 34세","T10[14STD04553]","총전입[명]","명","4103","3373","3125","2671","2881","2559","2346","2253","2516","2344",
"46110","목포시","150","30 - 34세","T20[14STD04553]","총전출[명]","명","4103","3564","3199","2836","3358","2926","2316","2292","2913","2908",
"46110","목포시","160","35 - 39세","T10[14STD04553]","총전입[명]","명","3641","3377","3328","2982","3292","2765","2132","1794","1807","1462",
"46110","목포시","160","35 - 39세","T20[14STD04553]","총전출[명]","명","3626","3629","3424","3073","3791","3098","2047","1860","2028","1964",
"46130","여수시","120","20 - 24세","T10[14STD04553]","총전입[명]","명","3176","3052","2792","3528","3437","3382","2917","2490","2518","2181",
"46130","여수시","120","20 - 24세","T20[14STD04553]","총전출[명]","명","4070","3984","3506","4059","4481","4217","3514","3237","3237","3111",
"46130","여수시","130","25 - 29세","T10[14STD04553]","총전입[명]","명","3708","3599","3643","4516","4511","4481","4342","3626","3579","3298",
"46130","여수시","130","25 - 29세","T20[14STD04553]","총전출[명]","명","4113","4263","4191","4798","5095","4922","4480","4003","4098","3964",
"46130","여수시","150","30 - 34세","T10[14STD04553]","총전입[명]","명","3773","3579","2874","3419","3287","3148","3140","2835","2785","2662",
"46130","여수시","150","30 - 34세","T20[14STD04553]","총전출[명]","명","3852","3747","3193","3443","3487","3383","3131","3072","3189","3090",
"46130","여수시","160","35 - 39세","T10[14STD04553]","총전입[명]","명","3325","3360","3094","3489","3502","2896","2745","2085","1776","1653",
"46130","여수시","160","35 - 39세","T20[14STD04553]","총전출[명]","명","3315","3409","3350","3490","3525","2966","2690","2184","2000","1784",
"46150","순천시","120","20 - 24세","T10[14STD04553]","총전입[명]","명","3314","3488","3496","3729","4412","3674","3218","3292","2941","2804",
"46150","순천시","120","20 - 24세","T20[14STD04553]","총전출[명]","명","4354","4378","4376","4666","4856","4452","4082","3863","3640","3371",
"46150","순천시","130","25 - 29세","T10[14STD04553]","총전입[명]","명","3654","3885","4231","4729","5215","5110","4526","4582","4308","4101",
"46150","순천시","130","25 - 29세","T20[14STD04553]","총전출[명]","명","4079","4286","4688","5076","5219","5418","5086","4848","4749","4335",
"46150","순천시","150","30 - 34세","T10[14STD04553]","총전입[명]","명","4089","3997","3726","3900","4039","3664","3206","3946","3857","3781",
"46150","순천시","150","30 - 34세","T20[14STD04553]","총전출[명]","명","3845","3596","3428","3628","3605","3383","3321","3783","3809","3592",
"46150","순천시","160","35 - 39세","T10[14STD04553]","총전입[명]","명","3422","3494","3640","3605","3875","2856","2392","2853","2386","2303",
"46150","순천시","160","35 - 39세","T20[14STD04553]","총전출[명]","명","3215","3197","3265","3245","3398","2681","2425","2641","2298","2231",
"46170","나주시","120","20 - 24세","T10[14STD04553]","총전입[명]","명","1530","1667","1599","1429","1446","1467","1263","1173","1045","1125",
"46170","나주시","120","20 - 24세","T20[14STD04553]","총전출[명]","명","1280","1263","1399","1479","1463","1498","1352","1177","1198","1217",
"46170","나주시","130","25 - 29세","T10[14STD04553]","총전입[명]","명","1864","2078","2146","2060","2236","2233","1847","1909","1565","1803",
"46170","나주시","130","25 - 29세","T20[14STD04553]","총전출[명]","명","1516","1529","1808","1899","2045","2017","1849","1646","1633","1672",
"46170","나주시","150","30 - 34세","T10[14STD04553]","총전입[명]","명","2487","2221","1962","1697","1855","1662","1533","1703","1482","2061",
"46170","나주시","150","30 - 34세","T20[14STD04553]","총전출[명]","명","1678","1550","1648","1662","1671","1525","1533","1438","1490","1780",
"46170","나주시","160","35 - 39세","T10[14STD04553]","총전입[명]","명","2402","2258","2134","1693","1678","1519","1230","1173","959","1456",
"46170","나주시","160","35 - 39세","T20[14STD04553]","총전출[명]","명","1578","1545","1771","1663","1647","1334","1244","1016","917","1263",
"46190","여천시","120","20 - 24세","T10[14STD04553]","총전입[명]","명","0","0","0","0","0","0","0","0","0","0",
"46190","여천시","120","20 - 24세","T20[14STD04553]","총전출[명]","명","0","0","0","0","0","0","0","0","0","0",
"46190","여천시","130","25 - 29세","T10[14STD04553]","총전입[명]","명","0","0","0","0","0","0","0","0","0","0",
"46190","여천시","130","25 - 29세","T20[14STD04553]","총전출[명]","명","0","0","0","0","0","0","0","0","0","0",
"46190","여천시","150","30 - 34세","T10[14STD04553]","총전입[명]","명","0","0","0","0","0","0","0","0","0","0",
"46190","여천시","150","30 - 34세","T20[14STD04553]","총전출[명]","명","0","0","0","0","0","0","0","0","0","0",
"46190","여천시","160","35 - 39세","T10[14STD04553]","총전입[명]","명","0","0","0","0","0","0","0","0","0","0",
"46190","여천시","160","35 - 39세","T20[14STD04553]","총전출[명]","명","0","0","0","0","0","0","0","0","0","0",
"46230","광양시","120","20 - 24세","T10[14STD04553]","총전입[명]","명","2081","2128","2326","2286","1791","1738","1459","1222","1306","1152",
"46230","광양시","120","20 - 24세","T20[14STD04553]","총전출[명]","명","2194","2393","2637","2929","3090","2476","1769","1677","1704","1501",
"46230","광양시","130","25 - 29세","T10[14STD04553]","총전입[명]","명","2215","2225","2421","2766","2262","2660","2525","2153","2802","2260",
"46230","광양시","130","25 - 29세","T20[14STD04553]","총전출[명]","명","2052","2270","2403","2750","2943","2808","2200","2168","2417","2208",
"46230","광양시","150","30 - 34세","T10[14STD04553]","총전입[명]","명","1998","1838","1713","1796","1553","1896","1789","1800","2567","1908",
"46230","광양시","150","30 - 34세","T20[14STD04553]","총전출[명]","명","1889","1773","1688","1722","1828","1954","1512","1539","2062","1771",
"46230","광양시","160","35 - 39세","T10[14STD04553]","총전입[명]","명","1722","1623","1713","1788","1610","1679","1442","1255","1595","1083",
"46230","광양시","160","35 - 39세","T20[14STD04553]","총전출[명]","명","1594","1654","1684","1740","1945","1691","1215","1139","1276","939",
"46710","담양군","120","20 - 24세","T10[14STD04553]","총전입[명]","명","490","473","622","739","512","480","357","341","247","299",
"46710","담양군","120","20 - 24세","T20[14STD04553]","총전출[명]","명","542","480","558","560","656","608","499","456","400","327",
"46710","담양군","130","25 - 29세","T10[14STD04553]","총전입[명]","명","485","496","544","589","503","561","467","429","403","412",
"46710","담양군","130","25 - 29세","T20[14STD04553]","총전출[명]","명","484","567","680","650","720","749","618","595","542","526",
"46710","담양군","150","30 - 34세","T10[14STD04553]","총전입[명]","명","425","412","367","326","369","407","326","309","291","341",
"46710","담양군","150","30 - 34세","T20[14STD04553]","총전출[명]","명","454","490","506","408","497","486","400","317","399","410",
"46710","담양군","160","35 - 39세","T10[14STD04553]","총전입[명]","명","405","432","428","357","395","399","304","255","233","244",
"46710","담양군","160","35 - 39세","T20[14STD04553]","총전출[명]","명","390","426","462","427","405","369","284","240","237","262",
"46720","곡성군","120","20 - 24세","T10[14STD04553]","총전입[명]","명","252","239","275","300","196","254","201","192","166","211",
"46720","곡성군","120","20 - 24세","T20[14STD04553]","총전출[명]","명","431","399","452","483","495","428","303","297","290","217",
"46720","곡성군","130","25 - 29세","T10[14STD04553]","총전입[명]","명","223","254","266","230","307","282","251","253","227","292",
"46720","곡성군","130","25 - 29세","T20[14STD04553]","총전출[명]","명","284","305","370","367","395","392","276","259","290","249",
"46720","곡성군","150","30 - 34세","T10[14STD04553]","총전입[명]","명","213","215","181","133","169","157","138","165","224","249",
"46720","곡성군","150","30 - 34세","T20[14STD04553]","총전출[명]","명","255","249","242","217","216","186","180","176","197","193",
"46720","곡성군","160","35 - 39세","T10[14STD04553]","총전입[명]","명","202","237","189","164","170","142","108","127","122","167",
"46720","곡성군","160","35 - 39세","T20[14STD04553]","총전출[명]","명","187","222","239","183","201","172","105","111","126","123",
"46730","구례군","120","20 - 24세","T10[14STD04553]","총전입[명]","명","236","307","269","240","185","178","140","112","130","135",
"46730","구례군","120","20 - 24세","T20[14STD04553]","총전출[명]","명","267","341","353","341","384","291","271","203","172","201",
"46730","구례군","130","25 - 29세","T10[14STD04553]","총전입[명]","명","245","275","302","261","193","203","201","180","174","180",
"46730","구례군","130","25 - 29세","T20[14STD04553]","총전출[명]","명","274","311","363","363","373","275","283","245","200","205",
"46730","구례군","150","30 - 34세","T10[14STD04553]","총전입[명]","명","255","225","243","206","193","162","113","119","139","152",
"46730","구례군","150","30 - 34세","T20[14STD04553]","총전출[명]","명","260","248","280","234","248","213","169","124","157","145",
"46730","구례군","160","35 - 39세","T10[14STD04553]","총전입[명]","명","237","244","255","226","202","176","140","120","120","132",
"46730","구례군","160","35 - 39세","T20[14STD04553]","총전출[명]","명","223","257","298","252","275","226","170","108","133","139",
"46750","여천군","120","20 - 24세","T10[14STD04553]","총전입[명]","명","0","0","0","0","0","0","0","0","0","0",
"46750","여천군","120","20 - 24세","T20[14STD04553]","총전출[명]","명","0","0","0","0","0","0","0","0","0","0",
"46750","여천군","130","25 - 29세","T10[14STD04553]","총전입[명]","명","0","0","0","0","0","0","0","0","0","0",
"46750","여천군","130","25 - 29세","T20[14STD04553]","총전출[명]","명","0","0","0","0","0","0","0","0","0","0",
"46750","여천군","150","30 - 34세","T10[14STD04553]","총전입[명]","명","0","0","0","0","0","0","0","0","0","0",
"46750","여천군","150","30 - 34세","T20[14STD04553]","총전출[명]","명","0","0","0","0","0","0","0","0","0","0",
"46750","여천군","160","35 - 39세","T10[14STD04553]","총전입[명]","명","0","0","0","0","0","0","0","0","0","0",
"46750","여천군","160","35 - 39세","T20[14STD04553]","총전출[명]","명","0","0","0","0","0","0","0","0","0","0",
"46770","고흥군","120","20 - 24세","T10[14STD04553]","총전입[명]","명","344","369","351","352","348","318","294","256","262","264",
"46770","고흥군","120","20 - 24세","T20[14STD04553]","총전출[명]","명","602","564","615","623","657","619","540","446","478","426",
"46770","고흥군","130","25 - 29세","T10[14STD04553]","총전입[명]","명","398","388","463","440","430","410","400","435","430","403",
"46770","고흥군","130","25 - 29세","T20[14STD04553]","총전출[명]","명","580","540","607","611","710","585","488","480","496","433",
"46770","고흥군","150","30 - 34세","T10[14STD04553]","총전입[명]","명","385","389","375","361","373","313","339","312","326","310",
"46770","고흥군","150","30 - 34세","T20[14STD04553]","총전출[명]","명","447","431","430","426","450","379","341","285","327","324",
"46770","고흥군","160","35 - 39세","T10[14STD04553]","총전입[명]","명","342","363","454","404","430","315","272","228","254","236",
"46770","고흥군","160","35 - 39세","T20[14STD04553]","총전출[명]","명","359","326","461","414","410","321","267","218","246","253",
"46780","보성군","120","20 - 24세","T10[14STD04553]","총전입[명]","명","291","265","262","234","241","238","195","171","181","211",
"46780","보성군","120","20 - 24세","T20[14STD04553]","총전출[명]","명","439","407","417","452","460","447","377","332","302","272",
"46780","보성군","130","25 - 29세","T10[14STD04553]","총전입[명]","명","305","306","355","299","332","277","232","262","197","290",
"46780","보성군","130","25 - 29세","T20[14STD04553]","총전출[명]","명","477","411","457","482","463","407","353","307","272","289",
"46780","보성군","150","30 - 34세","T10[14STD04553]","총전입[명]","명","272","251","277","201","236","176","186","187","198","205",
"46780","보성군","150","30 - 34세","T20[14STD04553]","총전출[명]","명","342","337","318","309","315","261","232","169","215","207",
"46780","보성군","160","35 - 39세","T10[14STD04553]","총전입[명]","명","273","242","259","198","221","194","171","148","155","154",
"46780","보성군","160","35 - 39세","T20[14STD04553]","총전출[명]","명","319","315","318","297","274","257","183","159","146","147",
"46790","화순군","120","20 - 24세","T10[14STD04553]","총전입[명]","명","533","480","527","482","533","579","439","374","359","371",
"46790","화순군","120","20 - 24세","T20[14STD04553]","총전출[명]","명","614","593","649","726","744","770","614","570","568","500",
"46790","화순군","130","25 - 29세","T10[14STD04553]","총전입[명]","명","558","527","592","548","590","677","570","520","542","518",
"46790","화순군","130","25 - 29세","T20[14STD04553]","총전출[명]","명","710","655","781","844","800","810","676","666","630","611",
"46790","화순군","150","30 - 34세","T10[14STD04553]","총전입[명]","명","536","448","482","370","421","499","355","392","443","444",
"46790","화순군","150","30 - 34세","T20[14STD04553]","총전출[명]","명","567","503","573","492","504","478","414","408","435","452",
"46790","화순군","160","35 - 39세","T10[14STD04553]","총전입[명]","명","503","474","463","403","432","407","287","273","297","312",
"46790","화순군","160","35 - 39세","T20[14STD04553]","총전출[명]","명","531","509","496","535","436","381","287","253","260","294",
"46800","장흥군","120","20 - 24세","T10[14STD04553]","총전입[명]","명","282","344","315","224","267","261","195","193","214","228",
"46800","장흥군","120","20 - 24세","T20[14STD04553]","총전출[명]","명","821","459","503","463","479","456","367","336","319","299",
"46800","장흥군","130","25 - 29세","T10[14STD04553]","총전입[명]","명","326","401","344","362","342","281","262","258","291","305",
"46800","장흥군","130","25 - 29세","T20[14STD04553]","총전출[명]","명","694","465","498","477","486","424","358","324","327","301",
"46800","장흥군","150","30 - 34세","T10[14STD04553]","총전입[명]","명","339","319","318","279","252","215","158","184","216","236",
"46800","장흥군","150","30 - 34세","T20[14STD04553]","총전출[명]","명","616","363","340","298","315","297","207","201","220","249",
"46800","장흥군","160","35 - 39세","T10[14STD04553]","총전입[명]","명","305","300","348","285","284","180","168","168","171","171",
"46800","장흥군","160","35 - 39세","T20[14STD04553]","총전출[명]","명","471","287","334","301","317","253","192","152","175","167",
"46810","강진군","120","20 - 24세","T10[14STD04553]","총전입[명]","명","243","231","236","241","239","252","200","165","189","200",
"46810","강진군","120","20 - 24세","T20[14STD04553]","총전출[명]","명","453","360","399","400","387","365","341","281","306","256",
"46810","강진군","130","25 - 29세","T10[14STD04553]","총전입[명]","명","263","293","313","283","336","311","262","273","278","316",
"46810","강진군","130","25 - 29세","T20[14STD04553]","총전출[명]","명","396","378","420","428","438","426","310","329","291","326",
"46810","강진군","150","30 - 34세","T10[14STD04553]","총전입[명]","명","306","258","246","204","231","204","174","207","226","230",
"46810","강진군","150","30 - 34세","T20[14STD04553]","총전출[명]","명","389","355","308","275","338","252","199","193","241","249",
"46810","강진군","160","35 - 39세","T10[14STD04553]","총전입[명]","명","234","204","264","230","272","202","172","186","191","223",
"46810","강진군","160","35 - 39세","T20[14STD04553]","총전출[명]","명","303","286","284","303","281","281","157","158","183","214",
"46820","해남군","120","20 - 24세","T10[14STD04553]","총전입[명]","명","444","387","378","414","441","434","308","335","280","298",
"46820","해남군","120","20 - 24세","T20[14STD04553]","총전출[명]","명","676","647","663","785","744","726","598","572","562","473",
"46820","해남군","130","25 - 29세","T10[14STD04553]","총전입[명]","명","569","496","509","554","520","574","513","457","456","509",
"46820","해남군","130","25 - 29세","T20[14STD04553]","총전출[명]","명","747","703","745","744","733","719","623","591","570","533",
"46820","해남군","150","30 - 34세","T10[14STD04553]","총전입[명]","명","617","502","467","503","419","374","329","335","374","399",
"46820","해남군","150","30 - 34세","T20[14STD04553]","총전출[명]","명","701","657","580","560","551","519","418","371","412","416",
"46820","해남군","160","35 - 39세","T10[14STD04553]","총전입[명]","명","527","471","480","498","443","352","326","279","244","307",
"46820","해남군","160","35 - 39세","T20[14STD04553]","총전출[명]","명","542","580","603","588","542","432","354","289","291","283",
"46830","영암군","120","20 - 24세","T10[14STD04553]","총전입[명]","명","502","416","433","571","526","576","470","482","412","393",
"46830","영암군","120","20 - 24세","T20[14STD04553]","총전출[명]","명","618","629","612","685","653","762","655","598","585","618",
"46830","영암군","130","25 - 29세","T10[14STD04553]","총전입[명]","명","610","491","543","591","551","633","582","643","551","526",
"46830","영암군","130","25 - 29세","T20[14STD04553]","총전출[명]","명","675","635","659","646","672","780","674","615","653","719",
"46830","영암군","150","30 - 34세","T10[14STD04553]","총전입[명]","명","682","517","456","515","420","423","364","429","380","385",
"46830","영암군","150","30 - 34세","T20[14STD04553]","총전출[명]","명","863","726","556","549","570","480","364","442","439","473",
"46830","영암군","160","35 - 39세","T10[14STD04553]","총전입[명]","명","532","557","509","590","493","443","382","416","277","282",
"46830","영암군","160","35 - 39세","T20[14STD04553]","총전출[명]","명","739","742","570","588","605","527","343","344","292","335",
"46840","무안군","120","20 - 24세","T10[14STD04553]","총전입[명]","명","699","783","720","758","1261","1258","1007","1097","1274","1216",
"46840","무안군","120","20 - 24세","T20[14STD04553]","총전출[명]","명","927","959","938","1044","1293","1241","1116","1101","1274","1235",
"46840","무안군","130","25 - 29세","T10[14STD04553]","총전입[명]","명","851","978","999","1022","1688","1879","1386","1259","1681","1674",
"46840","무안군","130","25 - 29세","T20[14STD04553]","총전출[명]","명","925","944","991","1049","1247","1316","1358","1251","1477","1390",
"46840","무안군","150","30 - 34세","T10[14STD04553]","총전입[명]","명","1160","1206","828","839","1787","1689","1008","975","1918","1767",
"46840","무안군","150","30 - 34세","T20[14STD04553]","총전출[명]","명","1073","1023","949","792","1138","1020","983","944","1453","1307",
"46840","무안군","160","35 - 39세","T10[14STD04553]","총전입[명]","명","1064","1256","914","881","2201","1983","903","771","1456","1395",
"46840","무안군","160","35 - 39세","T20[14STD04553]","총전출[명]","명","1004","952","1067","881","1339","1115","886","790","1120","937",
"46860","함평군","120","20 - 24세","T10[14STD04553]","총전입[명]","명","249","269","223","199","222","217","170","159","138","143",
"46860","함평군","120","20 - 24세","T20[14STD04553]","총전출[명]","명","358","339","364","338","376","324","260","237","227","206",
"46860","함평군","130","25 - 29세","T10[14STD04553]","총전입[명]","명","270","321","249","296","228","242","189","250","241","223",
"46860","함평군","130","25 - 29세","T20[14STD04553]","총전출[명]","명","367","332","401","369","370","374","267","299","268","275",
"46860","함평군","150","30 - 34세","T10[14STD04553]","총전입[명]","명","279","288","228","207","202","184","182","222","224","187",
"46860","함평군","150","30 - 34세","T20[14STD04553]","총전출[명]","명","308","314","337","276","271","271","196","187","221","211",
"46860","함평군","160","35 - 39세","T10[14STD04553]","총전입[명]","명","225","274","244","205","218","182","171","163","147","155",
"46860","함평군","160","35 - 39세","T20[14STD04553]","총전출[명]","명","269","250","251","251","245","265","176","139","151","157",
"46870","영광군","120","20 - 24세","T10[14STD04553]","총전입[명]","명","411","387","404","408","373","386","374","312","381","382",
"46870","영광군","120","20 - 24세","T20[14STD04553]","총전출[명]","명","556","525","547","596","580","602","415","402","442","330",
"46870","영광군","130","25 - 29세","T10[14STD04553]","총전입[명]","명","497","458","502","599","562","505","567","495","611","671",
"46870","영광군","130","25 - 29세","T20[14STD04553]","총전출[명]","명","601","619","628","652","673","663","535","529","492","469",
"46870","영광군","150","30 - 34세","T10[14STD04553]","총전입[명]","명","463","442","474","564","466","440","453","403","504","568",
"46870","영광군","150","30 - 34세","T20[14STD04553]","총전출[명]","명","538","468","484","455","480","558","401","395","416","355",
"46870","영광군","160","35 - 39세","T10[14STD04553]","총전입[명]","명","466","397","444","493","452","364","370","356","395","419",
"46870","영광군","160","35 - 39세","T20[14STD04553]","총전출[명]","명","470","449","526","458","487","423","317","348","325","312",
"46880","장성군","120","20 - 24세","T10[14STD04553]","총전입[명]","명","429","357","459","463","445","444","390","358","344","480",
"46880","장성군","120","20 - 24세","T20[14STD04553]","총전출[명]","명","493","406","508","567","625","566","424","423","415","467",
"46880","장성군","130","25 - 29세","T10[14STD04553]","총전입[명]","명","731","721","776","1274","1027","834","736","689","658","796",
"46880","장성군","130","25 - 29세","T20[14STD04553]","총전출[명]","명","796","773","842","898","1384","1092","781","770","808","680",
"46880","장성군","150","30 - 34세","T10[14STD04553]","총전입[명]","명","526","514","478","460","376","412","372","360","414","595",
"46880","장성군","150","30 - 34세","T20[14STD04553]","총전출[명]","명","545","515","536","517","503","504","384","396","424","452",
"46880","장성군","160","35 - 39세","T10[14STD04553]","총전입[명]","명","458","512","475","488","416","410","319","279","325","391",
"46880","장성군","160","35 - 39세","T20[14STD04553]","총전출[명]","명","452","508","588","529","527","514","317","312","291","316",
"46890","완도군","120","20 - 24세","T10[14STD04553]","총전입[명]","명","266","246","272","274","288","247","244","242","223","203",
"46890","완도군","120","20 - 24세","T20[14STD04553]","총전출[명]","명","397","381","402","480","488","463","456","384","377","324",
"46890","완도군","130","25 - 29세","T10[14STD04553]","총전입[명]","명","388","350","387","351","424","386","345","348","371","331",
"46890","완도군","130","25 - 29세","T20[14STD04553]","총전출[명]","명","470","431","498","482","535","516","439","400","430","453",
"46890","완도군","150","30 - 34세","T10[14STD04553]","총전입[명]","명","397","370","348","310","305","280","230","250","241","283",
"46890","완도군","150","30 - 34세","T20[14STD04553]","총전출[명]","명","442","400","420","360","409","354","290","265","294","291",
"46890","완도군","160","35 - 39세","T10[14STD04553]","총전입[명]","명","367","360","345","339","364","267","265","213","214","199",
"46890","완도군","160","35 - 39세","T20[14STD04553]","총전출[명]","명","331","355","366","361","381","346","243","217","223","222",
"46900","진도군","120","20 - 24세","T10[14STD04553]","총전입[명]","명","191","191","201","192","342","201","167","154","160","157",
"46900","진도군","120","20 - 24세","T20[14STD04553]","총전출[명]","명","258","262","281","307","333","389","273","246","248","240",
"46900","진도군","130","25 - 29세","T10[14STD04553]","총전입[명]","명","217","284","235","234","417","274","239","254","270","251",
"46900","진도군","130","25 - 29세","T20[14STD04553]","총전출[명]","명","283","344","312","310","331","440","326","272","289","300",
"46900","진도군","150","30 - 34세","T10[14STD04553]","총전입[명]","명","246","241","206","172","282","176","164","171","186","175",
"46900","진도군","150","30 - 34세","T20[14STD04553]","총전출[명]","명","263","257","253","223","254","269","173","191","206","229",
"46900","진도군","160","35 - 39세","T10[14STD04553]","총전입[명]","명","225","204","244","196","323","196","168","139","149","157",
"46900","진도군","160","35 - 39세","T20[14STD04553]","총전출[명]","명","236","231","229","194","273","255","169","148","136","160",
"46910","신안군","120","20 - 24세","T10[14STD04553]","총전입[명]","명","311","257","307","262","224","247","191","235","257","457",
"46910","신안군","120","20 - 24세","T20[14STD04553]","총전출[명]","명","419","374","408","414","394","400","289","240","234","241",
"46910","신안군","130","25 - 29세","T10[14STD04553]","총전입[명]","명","417","353","358","318","276","305","312","295","276","486",
"46910","신안군","130","25 - 29세","T20[14STD04553]","총전출[명]","명","488","471","491","497","521","456","343","325","298","309",
"46910","신안군","150","30 - 34세","T10[14STD04553]","총전입[명]","명","369","301","314","265","241","254","225","239","225","431",
"46910","신안군","150","30 - 34세","T20[14STD04553]","총전출[명]","명","442","408","425","359","414","321","266","237","271","270",
"46910","신안군","160","35 - 39세","T10[14STD04553]","총전입[명]","명","366","311","346","312","292","294","248","263","239","397",
"46910","신안군","160","35 - 39세","T20[14STD04553]","총전출[명]","명","352","343","341","342","370","315","225","195","203","238",
"47110","포항시","120","20 - 24세","T10[14STD04553]","총전입[명]","명","4663","4378","4707","4737","5365","6547","4607","4649","5194","4738",
"47110","포항시","120","20 - 24세","T20[14STD04553]","총전출[명]","명","5953","5584","5895","6177","7280","6765","6649","5852","6221","5806",
"47110","포항시","130","25 - 29세","T10[14STD04553]","총전입[명]","명","6019","5968","6534","6822","7543","8618","6786","7281","8330","7562",
"47110","포항시","130","25 - 29세","T20[14STD04553]","총전출[명]","명","6885","6804","7566","7661","8485","8061","7567","7289","8050","7620",
"47110","포항시","150","30 - 34세","T10[14STD04553]","총전입[명]","명","6481","5674","6064","5636","6284","6153","4990","5670","7687","6525",
"47110","포항시","150","30 - 34세","T20[14STD04553]","총전출[명]","명","6824","6021","6454","5834","6433","5754","5290","5459","7303","6562",
"47110","포항시","160","35 - 39세","T10[14STD04553]","총전입[명]","명","4929","5093","5920","5538","6082","5426","3991","3660","4999","4022",
"47110","포항시","160","35 - 39세","T20[14STD04553]","총전출[명]","명","5152","5276","6011","5491","5984","5061","4156","3639","4662","3996",
"47130","경주시","120","20 - 24세","T10[14STD04553]","총전입[명]","명","2377","2335","2440","2348","2588","2735","2264","2272","2361","2623",
"47130","경주시","120","20 - 24세","T20[14STD04553]","총전출[명]","명","2987","2918","3039","3128","3563","3526","3186","2909","3150","3052",
"47130","경주시","130","25 - 29세","T10[14STD04553]","총전입[명]","명","2748","2722","3171","3193","3207","3413","2842","2939","3051","3462",
"47130","경주시","130","25 - 29세","T20[14STD04553]","총전출[명]","명","3204","3408","3656","3796","4010","3908","3363","3156","3339","3458",
"47130","경주시","150","30 - 34세","T10[14STD04553]","총전입[명]","명","2830","2895","2814","2672","2700","2832","2273","2506","2675","3038",
"47130","경주시","150","30 - 34세","T20[14STD04553]","총전출[명]","명","2951","3095","2854","2835","2873","2864","2278","2628","2805","2962",
"47130","경주시","160","35 - 39세","T10[14STD04553]","총전입[명]","명","2613","2728","2848","2857","2475","2564","1723","1849","1847","2107",
"47130","경주시","160","35 - 39세","T20[14STD04553]","총전출[명]","명","2552","2798","2828","2738","2451","2469","1655","1888","1888","1976",
"47150","김천시","120","20 - 24세","T10[14STD04553]","총전입[명]","명","1652","1551","1311","1546","1423","1537","1357","1191","1222","1227",
"47150","김천시","120","20 - 24세","T20[14STD04553]","총전출[명]","명","1938","1758","1686","1850","1902","1932","1893","1685","1807","1754",
"47150","김천시","130","25 - 29세","T10[14STD04553]","총전입[명]","명","2115","1992","1734","2087","1997","2193","1919","1714","1720","1761",
"47150","김천시","130","25 - 29세","T20[14STD04553]","총전출[명]","명","2110","2099","2184","2214","2317","2281","2049","1818","1833","1852",
"47150","김천시","150","30 - 34세","T10[14STD04553]","총전입[명]","명","2481","1853","1490","1746","1564","1591","1479","1325","1510","1399",
"47150","김천시","150","30 - 34세","T20[14STD04553]","총전출[명]","명","2199","1747","1703","1742","1653","1640","1386","1423","1642","1488",
"47150","김천시","160","35 - 39세","T10[14STD04553]","총전입[명]","명","2226","1768","1436","1729","1407","1333","1064","810","977","930",
"47150","김천시","160","35 - 39세","T20[14STD04553]","총전출[명]","명","1897","1628","1577","1670","1520","1323","1044","934","1053","985",
"47170","안동시","120","20 - 24세","T10[14STD04553]","총전입[명]","명","1943","1982","1875","1845","1936","1858","1702","1805","2733","2326",
"47170","안동시","120","20 - 24세","T20[14STD04553]","총전출[명]","명","2230","2456","2501","2243","2515","2183","2124","2044","2131","2483",
"47170","안동시","130","25 - 29세","T10[14STD04553]","총전입[명]","명","2033","1991","2121","2058","2704","2411","2041","2052","2358","2228",
"47170","안동시","130","25 - 29세","T20[14STD04553]","총전출[명]","명","2278","2337","2562","2395","2770","2716","2411","2227","2345","2406",
"47170","안동시","150","30 - 34세","T10[14STD04553]","총전입[명]","명","2095","2050","1801","1495","1896","1684","1362","1496","1763","1661",
"47170","안동시","150","30 - 34세","T20[14STD04553]","총전출[명]","명","2201","2200","2059","1712","1930","1735","1517","1571","1774","1704",
"47170","안동시","160","35 - 39세","T10[14STD04553]","총전입[명]","명","1929","2027","1858","1587","1833","1397","1046","1101","1150","985",
"47170","안동시","160","35 - 39세","T20[14STD04553]","총전출[명]","명","1933","2356","2258","1704","1790","1439","1111","1119","1167","985",
"47190","구미시","120","20 - 24세","T10[14STD04553]","총전입[명]","명","6098","6007","5344","5260","5355","5515","5718","5431","5752","5816",
"47190","구미시","120","20 - 24세","T20[14STD04553]","총전출[명]","명","6868","6541","5973","6360","6798","6682","6541","6219","6629","6546",
"47190","구미시","130","25 - 29세","T10[14STD04553]","총전입[명]","명","8125","8480","7936","8160","8626","8374","7676","7394","7830","7727",
"47190","구미시","130","25 - 29세","T20[14STD04553]","총전출[명]","명","8764","8453","8281","8789","9320","8589","7676","7481","7733","7869",
"47190","구미시","150","30 - 34세","T10[14STD04553]","총전입[명]","명","8417","8938","6943","7155","6797","6439","5305","5769","7161","6585",
"47190","구미시","150","30 - 34세","T20[14STD04553]","총전출[명]","명","8727","8584","7065","7233","6849","6580","5712","5831","7201","6556",
"47190","구미시","160","35 - 39세","T10[14STD04553]","총전입[명]","명","5656","7079","5565","5809","5679","4945","3842","3847","5093","4122",
"47190","구미시","160","35 - 39세","T20[14STD04553]","총전출[명]","명","5934","6919","5750","5966","5924","5260","4302","4113","5059","4151",
"47210","영주시","120","20 - 24세","T10[14STD04553]","총전입[명]","명","1036","986","900","888","877","1140","1100","1276","994","886",
"47210","영주시","120","20 - 24세","T20[14STD04553]","총전출[명]","명","1433","1320","1293","1230","1445","1445","1397","1413","1422","1431",
"47210","영주시","130","25 - 29세","T10[14STD04553]","총전입[명]","명","1116","957","1005","1023","1122","1292","1210","1202","1146","1170",
"47210","영주시","130","25 - 29세","T20[14STD04553]","총전출[명]","명","1397","1209","1341","1278","1455","1435","1375","1343","1288","1350",
"47210","영주시","150","30 - 34세","T10[14STD04553]","총전입[명]","명","1420","980","870","780","797","882","813","783","803","860",
"47210","영주시","150","30 - 34세","T20[14STD04553]","총전출[명]","명","1417","1070","968","903","928","899","827","784","931","940",
"47210","영주시","160","35 - 39세","T10[14STD04553]","총전입[명]","명","1442","1073","1049","854","861","903","711","559","505","624",
"47210","영주시","160","35 - 39세","T20[14STD04553]","총전출[명]","명","1365","1035","1092","932","966","872","670","550","550","612",
"47230","영천시","120","20 - 24세","T10[14STD04553]","총전입[명]","명","833","1019","1217","1505","1310","1374","989","950","1028","637",
"47230","영천시","120","20 - 24세","T20[14STD04553]","총전출[명]","명","956","953","1015","1348","1626","1624","1320","1141","1259","1062",
"47230","영천시","130","25 - 29세","T10[14STD04553]","총전입[명]","명","1108","1159","1315","1434","1409","1630","1181","1247","1136","887",
"47230","영천시","130","25 - 29세","T20[14STD04553]","총전출[명]","명","1236","1265","1323","1528","1703","1809","1431","1427","1377","1242",
"47230","영천시","150","30 - 34세","T10[14STD04553]","총전입[명]","명","1053","1042","1048","1183","1225","1292","1002","1002","920","834",
"47230","영천시","150","30 - 34세","T20[14STD04553]","총전출[명]","명","1122","1121","1072","1088","1291","1361","999","1134","1172","1055",
"47230","영천시","160","35 - 39세","T10[14STD04553]","총전입[명]","명","921","1081","1083","1154","1081","1144","785","730","649","570",
"47230","영천시","160","35 - 39세","T20[14STD04553]","총전출[명]","명","926","1074","1108","1141","1172","1123","785","790","814","748",
"47250","상주시","120","20 - 24세","T10[14STD04553]","총전입[명]","명","774","753","932","1070","814","902","864","718","686","719",
"47250","상주시","120","20 - 24세","T20[14STD04553]","총전출[명]","명","1009","1016","1120","1238","1651","1366","1107","1085","1186","1061",
"47250","상주시","130","25 - 29세","T10[14STD04553]","총전입[명]","명","918","885","964","1141","952","1052","873","799","881","852",
"47250","상주시","130","25 - 29세","T20[14STD04553]","총전출[명]","명","1159","1127","1158","1245","1536","1339","1091","963","1044","991",
"47250","상주시","150","30 - 34세","T10[14STD04553]","총전입[명]","명","919","898","855","888","788","842","695","629","659","616",
"47250","상주시","150","30 - 34세","T20[14STD04553]","총전출[명]","명","939","965","974","935","1058","947","690","660","734","644",
"47250","상주시","160","35 - 39세","T10[14STD04553]","총전입[명]","명","855","860","904","842","851","871","721","537","530","466",
"47250","상주시","160","35 - 39세","T20[14STD04553]","총전출[명]","명","864","862","862","807","919","892","616","494","567","521",
"47280","문경시","120","20 - 24세","T10[14STD04553]","총전입[명]","명","536","541","510","736","749","886","710","456","479","415",
"47280","문경시","120","20 - 24세","T20[14STD04553]","총전출[명]","명","904","846","849","907","1139","1132","993","840","815","750",
"47280","문경시","130","25 - 29세","T10[14STD04553]","총전입[명]","명","633","574","599","830","803","925","894","599","627","623",
"47280","문경시","130","25 - 29세","T20[14STD04553]","총전출[명]","명","896","777","862","849","977","1062","955","769","768","794",
"47280","문경시","150","30 - 34세","T10[14STD04553]","총전입[명]","명","727","627","599","725","695","692","631","478","480","440",
"47280","문경시","150","30 - 34세","T20[14STD04553]","총전출[명]","명","889","761","714","686","767","736","616","509","579","582",
"47280","문경시","160","35 - 39세","T10[14STD04553]","총전입[명]","명","702","587","616","734","669","688","570","406","389","328",
"47280","문경시","160","35 - 39세","T20[14STD04553]","총전출[명]","명","728","672","713","661","738","681","564","442","437","426",
"47290","경산시","120","20 - 24세","T10[14STD04553]","총전입[명]","명","3732","3811","3852","4165","4621","5176","5071","5585","6580","5924",
"47290","경산시","120","20 - 24세","T20[14STD04553]","총전출[명]","명","3519","3433","3521","3628","4231","4506","4200","4830","5385","5937",
"47290","경산시","130","25 - 29세","T10[14STD04553]","총전입[명]","명","4138","4357","4625","4797","5348","5683","4876","4521","4653","4102",
"47290","경산시","130","25 - 29세","T20[14STD04553]","총전출[명]","명","4266","4483","4802","5104","5690","5830","5296","5483","5479","5331",
"47290","경산시","150","30 - 34세","T10[14STD04553]","총전입[명]","명","4433","3874","3906","3611","3781","4299","3244","3578","4011","3161",
"47290","경산시","150","30 - 34세","T20[14STD04553]","총전출[명]","명","4476","4044","4009","3640","4055","4013","3530","3895","4112","3552",
"47290","경산시","160","35 - 39세","T10[14STD04553]","총전입[명]","명","3448","3455","3639","3384","3338","3607","2236","2358","2619","1903",
"47290","경산시","160","35 - 39세","T20[14STD04553]","총전출[명]","명","3578","3653","3609","3321","3501","3324","2500","2716","2713","2133",
"47720","군위군","120","20 - 24세","T10[14STD04553]","총전입[명]","명","157","155","208","172","145","137","149","0","0","0",
"47720","군위군","120","20 - 24세","T20[14STD04553]","총전출[명]","명","202","195","244","220","241","206","166","0","0","0",
"47720","군위군","130","25 - 29세","T10[14STD04553]","총전입[명]","명","172","175","235","208","179","180","209","0","0","0",
"47720","군위군","130","25 - 29세","T20[14STD04553]","총전출[명]","명","222","199","266","252","287","243","206","0","0","0",
"47720","군위군","150","30 - 34세","T10[14STD04553]","총전입[명]","명","175","168","188","151","125","113","142","0","0","0",
"47720","군위군","150","30 - 34세","T20[14STD04553]","총전출[명]","명","182","196","234","174","228","165","115","0","0","0",
"47720","군위군","160","35 - 39세","T10[14STD04553]","총전입[명]","명","162","161","160","171","130","134","141","0","0","0",
"47720","군위군","160","35 - 39세","T20[14STD04553]","총전출[명]","명","159","166","209","161","193","127","96","0","0","0",
"47730","의성군","120","20 - 24세","T10[14STD04553]","총전입[명]","명","295","275","308","336","295","238","227","256","168","190",
"47730","의성군","120","20 - 24세","T20[14STD04553]","총전출[명]","명","424","371","394","423","470","418","358","316","313","294",
"47730","의성군","130","25 - 29세","T10[14STD04553]","총전입[명]","명","345","340","425","446","444","393","387","413","279","293",
"47730","의성군","130","25 - 29세","T20[14STD04553]","총전출[명]","명","484","470","502","541","594","517","439","423","391","345",
"47730","의성군","150","30 - 34세","T10[14STD04553]","총전입[명]","명","344","283","320","407","345","285","331","320","278","287",
"47730","의성군","150","30 - 34세","T20[14STD04553]","총전출[명]","명","386","347","393","399","434","394","295","322","367","336",
"47730","의성군","160","35 - 39세","T10[14STD04553]","총전입[명]","명","310","287","323","326","322","243","259","274","213","215",
"47730","의성군","160","35 - 39세","T20[14STD04553]","총전출[명]","명","269","292","330","304","378","284","235","251","259","234",
"47750","청송군","120","20 - 24세","T10[14STD04553]","총전입[명]","명","178","142","162","146","135","116","125","100","96","122",
"47750","청송군","120","20 - 24세","T20[14STD04553]","총전출[명]","명","211","176","233","208","239","202","179","141","159","167",
"47750","청송군","130","25 - 29세","T10[14STD04553]","총전입[명]","명","208","187","206","210","197","247","196","197","206","214",
"47750","청송군","130","25 - 29세","T20[14STD04553]","총전출[명]","명","244","258","254","240","324","288","232","213","209","200",
"47750","청송군","150","30 - 34세","T10[14STD04553]","총전입[명]","명","237","183","142","177","205","181","173","160","188","161",
"47750","청송군","150","30 - 34세","T20[14STD04553]","총전출[명]","명","250","234","195","221","228","220","185","156","206","171",
"47750","청송군","160","35 - 39세","T10[14STD04553]","총전입[명]","명","188","172","164","173","161","156","131","137","115","128",
"47750","청송군","160","35 - 39세","T20[14STD04553]","총전출[명]","명","180","181","183","166","186","204","120","145","141","128",
"47760","영양군","120","20 - 24세","T10[14STD04553]","총전입[명]","명","86","74","100","72","67","72","62","64","68","155",
"47760","영양군","120","20 - 24세","T20[14STD04553]","총전출[명]","명","134","132","115","135","143","123","106","131","110","105",
"47760","영양군","130","25 - 29세","T10[14STD04553]","총전입[명]","명","130","100","108","107","115","108","88","96","117","186",
"47760","영양군","130","25 - 29세","T20[14STD04553]","총전출[명]","명","164","131","121","155","159","141","153","131","132","114",
"47760","영양군","150","30 - 34세","T10[14STD04553]","총전입[명]","명","98","86","92","102","101","87","80","60","64","138",
"47760","영양군","150","30 - 34세","T20[14STD04553]","총전출[명]","명","140","107","100","114","117","99","94","84","91","100",
"47760","영양군","160","35 - 39세","T10[14STD04553]","총전입[명]","명","119","76","99","105","100","81","72","57","60","96",
"47760","영양군","160","35 - 39세","T20[14STD04553]","총전출[명]","명","95","84","105","121","117","84","85","74","62","49",
"47770","영덕군","120","20 - 24세","T10[14STD04553]","총전입[명]","명","257","214","241","182","208","187","192","190","172","152",
"47770","영덕군","120","20 - 24세","T20[14STD04553]","총전출[명]","명","348","322","327","374","383","333","313","287","282","253",
"47770","영덕군","130","25 - 29세","T10[14STD04553]","총전입[명]","명","322","244","316","273","248","280","284","256","224","237",
"47770","영덕군","130","25 - 29세","T20[14STD04553]","총전출[명]","명","346","319","355","387","402","350","314","260","321","267",
"47770","영덕군","150","30 - 34세","T10[14STD04553]","총전입[명]","명","321","279","267","234","192","203","196","180","203","209",
"47770","영덕군","150","30 - 34세","T20[14STD04553]","총전출[명]","명","318","296","262","279","273","283","207","218","243","230",
"47770","영덕군","160","35 - 39세","T10[14STD04553]","총전입[명]","명","275","286","256","257","219","192","176","151","158","160",
"47770","영덕군","160","35 - 39세","T20[14STD04553]","총전출[명]","명","275","276","257","250","321","254","153","164","173","139",
"47820","청도군","120","20 - 24세","T10[14STD04553]","총전입[명]","명","265","275","286","248","207","213","213","223","173","166",
"47820","청도군","120","20 - 24세","T20[14STD04553]","총전출[명]","명","338","352","371","364","385","356","324","337","312","283",
"47820","청도군","130","25 - 29세","T10[14STD04553]","총전입[명]","명","318","321","361","351","346","349","326","261","261","237",
"47820","청도군","130","25 - 29세","T20[14STD04553]","총전출[명]","명","435","380","438","459","487","494","369","333","336","322",
"47820","청도군","150","30 - 34세","T10[14STD04553]","총전입[명]","명","330","298","292","303","261","258","276","230","222","251",
"47820","청도군","150","30 - 34세","T20[14STD04553]","총전출[명]","명","403","350","399","333","329","315","300","249","298","228",
"47820","청도군","160","35 - 39세","T10[14STD04553]","총전입[명]","명","309","325","302","369","285","320","238","221","187","186",
"47820","청도군","160","35 - 39세","T20[14STD04553]","총전출[명]","명","322","314","342","331","318","301","251","213","223","208",
"47830","고령군","120","20 - 24세","T10[14STD04553]","총전입[명]","명","222","224","238","195","231","198","181","163","153","163",
"47830","고령군","120","20 - 24세","T20[14STD04553]","총전출[명]","명","268","279","321","280","369","323","297","247","251","238",
"47830","고령군","130","25 - 29세","T10[14STD04553]","총전입[명]","명","254","273","260","292","203","243","281","231","267","211",
"47830","고령군","130","25 - 29세","T20[14STD04553]","총전출[명]","명","328","357","357","374","404","363","282","266","323","244",
"47830","고령군","150","30 - 34세","T10[14STD04553]","총전입[명]","명","266","240","205","210","196","180","189","177","252","167",
"47830","고령군","150","30 - 34세","T20[14STD04553]","총전출[명]","명","330","277","299","279","298","260","228","221","222","208",
"47830","고령군","160","35 - 39세","T10[14STD04553]","총전입[명]","명","238","232","196","226","190","171","187","174","227","192",
"47830","고령군","160","35 - 39세","T20[14STD04553]","총전출[명]","명","275","284","291","240","281","221","166","164","179","191",
"47840","성주군","120","20 - 24세","T10[14STD04553]","총전입[명]","명","329","375","374","324","349","267","226","202","181","167",
"47840","성주군","120","20 - 24세","T20[14STD04553]","총전출[명]","명","430","407","450","457","496","428","357","312","317","299",
"47840","성주군","130","25 - 29세","T10[14STD04553]","총전입[명]","명","439","435","481","443","464","398","349","309","266","269",
"47840","성주군","130","25 - 29세","T20[14STD04553]","총전출[명]","명","489","494","618","563","608","534","478","381","359","316",
"47840","성주군","150","30 - 34세","T10[14STD04553]","총전입[명]","명","428","373","367","348","362","341","281","301","261","265",
"47840","성주군","150","30 - 34세","T20[14STD04553]","총전출[명]","명","454","452","441","434","483","421","303","320","300","316",
"47840","성주군","160","35 - 39세","T10[14STD04553]","총전입[명]","명","390","354","385","343","351","267","251","248","226","166",
"47840","성주군","160","35 - 39세","T20[14STD04553]","총전출[명]","명","372","380","459","393","383","285","267","254","220","234",
"47850","칠곡군","120","20 - 24세","T10[14STD04553]","총전입[명]","명","1354","1024","934","955","954","1017","839","755","735","775",
"47850","칠곡군","120","20 - 24세","T20[14STD04553]","총전출[명]","명","1345","1383","1272","1320","1472","1408","1306","1232","1305","1179",
"47850","칠곡군","130","25 - 29세","T10[14STD04553]","총전입[명]","명","2035","1595","1470","1416","1423","1542","1372","1213","1088","1100",
"47850","칠곡군","130","25 - 29세","T20[14STD04553]","총전출[명]","명","1857","2045","1989","1868","2034","1731","1464","1416","1403","1358",
"47850","칠곡군","150","30 - 34세","T10[14STD04553]","총전입[명]","명","1917","1437","1332","1152","1257","1183","1075","1034","896","943",
"47850","칠곡군","150","30 - 34세","T20[14STD04553]","총전출[명]","명","1937","2032","1807","1699","1781","1364","1173","1217","1251","1201",
"47850","칠곡군","160","35 - 39세","T10[14STD04553]","총전입[명]","명","1330","1248","1160","1164","1203","1107","915","767","630","647",
"47850","칠곡군","160","35 - 39세","T20[14STD04553]","총전출[명]","명","1506","1638","1523","1412","1426","1170","1002","898","968","837",
"47900","예천군","120","20 - 24세","T10[14STD04553]","총전입[명]","명","325","452","571","463","480","392","406","323","355","328",
"47900","예천군","120","20 - 24세","T20[14STD04553]","총전출[명]","명","394","384","440","518","581","530","518","468","544","481",
"47900","예천군","130","25 - 29세","T10[14STD04553]","총전입[명]","명","383","541","739","661","682","666","737","549","547","560",
"47900","예천군","130","25 - 29세","T20[14STD04553]","총전출[명]","명","444","456","574","548","734","636","624","536","602","552",
"47900","예천군","150","30 - 34세","T10[14STD04553]","총전입[명]","명","595","684","846","685","761","597","605","510","505","531",
"47900","예천군","150","30 - 34세","T20[14STD04553]","총전출[명]","명","450","468","501","468","634","492","472","468","484","445",
"47900","예천군","160","35 - 39세","T10[14STD04553]","총전입[명]","명","607","925","1076","753","698","517","460","413","408","381",
"47900","예천군","160","35 - 39세","T20[14STD04553]","총전출[명]","명","316","427","483","496","615","468","422","358","352","358",
"47920","봉화군","120","20 - 24세","T10[14STD04553]","총전입[명]","명","185","183","154","146","184","153","164","120","127","115",
"47920","봉화군","120","20 - 24세","T20[14STD04553]","총전출[명]","명","248","248","244","271","332","306","271","224","244","191",
"47920","봉화군","130","25 - 29세","T10[14STD04553]","총전입[명]","명","246","190","229","193","195","188","196","196","150","193",
"47920","봉화군","130","25 - 29세","T20[14STD04553]","총전출[명]","명","313","274","291","288","306","302","239","231","209","225",
"47920","봉화군","150","30 - 34세","T10[14STD04553]","총전입[명]","명","229","200","177","167","147","153","137","138","107","120",
"47920","봉화군","150","30 - 34세","T20[14STD04553]","총전출[명]","명","242","248","231","217","210","206","176","155","147","161",
"47920","봉화군","160","35 - 39세","T10[14STD04553]","총전입[명]","명","242","193","197","184","168","133","122","122","107","122",
"47920","봉화군","160","35 - 39세","T20[14STD04553]","총전출[명]","명","236","229","231","217","213","167","147","117","123","138",
"47930","울진군","120","20 - 24세","T10[14STD04553]","총전입[명]","명","370","343","296","358","375","369","283","325","269","309",
"47930","울진군","120","20 - 24세","T20[14STD04553]","총전출[명]","명","469","465","455","498","564","536","479","458","434","401",
"47930","울진군","130","25 - 29세","T10[14STD04553]","총전입[명]","명","617","484","491","609","620","571","500","569","634","678",
"47930","울진군","130","25 - 29세","T20[14STD04553]","총전출[명]","명","518","580","569","637","651","627","524","532","554","643",
"47930","울진군","150","30 - 34세","T10[14STD04553]","총전입[명]","명","638","519","464","594","535","458","381","455","419","537",
"47930","울진군","150","30 - 34세","T20[14STD04553]","총전출[명]","명","572","559","521","608","591","525","437","465","424","504",
"47930","울진군","160","35 - 39세","T10[14STD04553]","총전입[명]","명","449","435","456","491","465","365","325","309","323","324",
"47930","울진군","160","35 - 39세","T20[14STD04553]","총전출[명]","명","478","511","536","538","507","421","357","296","346","302",
"47940","울릉군","120","20 - 24세","T10[14STD04553]","총전입[명]","명","153","115","101","101","87","95","104","92","91","59",
"47940","울릉군","120","20 - 24세","T20[14STD04553]","총전출[명]","명","149","130","124","121","111","100","93","83","75","81",
"47940","울릉군","130","25 - 29세","T10[14STD04553]","총전입[명]","명","138","131","153","160","145","171","203","168","196","140",
"47940","울릉군","130","25 - 29세","T20[14STD04553]","총전출[명]","명","184","164","170","165","200","167","167","169","188","190",
"47940","울릉군","150","30 - 34세","T10[14STD04553]","총전입[명]","명","187","153","169","107","94","108","113","126","138","142",
"47940","울릉군","150","30 - 34세","T20[14STD04553]","총전출[명]","명","179","160","183","168","143","135","103","118","159","150",
"47940","울릉군","160","35 - 39세","T10[14STD04553]","총전입[명]","명","113","167","146","147","104","125","115","126","126","103",
"47940","울릉군","160","35 - 39세","T20[14STD04553]","총전출[명]","명","150","133","137","144","145","129","97","107","110","121",
"48110","창원시","120","20 - 24세","T10[14STD04553]","총전입[명]","명","0","0","0","0","0","0","0","0","0","0",
"48110","창원시","120","20 - 24세","T20[14STD04553]","총전출[명]","명","0","0","0","0","0","0","0","0","0","0",
"48110","창원시","130","25 - 29세","T10[14STD04553]","총전입[명]","명","0","0","0","0","0","0","0","0","0","0",
"48110","창원시","130","25 - 29세","T20[14STD04553]","총전출[명]","명","0","0","0","0","0","0","0","0","0","0",
"48110","창원시","150","30 - 34세","T10[14STD04553]","총전입[명]","명","0","0","0","0","0","0","0","0","0","0",
"48110","창원시","150","30 - 34세","T20[14STD04553]","총전출[명]","명","0","0","0","0","0","0","0","0","0","0",
"48110","창원시","160","35 - 39세","T10[14STD04553]","총전입[명]","명","0","0","0","0","0","0","0","0","0","0",
"48110","창원시","160","35 - 39세","T20[14STD04553]","총전출[명]","명","0","0","0","0","0","0","0","0","0","0",
"48120","창원시","120","20 - 24세","T10[14STD04553]","총전입[명]","명","10673","10559","10317","10687","11841","11953","10707","9583","10393","10271",
"48120","창원시","120","20 - 24세","T20[14STD04553]","총전출[명]","명","12480","12766","12286","13452","14704","13912","13606","11896","12417","12236",
"48120","창원시","130","25 - 29세","T10[14STD04553]","총전입[명]","명","14278","14438","14505","15157","16591","16873","15272","13746","14561","15195",
"48120","창원시","130","25 - 29세","T20[14STD04553]","총전출[명]","명","15709","16290","16130","17209","18614","17907","16673","15141","15425","15688",
"48120","창원시","150","30 - 34세","T10[14STD04553]","총전입[명]","명","15925","15267","14180","13031","14597","13768","12330","11461","13352","14098",
"48120","창원시","150","30 - 34세","T20[14STD04553]","총전출[명]","명","16946","16162","14424","14047","15155","13738","12763","12502","13854","14553",
"48120","창원시","160","35 - 39세","T10[14STD04553]","총전입[명]","명","11898","13351","13040","12051","13457","11139","8499","7620","8717","9214",
"48120","창원시","160","35 - 39세","T20[14STD04553]","총전출[명]","명","12672","13779","12944","12610","13826","10831","8983","8347","8904","9384",
"48130","울산시","120","20 - 24세","T10[14STD04553]","총전입[명]","명","0","0","0","0","0","0","0","0","0","0",
"48130","울산시","120","20 - 24세","T20[14STD04553]","총전출[명]","명","0","0","0","0","0","0","0","0","0","0",
"48130","울산시","130","25 - 29세","T10[14STD04553]","총전입[명]","명","0","0","0","0","0","0","0","0","0","0",
"48130","울산시","130","25 - 29세","T20[14STD04553]","총전출[명]","명","0","0","0","0","0","0","0","0","0","0",
"48130","울산시","150","30 - 34세","T10[14STD04553]","총전입[명]","명","0","0","0","0","0","0","0","0","0","0",
"48130","울산시","150","30 - 34세","T20[14STD04553]","총전출[명]","명","0","0","0","0","0","0","0","0","0","0",
"48130","울산시","160","35 - 39세","T10[14STD04553]","총전입[명]","명","0","0","0","0","0","0","0","0","0","0",
"48130","울산시","160","35 - 39세","T20[14STD04553]","총전출[명]","명","0","0","0","0","0","0","0","0","0","0",
"48160","마산시","120","20 - 24세","T10[14STD04553]","총전입[명]","명","0","0","0","0","0","0","0","0","0","0",
"48160","마산시","120","20 - 24세","T20[14STD04553]","총전출[명]","명","0","0","0","0","0","0","0","0","0","0",
"48160","마산시","130","25 - 29세","T10[14STD04553]","총전입[명]","명","0","0","0","0","0","0","0","0","0","0",
"48160","마산시","130","25 - 29세","T20[14STD04553]","총전출[명]","명","0","0","0","0","0","0","0","0","0","0",
"48160","마산시","150","30 - 34세","T10[14STD04553]","총전입[명]","명","0","0","0","0","0","0","0","0","0","0",
"48160","마산시","150","30 - 34세","T20[14STD04553]","총전출[명]","명","0","0","0","0","0","0","0","0","0","0",
"48160","마산시","160","35 - 39세","T10[14STD04553]","총전입[명]","명","0","0","0","0","0","0","0","0","0","0",
"48160","마산시","160","35 - 39세","T20[14STD04553]","총전출[명]","명","0","0","0","0","0","0","0","0","0","0",
"48170","진주시","120","20 - 24세","T10[14STD04553]","총전입[명]","명","4262","4199","4164","4712","5336","5230","4927","4744","5362","5269",
"48170","진주시","120","20 - 24세","T20[14STD04553]","총전출[명]","명","4688","4669","4815","5130","5614","5493","5510","4925","5434","5546",
"48170","진주시","130","25 - 29세","T10[14STD04553]","총전입[명]","명","4959","4645","5113","5632","6369","6293","5471","4993","5265","5432",
"48170","진주시","130","25 - 29세","T20[14STD04553]","총전출[명]","명","5176","5003","5623","5780","6581","6558","6333","5690","5899","6144",
"48170","진주시","150","30 - 34세","T10[14STD04553]","총전입[명]","명","5445","4571","4518","4844","5130","4509","4116","3847","4845","4585",
"48170","진주시","150","30 - 34세","T20[14STD04553]","총전출[명]","명","5083","4566","4474","4709","4877","4405","4234","3972","4858","4798",
"48170","진주시","160","35 - 39세","T10[14STD04553]","총전입[명]","명","4646","4260","4411","4999","4625","3644","2841","2441","3060","2861",
"48170","진주시","160","35 - 39세","T20[14STD04553]","총전출[명]","명","3988","4049","4326","4492","4306","3440","2877","2553","3103","2860",
"48190","진해시","120","20 - 24세","T10[14STD04553]","총전입[명]","명","0","0","0","0","0","0","0","0","0","0",
"48190","진해시","120","20 - 24세","T20[14STD04553]","총전출[명]","명","0","0","0","0","0","0","0","0","0","0",
"48190","진해시","130","25 - 29세","T10[14STD04553]","총전입[명]","명","0","0","0","0","0","0","0","0","0","0",
"48190","진해시","130","25 - 29세","T20[14STD04553]","총전출[명]","명","0","0","0","0","0","0","0","0","0","0",
"48190","진해시","150","30 - 34세","T10[14STD04553]","총전입[명]","명","0","0","0","0","0","0","0","0","0","0",
"48190","진해시","150","30 - 34세","T20[14STD04553]","총전출[명]","명","0","0","0","0","0","0","0","0","0","0",
"48190","진해시","160","35 - 39세","T10[14STD04553]","총전입[명]","명","0","0","0","0","0","0","0","0","0","0",
"48190","진해시","160","35 - 39세","T20[14STD04553]","총전출[명]","명","0","0","0","0","0","0","0","0","0","0",
"48220","통영시","120","20 - 24세","T10[14STD04553]","총전입[명]","명","1257","995","1268","1132","1090","1068","1007","992","925","942",
"48220","통영시","120","20 - 24세","T20[14STD04553]","총전출[명]","명","1614","1519","1651","1684","1786","1755","1583","1482","1311","1286",
"48220","통영시","130","25 - 29세","T10[14STD04553]","총전입[명]","명","1549","1247","1466","1314","1249","1233","1192","1037","1113","1112",
"48220","통영시","130","25 - 29세","T20[14STD04553]","총전출[명]","명","1745","1603","1756","1655","1719","1644","1390","1302","1297","1290",
"48220","통영시","150","30 - 34세","T10[14STD04553]","총전입[명]","명","1984","1466","1455","1212","1098","993","926","839","833","957",
"48220","통영시","150","30 - 34세","T20[14STD04553]","총전출[명]","명","2095","1710","1680","1338","1312","1207","1027","945","942","1091",
"48220","통영시","160","35 - 39세","T10[14STD04553]","총전입[명]","명","1874","1453","1708","1456","1246","1110","826","751","700","760",
"48220","통영시","160","35 - 39세","T20[14STD04553]","총전출[명]","명","1990","1760","1991","1669","1486","1223","1008","810","804","808",
"48240","사천시","120","20 - 24세","T10[14STD04553]","총전입[명]","명","1088","1065","1087","978","1057","1052","1077","1115","1075","1122",
"48240","사천시","120","20 - 24세","T20[14STD04553]","총전출[명]","명","1296","1366","1289","1388","1496","1434","1378","1346","1386","1333",
"48240","사천시","130","25 - 29세","T10[14STD04553]","총전입[명]","명","1435","1417","1564","1503","1705","1609","1547","1567","1595","1670",
"48240","사천시","130","25 - 29세","T20[14STD04553]","총전출[명]","명","1496","1422","1541","1620","1833","1752","1518","1425","1435","1618",
"48240","사천시","150","30 - 34세","T10[14STD04553]","총전입[명]","명","1503","1360","1258","1169","1423","1188","1209","1313","1316","1370",
"48240","사천시","150","30 - 34세","T20[14STD04553]","총전출[명]","명","1627","1373","1297","1272","1506","1260","1206","1208","1345","1290",
"48240","사천시","160","35 - 39세","T10[14STD04553]","총전입[명]","명","1415","1409","1438","1292","1555","1105","1061","874","892","917",
"48240","사천시","160","35 - 39세","T20[14STD04553]","총전출[명]","명","1535","1382","1446","1519","1564","1108","1040","871","881","977",
"48250","김해시","120","20 - 24세","T10[14STD04553]","총전입[명]","명","5007","4917","4857","5914","5450","5520","5103","4782","4850","5100",
"48250","김해시","120","20 - 24세","T20[14STD04553]","총전출[명]","명","5949","5885","5861","7088","7225","7463","7162","6786","6617","6591",
"48250","김해시","130","25 - 29세","T10[14STD04553]","총전입[명]","명","6145","6715","6600","8417","7823","7605","7032","6728","6702","7222",
"48250","김해시","130","25 - 29세","T20[14STD04553]","총전출[명]","명","6290","6688","6819","8114","8320","8498","7744","7286","7123","7203",
"48250","김해시","150","30 - 34세","T10[14STD04553]","총전입[명]","명","7071","7328","6217","8490","6561","6368","5773","6194","6580","7443",
"48250","김해시","150","30 - 34세","T20[14STD04553]","총전출[명]","명","6777","6555","5689","6707","6223","6416","5562","5686","6286","6534",
"48250","김해시","160","35 - 39세","T10[14STD04553]","총전입[명]","명","5632","6574","5948","8858","6180","5161","4451","4302","4388","4955",
"48250","김해시","160","35 - 39세","T20[14STD04553]","총전출[명]","명","5701","6276","5493","7076","5805","5386","4236","3867","4076","4463",
"48270","밀양시","120","20 - 24세","T10[14STD04553]","총전입[명]","명","876","815","710","772","957","800","830","730","778","763",
"48270","밀양시","120","20 - 24세","T20[14STD04553]","총전출[명]","명","1085","1113","1074","1157","1390","1315","1107","1055","1129","959",
"48270","밀양시","130","25 - 29세","T10[14STD04553]","총전입[명]","명","1050","940","984","1105","1226","1139","1168","1001","1081","1042",
"48270","밀양시","130","25 - 29세","T20[14STD04553]","총전출[명]","명","1200","1227","1210","1344","1465","1353","1342","1136","1136","1138",
"48270","밀양시","150","30 - 34세","T10[14STD04553]","총전입[명]","명","1203","1023","846","951","959","833","885","845","914","900",
"48270","밀양시","150","30 - 34세","T20[14STD04553]","총전출[명]","명","1190","1116","1026","1087","1022","946","923","866","954","965",
"48270","밀양시","160","35 - 39세","T10[14STD04553]","총전입[명]","명","1055","906","931","1018","1035","824","812","732","637","592",
"48270","밀양시","160","35 - 39세","T20[14STD04553]","총전출[명]","명","1016","919","959","1078","1012","807","754","704","681","593",
"48310","거제시","120","20 - 24세","T10[14STD04553]","총전입[명]","명","2992","2493","2484","2206","2322","2237","1894","1873","2113","2063",
"48310","거제시","120","20 - 24세","T20[14STD04553]","총전출[명]","명","3476","3360","3361","3192","3557","3607","3359","3063","3161","2973",
"48310","거제시","130","25 - 29세","T10[14STD04553]","총전입[명]","명","5130","3868","3624","3198","3203","2938","2542","2676","3007","2957",
"48310","거제시","130","25 - 29세","T20[14STD04553]","총전출[명]","명","5178","4665","4241","3366","3528","3690","3109","2770","3058","2958",
"48310","거제시","150","30 - 34세","T10[14STD04553]","총전입[명]","명","5850","5189","4533","3081","2998","2609","2133","2102","2507","2225",
"48310","거제시","150","30 - 34세","T20[14STD04553]","총전출[명]","명","5898","5754","5194","3390","3230","2998","2550","2226","2428","2205",
"48310","거제시","160","35 - 39세","T10[14STD04553]","총전입[명]","명","4567","4481","4662","3333","3367","2907","2232","1919","2347","1755",
"48310","거제시","160","35 - 39세","T20[14STD04553]","총전출[명]","명","4494","5036","5346","3642","3643","3401","2721","2202","2285","1772",
"48330","양산시","120","20 - 24세","T10[14STD04553]","총전입[명]","명","3944","4173","3441","3360","3612","3574","2847","2726","3169","2793",
"48330","양산시","120","20 - 24세","T20[14STD04553]","총전출[명]","명","3339","3522","3325","3881","4102","4250","3812","3466","3747","3417",
"48330","양산시","130","25 - 29세","T10[14STD04553]","총전입[명]","명","5163","5763","5353","5126","5329","5482","4545","4392","4939","4498",
"48330","양산시","130","25 - 29세","T20[14STD04553]","총전출[명]","명","4060","4287","4500","5112","5490","5649","4977","4456","4661","4259",
"48330","양산시","150","30 - 34세","T10[14STD04553]","총전입[명]","명","6633","7434","5206","4540","4396","4718","3918","4416","5850","4476",
"48330","양산시","150","30 - 34세","T20[14STD04553]","총전출[명]","명","4596","4551","3896","4135","4410","4431","3909","4024","4805","3980",
"48330","양산시","160","35 - 39세","T10[14STD04553]","총전입[명]","명","5703","7048","4795","4407","4297","4065","3053","3030","4028","2788",
"48330","양산시","160","35 - 39세","T20[14STD04553]","총전출[명]","명","4170","4256","3703","4368","4449","3938","3062","2698","3409","2578",
"48720","의령군","120","20 - 24세","T10[14STD04553]","총전입[명]","명","215","180","198","145","200","154","136","106","136","107",
"48720","의령군","120","20 - 24세","T20[14STD04553]","총전출[명]","명","261","246","234","231","279","297","263","183","179","164",
"48720","의령군","130","25 - 29세","T10[14STD04553]","총전입[명]","명","206","240","238","222","250","229","209","165","185","199",
"48720","의령군","130","25 - 29세","T20[14STD04553]","총전출[명]","명","298","273","283","282","303","334","273","220","213","201",
"48720","의령군","150","30 - 34세","T10[14STD04553]","총전입[명]","명","215","184","189","165","166","143","146","123","154","115",
"48720","의령군","150","30 - 34세","T20[14STD04553]","총전출[명]","명","248","207","193","211","242","203","176","171","164","182",
"48720","의령군","160","35 - 39세","T10[14STD04553]","총전입[명]","명","214","181","209","168","163","160","152","126","100","107",
"48720","의령군","160","35 - 39세","T20[14STD04553]","총전출[명]","명","245","227","198","183","210","167","142","117","104","112",
"48730","함안군","120","20 - 24세","T10[14STD04553]","총전입[명]","명","546","518","432","406","435","415","356","306","296","306",
"48730","함안군","120","20 - 24세","T20[14STD04553]","총전출[명]","명","740","720","666","715","774","734","676","586","547","556",
"48730","함안군","130","25 - 29세","T10[14STD04553]","총전입[명]","명","647","624","559","514","525","523","498","488","436","486",
"48730","함안군","130","25 - 29세","T20[14STD04553]","총전출[명]","명","765","712","746","735","781","832","629","569","563","599",
"48730","함안군","150","30 - 34세","T10[14STD04553]","총전입[명]","명","655","549","499","436","441","408","371","408","373","363",
"48730","함안군","150","30 - 34세","T20[14STD04553]","총전출[명]","명","701","667","609","525","606","560","466","464","461","477",
"48730","함안군","160","35 - 39세","T10[14STD04553]","총전입[명]","명","644","591","552","511","469","372","334","295","268","249",
"48730","함안군","160","35 - 39세","T20[14STD04553]","총전출[명]","명","672","644","636","592","598","480","349","345","333","285",
"48740","창녕군","120","20 - 24세","T10[14STD04553]","총전입[명]","명","695","581","532","455","489","469","265","302","295","265",
"48740","창녕군","120","20 - 24세","T20[14STD04553]","총전출[명]","명","763","727","743","711","756","732","579","504","491","409",
"48740","창녕군","130","25 - 29세","T10[14STD04553]","총전입[명]","명","739","689","656","591","717","587","451","430","412","411",
"48740","창녕군","130","25 - 29세","T20[14STD04553]","총전출[명]","명","763","796","818","734","839","809","659","577","516","497",
"48740","창녕군","150","30 - 34세","T10[14STD04553]","총전입[명]","명","704","647","537","503","509","444","377","312","378","362",
"48740","창녕군","150","30 - 34세","T20[14STD04553]","총전출[명]","명","759","653","576","575","662","620","498","456","416","388",
"48740","창녕군","160","35 - 39세","T10[14STD04553]","총전입[명]","명","654","578","554","502","515","424","324","284","274","309",
"48740","창녕군","160","35 - 39세","T20[14STD04553]","총전출[명]","명","629","576","552","554","609","526","370","323","321","344",
"48760","양산군","120","20 - 24세","T10[14STD04553]","총전입[명]","명","0","0","0","0","0","0","0","0","0","0",
"48760","양산군","120","20 - 24세","T20[14STD04553]","총전출[명]","명","0","0","0","0","0","0","0","0","0","0",
"48760","양산군","130","25 - 29세","T10[14STD04553]","총전입[명]","명","0","0","0","0","0","0","0","0","0","0",
"48760","양산군","130","25 - 29세","T20[14STD04553]","총전출[명]","명","0","0","0","0","0","0","0","0","0","0",
"48760","양산군","150","30 - 34세","T10[14STD04553]","총전입[명]","명","0","0","0","0","0","0","0","0","0","0",
"48760","양산군","150","30 - 34세","T20[14STD04553]","총전출[명]","명","0","0","0","0","0","0","0","0","0","0",
"48760","양산군","160","35 - 39세","T10[14STD04553]","총전입[명]","명","0","0","0","0","0","0","0","0","0","0",
"48760","양산군","160","35 - 39세","T20[14STD04553]","총전출[명]","명","0","0","0","0","0","0","0","0","0","0",
"48820","고성군","120","20 - 24세","T10[14STD04553]","총전입[명]","명","328","300","305","301","310","312","357","228","222","226",
"48820","고성군","120","20 - 24세","T20[14STD04553]","총전출[명]","명","511","479","491","523","535","519","466","478","474","380",
"48820","고성군","130","25 - 29세","T10[14STD04553]","총전입[명]","명","364","383","366","389","377","431","441","324","343","295",
"48820","고성군","130","25 - 29세","T20[14STD04553]","총전출[명]","명","469","492","528","522","571","577","482","455","485","425",
"48820","고성군","150","30 - 34세","T10[14STD04553]","총전입[명]","명","447","354","322","263","280","254","248","223","213","223",
"48820","고성군","150","30 - 34세","T20[14STD04553]","총전출[명]","명","536","489","450","386","375","361","271","275","321","305",
"48820","고성군","160","35 - 39세","T10[14STD04553]","총전입[명]","명","389","369","382","281","308","255","282","183","192","186",
"48820","고성군","160","35 - 39세","T20[14STD04553]","총전출[명]","명","445","472","456","410","383","309","221","220","251","199",
"48840","남해군","120","20 - 24세","T10[14STD04553]","총전입[명]","명","285","327","269","311","300","263","268","265","213","340",
"48840","남해군","120","20 - 24세","T20[14STD04553]","총전출[명]","명","480","438","455","446","535","560","517","476","469","381",
"48840","남해군","130","25 - 29세","T10[14STD04553]","총전입[명]","명","269","298","312","316","370","331","310","284","277","417",
"48840","남해군","130","25 - 29세","T20[14STD04553]","총전출[명]","명","432","391","457","432","480","475","402","353","366","340",
"48840","남해군","150","30 - 34세","T10[14STD04553]","총전입[명]","명","241","265","252","210","235","221","244","195","179","278",
"48840","남해군","150","30 - 34세","T20[14STD04553]","총전출[명]","명","323","293","284","264","305","251","263","235","238","230",
"48840","남해군","160","35 - 39세","T10[14STD04553]","총전입[명]","명","262","265","254","260","238","262","209","170","141","201",
"48840","남해군","160","35 - 39세","T20[14STD04553]","총전출[명]","명","266","275","239","267","238","223","168","159","161","154",
"48850","하동군","120","20 - 24세","T10[14STD04553]","총전입[명]","명","524","508","366","416","307","278","217","191","171","183",
"48850","하동군","120","20 - 24세","T20[14STD04553]","총전출[명]","명","642","679","630","640","671","582","441","373","361","324",
"48850","하동군","130","25 - 29세","T10[14STD04553]","총전입[명]","명","535","540","424","440","345","308","314","274","271","268",
"48850","하동군","130","25 - 29세","T20[14STD04553]","총전출[명]","명","664","662","670","603","623","521","412","368","357","325",
"48850","하동군","150","30 - 34세","T10[14STD04553]","총전입[명]","명","466","386","301","319","268","229","211","193","221","202",
"48850","하동군","150","30 - 34세","T20[14STD04553]","총전출[명]","명","516","486","447","423","416","384","280","231","236","246",
"48850","하동군","160","35 - 39세","T10[14STD04553]","총전입[명]","명","387","363","321","299","246","219","206","184","141","176",
"48850","하동군","160","35 - 39세","T20[14STD04553]","총전출[명]","명","420","412","379","403","334","265","209","185","189","170",
"48860","산청군","120","20 - 24세","T10[14STD04553]","총전입[명]","명","278","336","256","249","253","230","192","165","165","139",
"48860","산청군","120","20 - 24세","T20[14STD04553]","총전출[명]","명","314","334","329","386","379","363","299","269","294","254",
"48860","산청군","130","25 - 29세","T10[14STD04553]","총전입[명]","명","283","318","270","276","266","281","219","242","210","203",
"48860","산청군","130","25 - 29세","T20[14STD04553]","총전출[명]","명","296","330","380","422","388","411","327","258","286","248",
"48860","산청군","150","30 - 34세","T10[14STD04553]","총전입[명]","명","293","277","229","216","223","195","182","172","154","147",
"48860","산청군","150","30 - 34세","T20[14STD04553]","총전출[명]","명","325","286","283","289","305","251","183","176","180","196",
"48860","산청군","160","35 - 39세","T10[14STD04553]","총전입[명]","명","266","282","228","177","191","169","156","136","142","133",
"48860","산청군","160","35 - 39세","T20[14STD04553]","총전출[명]","명","273","257","264","244","242","215","162","160","146","147",
"48870","함양군","120","20 - 24세","T10[14STD04553]","총전입[명]","명","287","291","376","314","256","262","214","166","179","179",
"48870","함양군","120","20 - 24세","T20[14STD04553]","총전출[명]","명","400","371","470","416","488","441","417","346","349","324",
"48870","함양군","130","25 - 29세","T10[14STD04553]","총전입[명]","명","343","340","379","335","302","309","287","251","243","263",
"48870","함양군","130","25 - 29세","T20[14STD04553]","총전출[명]","명","360","416","409","409","452","459","390","319","331","296",
"48870","함양군","150","30 - 34세","T10[14STD04553]","총전입[명]","명","273","289","256","229","212","212","200","150","157","193",
"48870","함양군","150","30 - 34세","T20[14STD04553]","총전출[명]","명","323","298","287","295","239","272","219","205","203","214",
"48870","함양군","160","35 - 39세","T10[14STD04553]","총전입[명]","명","258","260","309","241","230","212","158","125","138","134",
"48870","함양군","160","35 - 39세","T20[14STD04553]","총전출[명]","명","264","279","299","244","228","218","155","139","133","156",
"48880","거창군","120","20 - 24세","T10[14STD04553]","총전입[명]","명","442","358","424","596","545","524","460","558","437","456",
"48880","거창군","120","20 - 24세","T20[14STD04553]","총전출[명]","명","653","605","665","725","958","921","843","855","784","735",
"48880","거창군","130","25 - 29세","T10[14STD04553]","총전입[명]","명","426","432","472","453","479","545","461","540","483","563",
"48880","거창군","130","25 - 29세","T20[14STD04553]","총전출[명]","명","562","611","639","618","657","667","569","601","588","589",
"48880","거창군","150","30 - 34세","T10[14STD04553]","총전입[명]","명","447","369","399","341","354","367","303","314","369","400",
"48880","거창군","150","30 - 34세","T20[14STD04553]","총전출[명]","명","427","380","390","368","394","402","323","292","354","363",
"48880","거창군","160","35 - 39세","T10[14STD04553]","총전입[명]","명","366","308","399","323","265","323","281","238","282","246",
"48880","거창군","160","35 - 39세","T20[14STD04553]","총전출[명]","명","334","311","349","329","283","270","259","228","227","240",
"48890","합천군","120","20 - 24세","T10[14STD04553]","총전입[명]","명","312","274","261","281","279","216","184","182","170","141",
"48890","합천군","120","20 - 24세","T20[14STD04553]","총전출[명]","명","539","445","415","391","528","441","345","335","294","293",
"48890","합천군","130","25 - 29세","T10[14STD04553]","총전입[명]","명","311","288","355","307","326","328","286","276","279","268",
"48890","합천군","130","25 - 29세","T20[14STD04553]","총전출[명]","명","440","448","454","420","490","459","329","354","351","316",
"48890","합천군","150","30 - 34세","T10[14STD04553]","총전입[명]","명","303","294","240","226","237","225","191","183","191","194",
"48890","합천군","150","30 - 34세","T20[14STD04553]","총전출[명]","명","423","350","378","258","322","302","257","227","201","248",
"48890","합천군","160","35 - 39세","T10[14STD04553]","총전입[명]","명","309","276","278","225","238","176","172","155","150","170",
"48890","합천군","160","35 - 39세","T20[14STD04553]","총전출[명]","명","357","356","304","278","284","211","178","158","165","193",
"50110","제주시","120","20 - 24세","T10[14STD04553]","총전입[명]","명","5629","5512","5844","5674","6165","5421","5153","4690","4727","4493",
"50110","제주시","120","20 - 24세","T20[14STD04553]","총전출[명]","명","5620","5584","5934","6101","6629","6419","6007","5668","5698","5504",
"50110","제주시","130","25 - 29세","T10[14STD04553]","총전입[명]","명","6736","6914","7715","7950","8660","8518","7868","7334","7173","7183",
"50110","제주시","130","25 - 29세","T20[14STD04553]","총전출[명]","명","6274","6610","7312","7653","8475","8546","8107","7713","7670","7498",
"50110","제주시","150","30 - 34세","T10[14STD04553]","총전입[명]","명","8685","7740","7617","6785","7088","6703","6294","6426","6972","6959",
"50110","제주시","150","30 - 34세","T20[14STD04553]","총전출[명]","명","7536","6755","6708","6253","6471","6244","5887","6282","6922","6930",
"50110","제주시","160","35 - 39세","T10[14STD04553]","총전입[명]","명","8602","8199","8593","7548","7590","6853","5880","5044","4970","4630",
"50110","제주시","160","35 - 39세","T20[14STD04553]","총전출[명]","명","7201","7043","7387","6810","6984","6222","5286","4926","4898","4624",
"50130","서귀포시","120","20 - 24세","T10[14STD04553]","총전입[명]","명","1945","2381","1986","1823","1800","1741","1664","1511","1496","1329",
"50130","서귀포시","120","20 - 24세","T20[14STD04553]","총전출[명]","명","1891","2085","2081","2262","2278","2114","2019","1930","2025","1908",
"50130","서귀포시","130","25 - 29세","T10[14STD04553]","총전입[명]","명","2157","2850","2585","2430","2528","2630","2522","2405","2376","2163",
"50130","서귀포시","130","25 - 29세","T20[14STD04553]","총전출[명]","명","2022","2400","2658","2890","2949","2702","2584","2631","2545","2456",
"50130","서귀포시","150","30 - 34세","T10[14STD04553]","총전입[명]","명","2898","3001","2530","2189","2245","2326","2126","2061","2128","1962",
"50130","서귀포시","150","30 - 34세","T20[14STD04553]","총전출[명]","명","2226","2359","2276","2200","2242","2109","2078","2172","2303","2158",
"50130","서귀포시","160","35 - 39세","T10[14STD04553]","총전입[명]","명","3096","3590","3259","2946","2857","2769","2425","2081","1817","1613",
"50130","서귀포시","160","35 - 39세","T20[14STD04553]","총전출[명]","명","2276","2575","2698","2733","2513","2365","1982","1997","1756","1700",
"50910","북제주군","120","20 - 24세","T10[14STD04553]","총전입[명]","명","0","0","0","0","0","0","0","0","0","0",
"50910","북제주군","120","20 - 24세","T20[14STD04553]","총전출[명]","명","0","0","0","0","0","0","0","0","0","0",
"50910","북제주군","130","25 - 29세","T10[14STD04553]","총전입[명]","명","0","0","0","0","0","0","0","0","0","0",
"50910","북제주군","130","25 - 29세","T20[14STD04553]","총전출[명]","명","0","0","0","0","0","0","0","0","0","0",
"50910","북제주군","150","30 - 34세","T10[14STD04553]","총전입[명]","명","0","0","0","0","0","0","0","0","0","0",
"50910","북제주군","150","30 - 34세","T20[14STD04553]","총전출[명]","명","0","0","0","0","0","0","0","0","0","0",
"50910","북제주군","160","35 - 39세","T10[14STD04553]","총전입[명]","명","0","0","0","0","0","0","0","0","0","0",
"50910","북제주군","160","35 - 39세","T20[14STD04553]","총전출[명]","명","0","0","0","0","0","0","0","0","0","0",
"50920","남제주군","120","20 - 24세","T10[14STD04553]","총전입[명]","명","0","0","0","0","0","0","0","0","0","0",
"50920","남제주군","120","20 - 24세","T20[14STD04553]","총전출[명]","명","0","0","0","0","0","0","0","0","0","0",
"50920","남제주군","130","25 - 29세","T10[14STD04553]","총전입[명]","명","0","0","0","0","0","0","0","0","0","0",
"50920","남제주군","130","25 - 29세","T20[14STD04553]","총전출[명]","명","0","0","0","0","0","0","0","0","0","0",
"50920","남제주군","150","30 - 34세","T10[14STD04553]","총전입[명]","명","0","0","0","0","0","0","0","0","0","0",
"50920","남제주군","150","30 - 34세","T20[14STD04553]","총전출[명]","명","0","0","0","0","0","0","0","0","0","0",
"50920","남제주군","160","35 - 39세","T10[14STD04553]","총전입[명]","명","0","0","0","0","0","0","0","0","0","0",
"50920","남제주군","160","35 - 39세","T20[14STD04553]","총전출[명]","명","0","0","0","0","0","0","0","0","0","0",
